pincode,district,state,latitude,longitude
110001,New Delhi,Delhi,28.6205,77.2129
110002,Central,Delhi,28.6339,77.2419
110003,South East,Delhi,28.5870,77.2274
110004,New Delhi,Delhi,28.6211,77.1961
110005,Central,Delhi,28.6536,77.1918
110006,Central,Delhi,28.6507,77.2256
110007,North,Delhi,28.6785,77.2061
110008,West,Delhi,28.6454,77.1697
110009,North,Delhi,28.7063,77.2021
110010,New Delhi,Delhi,28.5845,77.1364
110011,New Delhi,Delhi,28.6110,77.2138
110012,West,Delhi,28.6369,77.1660
110013,South East,Delhi,28.5912,77.2423
110014,South,Delhi,28.5819,77.2516
110015,West,Delhi,28.6592,77.1356
110016,South,Delhi,28.5459,77.1991
110017,South,Delhi,28.5317,77.2146
110018,West,Delhi,28.6464,77.0991
110019,South East,Delhi,28.5417,77.2559
110020,South East,Delhi,28.5505,77.2613
110021,New Delhi,Delhi,28.5887,77.1688
110022,New Delhi,Delhi,28.5630,77.1725
110023,New Delhi,Delhi,28.5739,77.2072
110024,South East,Delhi,28.5741,77.2423
110025,South East,Delhi,28.5614,77.2788
110026,West,Delhi,28.6696,77.1377
110027,West,Delhi,28.6427,77.1178
110028,New Delhi,Delhi,28.6313,77.1369
110029,South,Delhi,28.5686,77.1957
110030,South,Delhi,28.5176,77.1794
110031,Shahdara,Delhi,28.6628,77.2677
110032,Shahdara,Delhi,28.6739,77.2946
110033,North,Delhi,28.7274,77.1742
110034,North West,Delhi,28.6973,77.1367
110035,North West,Delhi,28.6754,77.1579
110036,North,Delhi,28.7978,77.1300
110037,New Delhi,Delhi,28.5400,77.1155
110038,New Delhi,Delhi,28.5197,77.1199
110039,North,Delhi,28.7997,77.0381
110040,North West,Delhi,28.8508,77.0881
110041,West,Delhi,28.6764,77.0378
110042,North,Delhi,28.7441,77.1450
110043,South West,Delhi,28.5999,76.9734
110044,South,Delhi,28.5300,77.2125
110045,South West,Delhi,28.5968,77.0900
110046,New Delhi,Delhi,28.6111,77.1059
110047,South,Delhi,28.4699,77.1290
110048,South East,Delhi,28.5438,77.2392
110049,South East,Delhi,28.5598,77.2156
110051,Shahdara,Delhi,28.6690,77.3020
110052,North,Delhi,28.6864,77.1767
110053,North East,Delhi,28.6872,77.2706
110054,Central,Delhi,28.6976,77.2229
110055,Central,Delhi,28.6425,77.2023
110056,North West,Delhi,28.6827,77.1111
110057,New Delhi,Delhi,28.5629,77.1576
110058,West,Delhi,28.6241,77.0966
110059,West,Delhi,28.6192,77.0517
110060,Central,Delhi,28.6367,77.1831
110061,New Delhi,Delhi,28.5400,77.0500
110062,South,Delhi,28.5201,77.2398
110063,West,Delhi,28.6687,77.1088
110064,West,Delhi,28.6268,77.1167
110065,South East,Delhi,28.5587,77.2513
110066,New Delhi,Delhi,28.5626,77.1781
110067,New Delhi,Delhi,28.5508,77.1762
110068,South,Delhi,28.5012,77.2003
110069,New Delhi,Delhi,28.6226,77.2127
110070,New Delhi,Delhi,28.5200,77.1579
110071,South West,Delhi,28.5462,76.9902
110072,South West,Delhi,28.6526,76.9565
110073,South West,Delhi,28.5709,76.9077
110074,South,Delhi,28.5073,77.1846
110075,South West,Delhi,28.5807,77.0496
110076,South,Delhi,28.5300,77.3000
110077,South West,Delhi,28.5695,77.0607
110078,South West,Delhi,28.6102,77.0377
110080,South,Delhi,28.5038,77.2424
110081,North West,Delhi,28.7349,77.0056
110082,North,Delhi,28.7722,77.1190
110083,North West,Delhi,28.6938,77.0889
110084,Central,Delhi,28.7572,77.1978
110085,North West,Delhi,28.7119,77.1247
110086,North West,Delhi,28.7016,77.0797
110087,West,Delhi,28.6797,77.0882
110088,North,Delhi,28.6934,77.1714
110089,North West,Delhi,28.7348,77.1325
110090,North East,Delhi,28.6923,77.3042
110091,East,Delhi,28.6144,77.3042
110092,East,Delhi,28.6436,77.3042
110093,North East,Delhi,28.6937,77.3046
110094,North East,Delhi,28.6923,77.3042
110095,Shahdara,Delhi,28.6800,77.3165
110096,East,Delhi,28.6178,77.3296
110097,South West,Delhi,28.5249,77.0710
110099,North West,Delhi,28.7206,77.0809
110110,North West,Delhi,28.7158,77.1100
121001,Faridabad,Haryana,28.3876,77.2999
121002,Faridabad,Haryana,28.4067,77.3240
121003,Faridabad,Haryana,28.4216,77.3209
121004,Faridabad,Haryana,28.3434,77.3229
121005,Faridabad,Haryana,28.3807,77.2944
121006,Faridabad,Haryana,28.3692,77.3238
121007,Faridabad,Haryana,28.3833,77.3259
121008,Faridabad,Haryana,28.3918,77.3021
121009,Faridabad,Haryana,28.4881,77.2946
121010,Faridabad,Haryana,28.4391,77.3009
121012,Faridabad,Haryana,28.3918,77.3021
121013,Faridabad,Haryana,28.3918,77.3021
121014,Faridabad,Haryana,28.4726,77.4848
121015,Faridabad,Haryana,28.3453,77.2965
121101,Faridabad,Haryana,28.3751,77.4178
121102,Palwal,Haryana,28.1929,77.2928
121103,Palwal,Haryana,28.0511,77.1888
121105,Palwal,Haryana,28.0364,77.3351
121106,Palwal,Haryana,27.9334,77.3238
121107,Palwal,Haryana,27.9851,77.4620
122001,Gurugram,Haryana,28.4611,77.0218
122002,Gurugram,Haryana,28.4661,77.1058
122003,Gurugram,Haryana,28.4465,77.0736
122004,Gurugram,Haryana,28.4139,76.9932
122005,Gurugram,Haryana,28.5056,77.0711
122006,Gurugram,Haryana,28.4856,77.0091
122007,Gurugram,Haryana,28.4620,77.0316
122008,Gurugram,Haryana,28.4620,77.0316
122009,Gurugram,Haryana,28.3409,76.7562
122010,Gurugram,Haryana,28.4661,77.1058
122011,Gurugram,Haryana,28.4620,77.0316
122012,Gurugram,Haryana,28.4139,76.9932
122015,Gurugram,Haryana,28.4974,77.0631
122016,Gurugram,Haryana,28.4966,77.0853
122017,Gurugram,Haryana,28.4846,77.0316
122018,Gurugram,Haryana,28.4620,77.0316
122051,Gurugram,Haryana,28.3431,76.9402
122052,Gurugram,Haryana,28.3420,76.9365
122098,Gurugram,Haryana,28.3914,77.0512
122101,Gurugram,Haryana,28.3914,77.0512
122102,Gurugram,Haryana,28.3522,77.0647
122103,Gurugram,Haryana,28.2485,77.0658
122104,Nuh,Haryana,27.7873,76.9465
122105,Nuh,Haryana,28.2131,76.9547
122107,Nuh,Haryana,28.0959,77.0017
122108,Nuh,Haryana,27.9204,76.9845
122413,Gurugram,Haryana,,
122414,Gurugram,Haryana,28.2717,76.7409
122502,Rewari,Haryana,28.2930,76.6973
122503,Gurugram,Haryana,28.3257,76.7778
122504,Gurugram,Haryana,28.4670,77.0812
122505,Gurugram,Haryana,28.4216,76.9143
122506,Gurugram,Haryana,28.4468,76.8257
122508,Nuh,Haryana,27.8247,77.1771
123001,Mahendragarh,Haryana,28.0441,76.1181
123021,Mahendragarh,Haryana,28.1009,76.2532
123023,Mahendragarh,Haryana,27.8925,76.1105
123024,Mahendragarh,Haryana,28.3788,75.9647
123027,Mahendragarh,Haryana,28.3364,76.3065
123028,Mahendragarh,Haryana,28.1918,76.1306
123029,Mahendragarh,Haryana,28.2581,76.1392
123031,Mahendragarh,Haryana,28.2710,76.1494
123034,Mahendragarh,Haryana,28.2586,76.2277
123035,Rewari,Haryana,28.3562,76.6238
123101,Rewari,Haryana,28.2013,76.4859
123102,Rewari,Haryana,28.1459,76.3947
123103,Rewari,Haryana,28.1969,76.3976
123106,Rewari,Haryana,28.2314,76.8014
123110,Rewari,Haryana,,
123301,Rewari,Haryana,28.3598,76.5353
123302,Rewari,Haryana,28.3992,76.4837
123303,Rewari,Haryana,28.4094,76.3970
123401,Rewari,Haryana,28.2027,76.6170
123411,Rewari,Haryana,28.2954,76.3838
123412,Rewari,Haryana,28.0973,76.5156
123501,Rewari,Haryana,28.0699,76.5799
124001,Rohtak,Haryana,28.8820,76.5881
124010,Rohtak,Haryana,28.7337,76.7463
124021,Rohtak,Haryana,28.4530,76.3785
124022,Rohtak,Haryana,28.6716,76.7481
124102,Jhajjar,Haryana,28.7600,76.9318
124103,Jhajjar,Haryana,28.6411,76.6393
124104,Jhajjar,Haryana,28.7085,76.7178
124105,Jhajjar,Haryana,28.5972,76.8240
124106,Jhajjar,Haryana,28.7359,76.5105
124107,Jhajjar,Haryana,28.6716,76.8240
124108,Jhajjar,Haryana,28.7359,76.5105
124109,Jhajjar,Haryana,28.5068,76.5701
124111,Rohtak,Haryana,28.7359,76.5105
124112,Rohtak,Haryana,28.5763,76.4305
124113,Rohtak,Haryana,28.6056,76.6200
124141,Jhajjar,Haryana,28.8956,76.5925
124142,Jhajjar,Haryana,28.5021,76.3454
124146,Jhajjar,Haryana,28.6716,76.7481
124201,Jhajjar,Haryana,28.7085,76.5627
124202,Jhajjar,Haryana,28.6841,76.5541
124303,Rohtak,Haryana,28.6812,76.5105
124401,Rohtak,Haryana,28.7254,76.5810
124404,Rohtak,Haryana,28.6581,76.8633
124406,Rohtak,Haryana,28.7359,76.6200
124411,Rohtak,Haryana,28.4530,76.3785
124412,Rohtak,Haryana,28.6707,76.5653
124501,Rohtak,Haryana,28.6350,76.8240
124504,Jhajjar,Haryana,28.6716,76.7534
124505,Jhajjar,Haryana,28.7586,76.8669
124506,Jhajjar,Haryana,28.7085,76.9027
124507,Jhajjar,Haryana,28.6812,76.9027
124508,Jhajjar,Haryana,28.6719,76.8726
124513,Rohtak,Haryana,29.0100,76.3782
124514,Rohtak,Haryana,28.7359,76.5105
125001,Hisar,Haryana,29.1594,75.7232
125004,Hisar,Haryana,29.5082,75.4535
125005,Hisar,Haryana,29.1323,75.7426
125006,Hisar,Haryana,29.1123,75.8184
125007,Hisar,Haryana,29.1494,75.5658
125011,Hisar,Haryana,29.2046,75.6888
125033,Hisar,Haryana,29.0977,75.9688
125037,Hisar,Haryana,28.9449,75.8261
125038,Hisar,Haryana,29.1899,76.2246
125039,Hisar,Haryana,29.2246,76.1388
125042,Hisar,Haryana,29.1087,75.5513
125044,Hisar,Haryana,29.1288,75.7845
125047,Hisar,Haryana,29.3384,75.6884
125048,Fatehabad,Haryana,29.4166,75.5487
125049,Hisar,Haryana,29.1594,75.5713
125050,Fatehabad,Haryana,29.5082,75.4535
125051,Fatehabad,Haryana,29.6853,75.5763
125052,Hisar,Haryana,,
125053,Fatehabad,Haryana,29.3852,75.3373
125054,Sirsa,Haryana,29.5461,75.2148
125055,Sirsa,Haryana,29.5348,75.0321
125056,Sirsa,Haryana,29.5348,75.0321
125058,Sirsa,Haryana,29.4503,75.1193
125060,Sirsa,Haryana,29.5457,75.1141
125075,Sirsa,Haryana,29.5275,74.7395
125076,Sirsa,Haryana,29.5236,74.8406
125077,Sirsa,Haryana,29.7654,74.8993
125078,Sirsa,Haryana,29.6994,75.0066
125101,Sirsa,Haryana,,
125102,Sirsa,Haryana,29.4491,74.6629
125103,Sirsa,Haryana,29.7832,74.7477
125104,Sirsa,Haryana,,
125106,Fatehabad,Haryana,29.6746,75.7301
125110,Sirsa,Haryana,29.3710,75.1261
125111,Fatehabad,Haryana,,
125112,Hisar,Haryana,29.5743,75.7863
125113,Hisar,Haryana,,
125120,Fatehabad,Haryana,29.7209,75.9025
125121,Hisar,Haryana,29.3298,75.9268
125133,Fatehabad,Haryana,29.8090,75.8233
125201,Sirsa,Haryana,29.8268,74.9754
126101,Jind,Haryana,,
126102,Jind,Haryana,29.3140,76.3098
126110,Jind,Haryana,29.3804,76.4505
126111,Jind,Haryana,29.4657,76.4548
126112,Jind,Haryana,29.3999,76.5555
126113,Jind,Haryana,,
126114,Jind,Haryana,29.5903,76.1099
126115,Jind,Haryana,29.4673,76.1809
126116,Jind,Haryana,29.5903,76.1099
126125,Jind,Haryana,29.4318,76.3721
126152,Jind,Haryana,29.5903,76.1099
127021,Bhiwani,Haryana,28.7752,75.9928
127022,Charki Dadri,Haryana,28.4614,76.2609
127025,Charki Dadri,Haryana,28.7784,76.3418
127026,Charki Dadri,Haryana,28.5997,76.1517
127027,Bhiwani,Haryana,28.8837,76.2392
127028,Bhiwani,Haryana,28.6296,75.6179
127029,Bhiwani,Haryana,28.6995,75.8708
127030,Bhiwani,Haryana,28.6358,75.9434
127031,Bhiwani,Haryana,28.8620,76.1407
127032,Bhiwani,Haryana,28.9449,76.0334
127035,Bhiwani,Haryana,28.9639,75.9565
127040,Bhiwani,Haryana,28.8725,75.9144
127041,Bhiwani,Haryana,28.9734,76.1958
127042,Charki Dadri,Haryana,28.7129,76.2911
127043,Bhiwani,Haryana,28.7218,75.7664
127045,Bhiwani,Haryana,28.9648,75.6063
127046,Bhiwani,Haryana,28.9084,75.6121
127111,Bhiwani,Haryana,28.8199,76.0653
127114,Bhiwani,Haryana,28.8280,76.3087
127201,Bhiwani,Haryana,28.4267,75.8040
127306,Charki Dadri,Haryana,28.5921,76.2653
127307,Charki Dadri,Haryana,28.6745,76.3707
127308,Charki Dadri,Haryana,28.5094,75.9376
127309,Bhiwani,Haryana,28.7084,76.2200
127310,Charki Dadri,Haryana,28.5216,76.1508
127311,Bhiwani,Haryana,28.7158,76.1414
127312,Charki Dadri,Haryana,28.5074,76.0695
131001,Sonipat,Haryana,29.0100,76.9600
131021,Sonipat,Haryana,28.9600,77.0800
131022,Sonipat,Haryana,28.9927,77.0180
131023,Sonipat,Haryana,29.0500,76.9100
131024,Sonipat,Haryana,29.0600,76.9000
131027,Sonipat,Haryana,29.0300,77.0700
131028,Sonipat,Haryana,29.0500,76.9100
131029,Sonipat,Haryana,28.9800,77.1000
131030,Sonipat,Haryana,,
131039,Sonipat,Haryana,29.0200,77.0600
131101,Sonipat,Haryana,29.1300,77.0100
131102,Sonipat,Haryana,29.0400,77.0223
131103,Sonipat,Haryana,28.8800,77.1000
131301,Sonipat,Haryana,29.1300,76.6900
131302,Sonipat,Haryana,29.1800,76.6200
131304,Sonipat,Haryana,29.1400,77.0400
131305,Sonipat,Haryana,29.2000,76.6100
131306,Sonipat,Haryana,29.2000,76.7700
131402,Sonipat,Haryana,28.8700,76.9100
131403,Sonipat,Haryana,28.9927,76.9400
131408,Sonipat,Haryana,28.9800,76.8100
131409,Sonipat,Haryana,29.4400,77.0000
132001,Karnal,Haryana,29.6933,76.9849
132022,Karnal,Haryana,29.7176,77.0783
132023,Karnal,Haryana,29.6874,76.9907
132024,Karnal,Haryana,29.3960,76.9606
132036,Karnal,Haryana,29.5176,76.8699
132037,Karnal,Haryana,29.3960,76.9606
132039,Karnal,Haryana,29.5212,76.6070
132040,Karnal,Haryana,29.5054,76.7852
132041,Karnal,Haryana,29.7147,77.0540
132046,Karnal,Haryana,29.5053,76.7146
132054,Karnal,Haryana,29.9112,77.1550
132101,Panipat,Haryana,29.2447,77.0093
132102,Panipat,Haryana,29.2117,77.2352
132103,Panipat,Haryana,29.3876,76.9639
132104,Panipat,Haryana,29.3712,76.9750
132105,Panipat,Haryana,29.3927,76.9650
132106,Panipat,Haryana,29.3621,76.9723
132107,Panipat,Haryana,29.2734,76.8505
132108,Panipat,Haryana,29.3473,76.9805
132113,Panipat,Haryana,29.3954,76.8044
132114,Karnal,Haryana,,
132115,Panipat,Haryana,29.2262,77.1156
132116,Karnal,Haryana,29.7997,76.9318
132117,Karnal,Haryana,29.3960,76.9606
132122,Panipat,Haryana,29.2515,77.0991
132140,Panipat,Haryana,29.4808,76.8795
132145,Panipat,Haryana,29.3102,76.9003
132157,Karnal,Haryana,29.3960,76.9606
133001,Ambala,Haryana,30.3419,76.8420
133004,Ambala,Haryana,30.2802,76.7972
133005,Ambala,Haryana,30.3775,76.8262
133006,Ambala,Haryana,30.3326,76.8798
133008,Ambala,Haryana,30.3782,76.7767
133010,Ambala,Haryana,,
133101,Ambala,Haryana,30.3390,76.8462
133102,Ambala,Haryana,30.2514,76.9002
133103,Yamunanagar,Haryana,30.2062,77.1486
133104,Ambala,Haryana,30.3574,76.9609
133201,Ambala,Haryana,30.2217,77.0420
133202,Ambala,Haryana,30.2548,77.1273
133203,Ambala,Haryana,30.2999,77.0413
133204,Yamunanagar,Haryana,30.3780,76.7760
133205,Ambala,Haryana,30.1725,77.0231
133206,Ambala,Haryana,30.3160,77.2350
133207,Ambala,Haryana,30.2675,77.0223
133301,Panchkula,Haryana,30.7743,76.8948
133302,Panchkula,Haryana,30.6063,76.8575
134003,Ambala,Haryana,30.3835,76.7717
134005,Ambala,Haryana,30.3843,76.7717
134007,Ambala,Haryana,30.3874,76.7932
134008,Ambala,Haryana,30.3782,76.7767
134101,Panchkula,Haryana,30.7827,76.9103
134102,Panchkula,Haryana,30.7459,76.8875
134103,Panchkula,Haryana,30.6343,76.9153
134104,Panchkula,Haryana,30.7826,76.9247
134105,Panchkula,Haryana,30.3843,76.7717
134107,Panchkula,Haryana,30.7238,76.8759
134108,Panchkula,Haryana,30.7064,76.8728
134109,Panchkula,Haryana,30.6891,76.8582
134112,Panchkula,Haryana,30.6572,76.8963
134113,Panchkula,Haryana,30.6809,76.8381
134114,Panchkula,Haryana,30.7212,76.8526
134116,Panchkula,Haryana,30.5657,76.9378
134117,Panchkula,Haryana,30.6692,76.8579
134118,Panchkula,Haryana,30.5657,76.9378
134201,Ambala,Haryana,30.4432,76.9308
134202,Ambala,Haryana,30.4235,76.9622
134203,Ambala,Haryana,30.4886,76.8606
134204,Panchkula,Haryana,30.5697,76.9727
134205,Panchkula,Haryana,30.3782,76.7767
135001,Yamunanagar,Haryana,30.1352,77.2903
135002,Yamunanagar,Haryana,30.3782,76.7767
135003,Yamunanagar,Haryana,30.2226,77.2753
135004,Yamunanagar,Haryana,30.0835,77.2654
135021,Yamunanagar,Haryana,30.3782,76.7767
135101,Yamunanagar,Haryana,30.2830,77.1872
135102,Yamunanagar,Haryana,30.3780,76.7760
135103,Yamunanagar,Haryana,30.3009,77.3769
135106,Yamunanagar,Haryana,30.3782,77.4472
135133,Yamunanagar,Haryana,30.0452,77.1672
136020,Kaithal,Haryana,29.8754,76.6066
136021,Kaithal,Haryana,29.8464,76.6632
136026,Kaithal,Haryana,29.7620,76.5596
136027,Kaithal,Haryana,29.7999,76.4173
136030,Kurukshetra,Haryana,29.9362,76.5511
136033,Kaithal,Haryana,29.7999,76.4173
136034,Kaithal,Haryana,29.7999,76.4173
136035,Kaithal,Haryana,30.0380,76.2981
136038,Kurukshetra,Haryana,29.5703,76.8703
136042,Kaithal,Haryana,29.8025,76.5604
136043,Kaithal,Haryana,29.6705,76.5168
136044,Kaithal,Haryana,29.5759,76.4849
136117,Kaithal,Haryana,29.6749,76.2563
136118,Kurukshetra,Haryana,29.9724,76.8511
136119,Kurukshetra,Haryana,29.9555,76.8129
136128,Kurukshetra,Haryana,29.9814,76.5893
136129,Kurukshetra,Haryana,30.1157,76.6664
136130,Kurukshetra,Haryana,29.9732,76.8303
136131,Kurukshetra,Haryana,29.9732,76.8303
136132,Kurukshetra,Haryana,29.9870,77.0410
136134,Kurukshetra,Haryana,29.9695,76.8782
136135,Kurukshetra,Haryana,29.9732,76.8303
136136,Kurukshetra,Haryana,30.1665,76.7096
136156,Kurukshetra,Haryana,30.0843,76.9873
140001,Rupnagar,Punjab,30.9432,76.5350
140101,Rupnagar,Punjab,30.6921,76.6984
140102,Rupnagar,Punjab,30.9666,76.3715
140103,S.a.s Nagar,Punjab,30.9666,76.3715
140108,Rupnagar,Punjab,30.6921,76.6984
140109,S.a.s Nagar,Punjab,30.9234,76.5147
140110,S.a.s Nagar,Punjab,30.6921,76.6984
140111,Rupnagar,Punjab,30.6921,76.6984
140112,Rupnagar,Punjab,30.9666,76.3715
140113,Rupnagar,Punjab,30.9666,76.3715
140114,Rupnagar,Punjab,30.9666,76.3715
140115,Rupnagar,Punjab,31.1848,76.5675
140116,Rupnagar,Punjab,30.9666,76.3715
140117,Rupnagar,Punjab,30.9666,76.3715
140118,Rupnagar,Punjab,30.9642,76.5976
140119,Rupnagar,Punjab,30.6921,76.6984
140123,Rupnagar,Punjab,30.9666,76.3715
140124,Rupnagar,Punjab,30.6921,76.6984
140125,Rupnagar,Punjab,30.6921,76.6984
140126,Rupnagar,Punjab,30.9666,76.3715
140127,Rupnagar,Punjab,30.9666,76.3715
140128,Rupnagar,Punjab,30.9666,76.3715
140133,Rupnagar,Punjab,30.9666,76.3715
140201,S.a.s Nagar,Punjab,30.6921,76.6984
140301,S.a.s Nagar,Punjab,30.9666,76.3715
140306,S.a.s Nagar,Punjab,30.6921,76.6984
140307,S.a.s Nagar,Punjab,30.9666,76.3715
140308,S.a.s Nagar,Punjab,30.6921,76.6984
140401,Patiala,Punjab,30.4860,76.1030
140402,Patiala,Punjab,30.4900,76.5920
140405,Fatehgarh Sahib,Punjab,30.5760,76.3393
140406,Fatehgarh Sahib,Punjab,30.6251,76.3900
140407,Fatehgarh Sahib,Punjab,30.6481,76.3928
140408,Fatehgarh Sahib,Punjab,30.6300,76.5000
140412,Fatehgarh Sahib,Punjab,30.7000,76.4400
140413,S.a.s Nagar,Punjab,30.9666,76.3715
140417,Patiala,Punjab,30.4383,76.6817
140501,S.a.s Nagar,Punjab,30.6921,76.6984
140506,S.a.s Nagar,Punjab,30.6921,76.6984
140507,S.a.s Nagar,Punjab,30.6921,76.6984
140601,Patiala,Punjab,30.5150,76.7300
140602,Patiala,Punjab,30.5600,76.6000
140603,S.a.s Nagar,Punjab,30.6921,76.6984
140604,S.a.s Nagar,Punjab,30.6703,76.8321
140701,Patiala,Punjab,30.4500,76.5400
140702,Patiala,Punjab,30.3319,76.6114
140802,Fatehgarh Sahib,Punjab,30.7700,76.3954
140901,S.a.s Nagar,Punjab,30.6921,76.6984
141001,Ludhiana,Punjab,30.9100,75.8329
141002,Ludhiana,Punjab,30.8682,75.7567
141003,Ludhiana,Punjab,30.8917,75.8620
141004,Ludhiana,Punjab,30.9024,75.8147
141006,Ludhiana,Punjab,30.8589,75.8616
141007,Ludhiana,Punjab,30.9600,75.9150
141008,Ludhiana,Punjab,30.9184,75.8476
141010,Ludhiana,Punjab,30.8976,75.9042
141011,Ludhiana,Punjab,,
141012,Ludhiana,Punjab,30.8804,75.7908
141013,Ludhiana,Punjab,30.8660,75.8236
141014,Ludhiana,Punjab,30.8689,75.9011
141015,Ludhiana,Punjab,30.9276,75.9248
141016,Ludhiana,Punjab,30.8480,75.8905
141017,Ludhiana,Punjab,30.8460,75.9481
141101,Ludhiana,Punjab,30.8420,75.6529
141102,Ludhiana,Punjab,30.8698,75.7124
141103,Ludhiana,Punjab,30.8005,75.7046
141104,Ludhiana,Punjab,30.7643,75.6509
141105,Ludhiana,Punjab,30.7526,75.6863
141106,Ludhiana,Punjab,30.7643,75.6514
141107,Ludhiana,Punjab,30.7172,75.6535
141108,Ludhiana,Punjab,30.6869,75.6834
141109,Ludhiana,Punjab,30.6425,75.6048
141110,Ludhiana,Punjab,30.9135,75.6366
141112,Ludhiana,Punjab,30.8984,76.0078
141113,Ludhiana,Punjab,30.8556,76.0750
141114,Ludhiana,Punjab,30.8311,76.2055
141115,Ludhiana,Punjab,30.9594,76.1949
141116,Ludhiana,Punjab,30.8401,75.7160
141117,Ludhiana,Punjab,30.6926,75.8737
141118,Ludhiana,Punjab,30.7253,75.8414
141119,Ludhiana,Punjab,30.6371,75.9435
141120,Ludhiana,Punjab,30.8422,75.9652
141121,Ludhiana,Punjab,30.9191,76.3080
141122,Ludhiana,Punjab,30.9188,75.7788
141123,Ludhiana,Punjab,30.8696,75.8218
141125,Ludhiana,Punjab,30.8491,76.3009
141126,Ludhiana,Punjab,30.8911,76.0687
141127,Ludhiana,Punjab,30.9437,76.0704
141201,Ludhiana,Punjab,30.7624,75.8213
141202,Ludhiana,Punjab,30.7560,75.7459
141203,Ludhiana,Punjab,30.7669,75.7935
141204,Ludhiana,Punjab,30.7160,75.8152
141205,Ludhiana,Punjab,30.6750,75.7604
141206,Ludhiana,Punjab,30.7921,75.9158
141401,Ludhiana,Punjab,30.6778,76.2520
141411,Fatehgarh Sahib,Punjab,30.7200,76.3300
141412,Ludhiana,Punjab,30.7357,76.1471
141413,Ludhiana,Punjab,30.6559,76.0058
141414,Ludhiana,Punjab,30.6654,76.1175
141415,Ludhiana,Punjab,30.5987,76.0713
141416,Ludhiana,Punjab,30.7301,76.0464
141417,Ludhiana,Punjab,30.7516,76.2226
141418,Ludhiana,Punjab,30.8340,76.0805
141419,Ludhiana,Punjab,30.7265,75.9710
141421,Ludhiana,Punjab,30.7821,75.9969
141422,Ludhiana,Punjab,30.8132,75.6659
141801,Fatehgarh Sahib,Punjab,30.8300,76.3250
142001,Moga,Punjab,30.8134,75.1756
142002,Moga,Punjab,30.8625,75.1945
142003,Moga,Punjab,30.8625,75.1945
142011,Moga,Punjab,30.7880,75.1930
142021,Ludhiana,Punjab,30.8375,75.7469
142022,Ludhiana,Punjab,30.8443,75.7798
142023,Ludhiana,Punjab,30.7979,75.5651
142024,Ludhiana,Punjab,30.8367,75.5131
142025,Ludhiana,Punjab,30.8793,75.5932
142026,Ludhiana,Punjab,30.7936,75.4743
142027,Ludhiana,Punjab,30.9103,75.7497
142028,Ludhiana,Punjab,30.8357,75.6272
142029,Ludhiana,Punjab,30.7986,75.7577
142030,Ludhiana,Punjab,30.7407,75.5336
142031,Ludhiana,Punjab,30.6211,75.4392
142032,Ludhiana,Punjab,30.6287,75.5073
142033,Ludhiana,Punjab,30.9071,75.4704
142034,Ludhiana,Punjab,30.7230,75.4707
142035,Ludhiana,Punjab,30.7357,75.4069
142036,Ludhiana,Punjab,30.8406,75.4294
142037,Moga,Punjab,30.7154,75.2547
142038,Moga,Punjab,30.7051,75.0370
142039,Moga,Punjab,30.8165,75.1717
142040,Moga,Punjab,31.0140,74.9339
142041,Moga,Punjab,30.9255,75.3289
142042,Moga,Punjab,30.9388,75.2332
142043,Moga,Punjab,30.8810,75.1657
142044,Firozepur,Punjab,31.0995,74.9342
142045,Moga,Punjab,30.8134,75.1756
142046,Moga,Punjab,30.5705,75.2155
142047,Firozepur,Punjab,30.9465,74.9391
142048,Moga,Punjab,30.8400,74.8646
142049,Moga,Punjab,30.7860,75.1903
142050,Firozepur,Punjab,30.9181,74.9410
142052,Firozepur,Punjab,30.9181,74.6161
142053,Moga,Punjab,30.7984,75.2481
142054,Moga,Punjab,30.8535,75.3230
142055,Moga,Punjab,30.5760,75.2785
142056,Moga,Punjab,30.6826,75.1903
142057,Moga,Punjab,30.5772,75.0896
142058,Moga,Punjab,30.8165,75.3104
142060,Firozepur,Punjab,30.9181,74.6161
143001,Amritsar,Punjab,31.6386,74.8800
143002,Amritsar,Punjab,31.6343,74.8613
143003,Amritsar,Punjab,31.6300,74.8800
143004,Amritsar,Punjab,31.6386,74.8826
143005,Amritsar,Punjab,31.6300,74.8300
143006,Amritsar,Punjab,31.6200,74.8800
143008,Amritsar,Punjab,31.6850,74.8900
143009,Amritsar,Punjab,31.5600,74.8300
143022,Amritsar,Punjab,31.5800,74.9000
143101,Amritsar,Punjab,31.7200,74.8300
143102,Amritsar,Punjab,31.8400,74.7600
143103,Amritsar,Punjab,31.8700,74.8600
143105,Amritsar,Punjab,31.6200,74.8000
143107,Amritsar,Punjab,31.6150,74.7100
143108,Amritsar,Punjab,31.6100,74.6100
143109,Amritsar,Punjab,31.7200,74.6550
143111,Amritsar,Punjab,31.5544,75.1700
143112,Amritsar,Punjab,31.5050,75.1900
143113,Amritsar,Punjab,31.6400,75.0100
143114,Amritsar,Punjab,31.6800,75.2300
143115,Amritsar,Punjab,31.5400,75.0550
143116,Amritsar,Punjab,31.6350,75.1200
143117,Tarn Taran,Punjab,31.4482,75.0068
143118,Tarn Taran,Punjab,31.4200,75.1600
143119,Amritsar,Punjab,31.7050,75.1250
143149,Amritsar,Punjab,31.5600,75.0800
143201,Amritsar,Punjab,31.5166,75.2745
143202,Amritsar,Punjab,31.5750,75.2350
143203,Amritsar,Punjab,31.6200,75.3200
143204,Amritsar,Punjab,31.5600,75.3200
143205,Amritsar,Punjab,31.5800,75.3000
143301,Tarn Taran,Punjab,31.4800,74.7900
143302,Tarn Taran,Punjab,31.4200,74.7600
143303,Tarn Taran,Punjab,31.3495,74.6950
143304,Tarn Taran,Punjab,31.2900,74.7600
143305,Tarn Taran,Punjab,31.3500,74.6000
143401,Tarn Taran,Punjab,31.4578,74.9186
143402,Tarn Taran,Punjab,31.4600,74.9186
143406,Tarn Taran,Punjab,31.4600,75.0300
143407,Tarn Taran,Punjab,31.3700,75.0900
143408,Tarn Taran,Punjab,31.2600,75.0000
143409,Tarn Taran,Punjab,31.3350,74.9500
143410,Tarn Taran,Punjab,31.2890,74.9400
143411,Tarn Taran,Punjab,31.3783,74.9949
143412,Tarn Taran,Punjab,31.2100,74.9250
143413,Amritsar,Punjab,31.4850,74.9100
143414,Tarn Taran,Punjab,31.5000,74.6900
143415,Tarn Taran,Punjab,31.3334,74.8667
143416,Tarn Taran,Punjab,31.2468,74.8100
143419,Tarn Taran,Punjab,31.1555,74.5550
143422,Tarn Taran,Punjab,31.3400,75.1250
143501,Amritsar,Punjab,31.6700,74.9500
143502,Amritsar,Punjab,31.7252,75.0200
143504,Amritsar,Punjab,31.7400,75.0600
143505,Gurdaspur,Punjab,31.8137,75.1978
143506,Gurdaspur,Punjab,31.7536,75.2309
143507,Gurdaspur,Punjab,31.8250,75.1300
143511,Gurdaspur,Punjab,31.9150,75.1699
143512,Gurdaspur,Punjab,31.9850,75.1650
143513,Gurdaspur,Punjab,31.9011,75.0350
143514,Gurdaspur,Punjab,31.6829,75.3398
143515,Gurdaspur,Punjab,31.6850,75.4380
143516,Gurdaspur,Punjab,31.8000,75.3800
143517,Gurdaspur,Punjab,31.8600,75.5000
143518,Gurdaspur,Punjab,31.8755,75.2750
143519,Gurdaspur,Punjab,31.9530,75.3050
143520,Gurdaspur,Punjab,32.0200,75.3200
143521,Gurdaspur,Punjab,32.0433,75.3989
143525,Gurdaspur,Punjab,32.1600,75.3600
143526,Gurdaspur,Punjab,32.0862,75.3020
143527,Gurdaspur,Punjab,31.7800,75.4500
143528,Gurdaspur,Punjab,31.9600,75.4300
143529,Gurdaspur,Punjab,31.9750,75.3894
143530,Gurdaspur,Punjab,32.0300,75.4600
143531,Gurdaspur,Punjab,32.0850,75.4700
143532,Gurdaspur,Punjab,32.1350,75.4044
143533,Gurdaspur,Punjab,32.1100,75.5700
143534,Pathankot,Punjab,32.1950,75.4700
143601,Amritsar,Punjab,31.7700,74.9550
143602,Gurdaspur,Punjab,31.8600,74.9600
143603,Amritsar,Punjab,31.9350,74.8611
143604,Gurdaspur,Punjab,32.0050,75.0350
143605,Gurdaspur,Punjab,31.9300,75.0700
143606,Amritsar,Punjab,31.8200,74.9100
144001,Jalandhar,Punjab,31.3267,75.5868
144002,Jalandhar,Punjab,31.3742,75.5121
144003,Jalandhar,Punjab,31.3267,75.5868
144004,Jalandhar,Punjab,31.3267,75.5868
144005,Jalandhar,Punjab,31.3003,75.6304
144006,Jalandhar,Punjab,31.3003,75.6304
144007,Jalandhar,Punjab,31.3003,75.6304
144008,Jalandhar,Punjab,31.3267,75.5868
144009,Jalandhar,Punjab,31.3267,75.5868
144010,Jalandhar,Punjab,31.3003,75.6304
144011,Jalandhar,Punjab,31.3267,75.5868
144012,Jalandhar,Punjab,31.1923,75.3453
144020,Jalandhar,Punjab,31.2415,75.6266
144021,Jalandhar,Punjab,31.2702,75.5896
144022,Jalandhar,Punjab,31.3003,75.6304
144023,Jalandhar,Punjab,31.3003,75.6304
144024,Jalandhar,Punjab,31.2610,75.6630
144025,Jalandhar,Punjab,31.3835,75.6385
144026,Jalandhar,Punjab,31.3524,75.6171
144027,Jalandhar,Punjab,31.3267,75.5868
144028,Jalandhar,Punjab,31.3396,75.6020
144029,Jalandhar,Punjab,31.0855,75.9167
144030,Jalandhar,Punjab,31.3677,75.6962
144031,Jalandhar,Punjab,31.5275,75.8066
144032,Jalandhar,Punjab,31.2178,75.7694
144033,Jalandhar,Punjab,31.5275,75.8066
144034,Jalandhar,Punjab,31.2178,75.7694
144035,Jalandhar,Punjab,31.3726,75.7880
144036,Jalandhar,Punjab,31.2178,75.7694
144037,Jalandhar,Punjab,31.5275,75.8066
144039,Jalandhar,Punjab,31.1258,75.5822
144040,Jalandhar,Punjab,31.1449,75.4852
144041,Jalandhar,Punjab,31.3260,75.5762
144042,Jalandhar,Punjab,31.5275,75.8066
144043,Jalandhar,Punjab,31.2178,75.7694
144044,Jalandhar,Punjab,31.5275,75.8066
144101,Jalandhar,Punjab,31.3404,75.6717
144102,Jalandhar,Punjab,31.3875,75.2456
144103,Jalandhar,Punjab,31.4220,75.7564
144104,Jalandhar,Punjab,31.3649,75.6714
144105,Hoshiarpur,Punjab,31.5160,75.5600
144106,Jalandhar,Punjab,31.4736,75.7576
144201,Jalandhar,Punjab,31.3263,75.5769
144202,Hoshiarpur,Punjab,31.4400,75.5537
144204,Hoshiarpur,Punjab,31.4850,75.6573
144205,Hoshiarpur,Punjab,31.8173,75.6573
144206,Hoshiarpur,Punjab,31.6886,75.5587
144207,Hoshiarpur,Punjab,31.4200,75.6573
144208,Hoshiarpur,Punjab,31.2500,75.6573
144209,Hoshiarpur,Punjab,31.5336,75.4437
144210,Hoshiarpur,Punjab,31.6000,75.7187
144211,Hoshiarpur,Punjab,31.5143,75.9115
144212,Hoshiarpur,Punjab,31.6300,75.8400
144213,Hoshiarpur,Punjab,31.8000,75.8100
144214,Hoshiarpur,Punjab,31.4436,75.5537
144216,Hoshiarpur,Punjab,31.8173,75.6573
144221,Hoshiarpur,Punjab,31.6600,75.6450
144222,Hoshiarpur,Punjab,31.7800,75.4500
144223,Hoshiarpur,Punjab,31.4836,75.7537
144224,Hoshiarpur,Punjab,31.8173,75.6573
144301,Jalandhar,Punjab,31.4344,75.6497
144302,Jalandhar,Punjab,31.2204,75.3760
144303,Jalandhar,Punjab,31.4325,75.6508
144305,Hoshiarpur,Punjab,31.4200,75.6300
144306,Hoshiarpur,Punjab,31.5900,75.8800
144311,Jalandhar,Punjab,31.3206,75.2584
144401,Kapurthala,Punjab,31.2486,75.8099
144402,Kapurthala,Punjab,31.2371,75.7652
144403,Kapurthala,Punjab,31.2951,75.7345
144404,Hoshiarpur,Punjab,31.5230,75.8250
144405,Kapurthala,Punjab,31.3094,75.8143
144406,Hoshiarpur,Punjab,31.5160,75.9040
144407,Kapurthala,Punjab,31.3410,75.7919
144408,Kapurthala,Punjab,31.3489,75.8689
144409,Jalandhar,Punjab,31.1073,75.7782
144410,Jalandhar,Punjab,31.0357,75.8227
144411,Kapurthala,Punjab,31.2396,75.7109
144415,Shahid Bhagat Singh Nagar,Punjab,31.3003,75.6304
144416,Jalandhar,Punjab,31.0828,75.8740
144417,Shahid Bhagat Singh Nagar,Punjab,31.1843,75.8164
144418,Jalandhar,Punjab,31.1180,75.8016
144419,Jalandhar,Punjab,31.0531,75.8628
144421,Shahid Bhagat Singh Nagar,Punjab,31.1005,76.0376
144422,Shahid Bhagat Singh Nagar,Punjab,31.0536,75.9633
144501,Shahid Bhagat Singh Nagar,Punjab,31.1942,75.8491
144502,Jalandhar,Punjab,31.1617,75.8769
144503,Shahid Bhagat Singh Nagar,Punjab,31.2222,75.8846
144504,Shahid Bhagat Singh Nagar,Punjab,31.2279,75.8620
144505,Shahid Bhagat Singh Nagar,Punjab,31.1941,75.9462
144506,Shahid Bhagat Singh Nagar,Punjab,31.1869,75.9922
144507,Shahid Bhagat Singh Nagar,Punjab,31.1186,75.9558
144508,Shahid Bhagat Singh Nagar,Punjab,31.3003,75.6304
144509,Shahid Bhagat Singh Nagar,Punjab,31.1544,75.9623
144510,Shahid Bhagat Singh Nagar,Punjab,31.2144,76.0232
144511,Shahid Bhagat Singh Nagar,Punjab,30.9755,76.0184
144512,Shahid Bhagat Singh Nagar,Punjab,31.1634,76.0435
144513,Shahid Bhagat Singh Nagar,Punjab,31.1343,76.0460
144514,Shahid Bhagat Singh Nagar,Punjab,31.0667,76.1612
144515,Shahid Bhagat Singh Nagar,Punjab,31.0675,76.2035
144516,Shahid Bhagat Singh Nagar,Punjab,31.1040,76.1682
144517,Shahid Bhagat Singh Nagar,Punjab,31.0530,76.1129
144518,Shahid Bhagat Singh Nagar,Punjab,31.0484,76.0571
144519,Hoshiarpur,Punjab,31.6050,75.6187
144520,Hoshiarpur,Punjab,31.4500,75.8400
144521,Shahid Bhagat Singh Nagar,Punjab,31.1450,75.8450
144522,Shahid Bhagat Singh Nagar,Punjab,31.2500,75.8400
144523,Hoshiarpur,Punjab,31.4400,75.8400
144524,Shahid Bhagat Singh Nagar,Punjab,31.2280,75.7320
144525,Shahid Bhagat Singh Nagar,Punjab,31.5160,75.8900
144526,Shahid Bhagat Singh Nagar,Punjab,31.2600,75.8400
144527,Hoshiarpur,Punjab,31.4100,75.9040
144528,Hoshiarpur,Punjab,31.2900,75.6573
144529,Hoshiarpur,Punjab,31.4600,75.8900
144530,Hoshiarpur,Punjab,31.5600,75.8400
144531,Hoshiarpur,Punjab,31.4930,75.9420
144532,Hoshiarpur,Punjab,31.4500,75.7500
144533,Shahid Bhagat Singh Nagar,Punjab,31.5160,75.9040
144601,Kapurthala,Punjab,31.3785,75.3809
144602,Kapurthala,Punjab,31.3483,75.4181
144603,Kapurthala,Punjab,31.3723,75.3592
144606,Kapurthala,Punjab,31.3749,75.3372
144620,Kapurthala,Punjab,31.3749,75.3842
144621,Kapurthala,Punjab,31.6128,75.5275
144622,Kapurthala,Punjab,31.5165,75.5152
144623,Jalandhar,Punjab,31.2696,75.4063
144624,Kapurthala,Punjab,31.5423,75.4445
144625,Jalandhar,Punjab,31.3217,75.3556
144626,Kapurthala,Punjab,31.1952,75.1263
144628,Kapurthala,Punjab,31.3749,75.3534
144629,Jalandhar,Punjab,31.0682,75.5487
144630,Jalandhar,Punjab,31.1427,75.6102
144631,Kapurthala,Punjab,31.6168,75.4325
144632,Shahid Bhagat Singh Nagar,Punjab,31.2063,75.7764
144633,Jalandhar,Punjab,31.1846,75.6850
144701,Jalandhar,Punjab,31.1708,75.3840
144702,Jalandhar,Punjab,31.0658,75.2482
144703,Jalandhar,Punjab,31.1258,75.4733
144801,Jalandhar,Punjab,31.3749,75.3842
144802,Kapurthala,Punjab,31.4330,75.3910
144803,Jalandhar,Punjab,31.2716,75.6881
144804,Kapurthala,Punjab,31.5171,75.3482
144805,Jalandhar,Punjab,31.3821,75.3840
144806,Jalandhar,Punjab,31.3322,75.5474
144819,Kapurthala,Punjab,31.5726,75.4882
145001,Pathankot,Punjab,32.2850,75.6950
145022,Pathankot,Punjab,32.4200,75.8400
145023,Pathankot,Punjab,32.3250,75.6150
145024,Pathankot,Punjab,32.1966,75.5044
145025,Pathankot,Punjab,32.2550,75.5550
145026,Pathankot,Punjab,32.2400,75.4100
145027,Pathankot,Punjab,32.3200,75.4100
145029,Pathankot,Punjab,32.3900,75.6900
145101,Pathankot,Punjab,32.1300,75.6100
146001,Hoshiarpur,Punjab,31.5160,75.9040
146021,Hoshiarpur,Punjab,31.2600,75.4600
146022,Hoshiarpur,Punjab,31.2930,75.7120
146023,Hoshiarpur,Punjab,31.3350,75.7120
146024,Hoshiarpur,Punjab,31.5160,75.8720
146101,Hoshiarpur,Punjab,31.5380,75.8400
146102,Hoshiarpur,Punjab,31.4600,75.8350
146103,Hoshiarpur,Punjab,31.5160,75.4500
146104,Hoshiarpur,Punjab,31.2700,75.8500
146105,Hoshiarpur,Punjab,31.5160,75.5200
146106,Hoshiarpur,Punjab,31.5160,75.5200
146107,Hoshiarpur,Punjab,31.6780,75.8720
146108,Hoshiarpur,Punjab,31.5160,75.4500
146109,Hoshiarpur,Punjab,31.2500,75.6300
146110,Hoshiarpur,Punjab,31.4200,75.8100
146111,Hoshiarpur,Punjab,31.5800,75.4600
146112,Hoshiarpur,Punjab,31.4600,75.8400
146113,Hoshiarpur,Punjab,31.5650,75.6837
146114,Hoshiarpur,Punjab,31.4500,75.4800
146115,Hoshiarpur,Punjab,31.5336,75.7737
146116,Hoshiarpur,Punjab,31.6186,75.7537
147001,Patiala,Punjab,30.3273,76.3968
147002,Patiala,Punjab,30.3500,76.4421
147003,Patiala,Punjab,30.3492,76.4162
147004,Patiala,Punjab,30.3529,76.3919
147005,Patiala,Punjab,30.3392,76.3200
147006,Patiala,Punjab,30.4200,76.3550
147007,Patiala,Punjab,30.2549,76.3500
147008,Patiala,Punjab,30.3340,76.3860
147021,Patiala,Punjab,30.3653,76.4700
147101,Patiala,Punjab,30.1700,76.2015
147102,Patiala,Punjab,30.0245,76.1300
147103,Patiala,Punjab,30.2869,76.4884
147104,Patiala,Punjab,30.5100,76.3100
147105,Patiala,Punjab,30.3100,76.4800
147111,Patiala,Punjab,30.1800,76.5200
147201,Patiala,Punjab,30.3779,76.1504
147202,Patiala,Punjab,30.5200,76.2000
147203,Fatehgarh Sahib,Punjab,30.6000,76.2000
147301,Fatehgarh Sahib,Punjab,30.6641,76.2788
148001,Sangrur,Punjab,30.2464,75.8416
148002,Sangrur,Punjab,30.2131,75.8229
148017,Sangrur,Punjab,30.3458,75.9524
148018,Malerkotla,Punjab,30.4131,76.0250
148019,Malerkotla,Punjab,30.5894,75.8752
148020,Malerkotla,Punjab,30.5716,75.7706
148021,Malerkotla,Punjab,30.6580,75.8363
148022,Malerkotla,Punjab,30.4967,76.0098
148023,Malerkotla,Punjab,30.5638,75.9129
148024,Sangrur,Punjab,30.3947,75.8214
148025,Sangrur,Punjab,30.4413,75.7049
148026,Sangrur,Punjab,30.2433,76.0433
148027,Sangrur,Punjab,29.8305,76.0944
148028,Sangrur,Punjab,30.1010,75.8011
148029,Sangrur,Punjab,30.1315,75.6775
148030,Sangrur,Punjab,30.0018,75.8092
148031,Sangrur,Punjab,29.9408,75.8128
148033,Sangrur,Punjab,29.8420,75.9238
148034,Sangrur,Punjab,30.3146,75.8102
148035,Sangrur,Punjab,30.1021,75.9710
148100,Barnala,Punjab,30.5247,75.4432
148101,Barnala,Punjab,30.3746,75.5477
148102,Barnala,Punjab,30.4159,75.3230
148103,Barnala,Punjab,30.4215,75.3805
148104,Barnala,Punjab,30.5284,75.5786
148105,Barnala,Punjab,30.2858,75.5549
148106,Sangrur,Punjab,30.2160,75.7015
148107,Barnala,Punjab,30.3311,75.4869
148108,Barnala,Punjab,30.3115,75.3995
148109,Barnala,Punjab,30.4005,75.6087
151001,Bathinda,Punjab,30.1603,74.8911
151002,Bathinda,Punjab,30.2100,74.8997
151003,Bathinda,Punjab,30.1603,74.8911
151004,Bathinda,Punjab,30.1603,74.8911
151005,Bathinda,Punjab,30.1620,74.8911
151006,Bathinda,Punjab,30.2046,74.9490
151101,Bathinda,Punjab,30.1866,75.0859
151102,Bathinda,Punjab,30.3227,75.0871
151103,Bathinda,Punjab,30.2512,75.2514
151104,Bathinda,Punjab,30.3181,75.2357
151105,Bathinda,Punjab,30.2132,75.0723
151106,Bathinda,Punjab,30.4159,75.1648
151108,Bathinda,Punjab,30.1603,75.1850
151111,Bathinda,Punjab,30.2352,75.1524
151201,Bathinda,Punjab,30.3016,74.8233
151202,Faridkot,Punjab,30.4508,74.8829
151203,Faridkot,Punjab,30.6662,74.7405
151204,Faridkot,Punjab,30.5420,74.7833
151205,Faridkot,Punjab,30.4368,74.9966
151206,Bathinda,Punjab,30.4364,75.0498
151207,Faridkot,Punjab,30.6441,74.8705
151208,Moga,Punjab,30.5285,74.9310
151209,Faridkot,Punjab,30.6185,74.7489
151210,Sri Muktsar Sahib,Punjab,30.2958,74.3693
151211,Sri Muktsar Sahib,Punjab,30.0610,74.6128
151212,Faridkot,Punjab,30.6704,74.6948
151213,Faridkot,Punjab,30.6667,74.7452
151214,Faridkot,Punjab,30.7270,74.7314
151301,Bathinda,Punjab,30.0119,74.9691
151302,Bathinda,Punjab,29.9281,75.1137
151401,Bathinda,Punjab,30.0409,74.8251
151501,Mansa,Punjab,30.0219,75.3292
151502,Mansa,Punjab,29.9788,75.5630
151503,Mansa,Punjab,29.8261,75.4716
151504,Mansa,Punjab,30.1016,75.5349
151505,Mansa,Punjab,29.9216,75.3308
151506,Mansa,Punjab,30.1401,75.0419
151507,Mansa,Punjab,29.6429,75.2639
151508,Mansa,Punjab,30.0754,75.3451
151509,Bathinda,Punjab,30.0617,75.2401
151510,Mansa,Punjab,30.1451,75.4230
152001,Firozepur,Punjab,30.9275,74.6105
152002,Firozepur,Punjab,31.0052,74.5975
152003,Firozepur,Punjab,30.9916,74.6133
152004,Firozepur,Punjab,30.9275,74.6105
152005,Firozepur,Punjab,30.9228,74.6133
152020,Fazilka,Punjab,30.4525,74.0776
152021,Firozepur,Punjab,30.8266,74.5765
152022,Firozepur,Punjab,30.6863,74.3854
152023,Firozepur,Punjab,30.8432,74.3966
152024,Fazilka,Punjab,30.5673,74.2460
152025,Sri Muktsar Sahib,Punjab,30.4775,74.7318
152026,Sri Muktsar Sahib,Punjab,30.5286,74.5175
152028,Firozepur,Punjab,30.9323,74.9911
152031,Sri Muktsar Sahib,Punjab,30.4807,74.6680
152032,Sri Muktsar Sahib,Punjab,30.3678,74.4601
152033,Fazilka,Punjab,30.4599,74.2876
152101,Sri Muktsar Sahib,Punjab,30.2142,74.6590
152107,Sri Muktsar Sahib,Punjab,30.2328,74.4576
152112,Sri Muktsar Sahib,Punjab,30.1892,74.5053
152113,Sri Muktsar Sahib,Punjab,30.0665,74.6191
152114,Sri Muktsar Sahib,Punjab,30.0665,74.5449
152115,Sri Muktsar Sahib,Punjab,30.3636,74.6767
152116,Fazilka,Punjab,30.1000,74.1946
152117,Fazilka,Punjab,30.1576,74.3316
152118,Fazilka,Punjab,30.1551,74.2034
152121,Fazilka,Punjab,30.3215,74.0522
152122,Fazilka,Punjab,30.2451,74.1299
152123,Fazilka,Punjab,30.4037,74.0353
152124,Fazilka,Punjab,30.4037,74.5624
152128,Fazilka,Punjab,30.1417,74.0113
152132,Fazilka,Punjab,30.0449,73.9814
160001,Chandigarh,Chandigarh,30.7603,76.8025
160002,Chandigarh,Chandigarh,30.6921,76.7909
160003,Chandigarh,Chandigarh,30.6843,76.7466
160004,Chandigarh,Chandigarh,30.6473,76.7890
160005,Chandigarh,Chandigarh,30.9666,76.3715
160006,Chandigarh,Chandigarh,30.7420,76.7834
160009,Chandigarh,Chandigarh,30.7443,76.7950
160011,Chandigarh,Chandigarh,30.7567,76.7858
160012,Chandigarh,Chandigarh,30.7543,76.7835
160014,Chandigarh,Chandigarh,30.6921,76.6984
160015,Chandigarh,Chandigarh,30.7496,76.7749
160016,Chandigarh,Chandigarh,30.6921,76.6984
160017,Chandigarh,Chandigarh,30.7421,76.7834
160018,Chandigarh,Chandigarh,30.7372,76.7897
160019,Chandigarh,Chandigarh,30.7251,76.8043
160020,Chandigarh,Chandigarh,30.7421,76.7834
160022,Chandigarh,Chandigarh,30.7248,76.7698
160023,Chandigarh,Chandigarh,30.7396,76.7670
160025,Chandigarh,Chandigarh,,
160030,Chandigarh,Chandigarh,30.7259,76.7834
160036,Chandigarh,Chandigarh,30.7045,76.7264
160043,Chandigarh,Chandigarh,30.7421,76.7834
160047,Chandigarh,Chandigarh,30.6963,76.7690
160055,S.a.s Nagar,Punjab,30.7188,76.6984
160059,S.a.s Nagar,Punjab,30.7345,76.7862
160062,S.a.s Nagar,Punjab,30.6834,76.7421
160071,S.a.s Nagar,Punjab,,
160101,Chandigarh,Chandigarh,30.7028,76.7651
160102,Chandigarh,Chandigarh,30.6922,76.7540
160103,S.a.s Nagar,Punjab,30.6921,76.6984
160104,S.a.s Nagar,Punjab,30.6921,76.6984
171001,Shimla,Himachal Pradesh,31.1029,77.1730
171002,Shimla,Himachal Pradesh,31.0891,77.1784
171003,Shimla,Himachal Pradesh,31.0092,77.3271
171004,Shimla,Himachal Pradesh,31.1832,77.2816
171005,Shimla,Himachal Pradesh,31.2260,77.1790
171006,Shimla,Himachal Pradesh,31.1129,77.2620
171007,Shimla,Himachal Pradesh,31.1691,77.4060
171008,Shimla,Himachal Pradesh,31.1046,77.1093
171009,Shimla,Himachal Pradesh,31.0782,77.1845
171010,Shimla,Himachal Pradesh,31.0766,77.1394
171011,Shimla,Himachal Pradesh,31.0105,77.2960
171012,Shimla,Himachal Pradesh,31.1054,77.4003
171013,Shimla,Himachal Pradesh,31.2613,77.5273
171014,Shimla,Himachal Pradesh,31.1385,77.4030
171015,Shimla,Himachal Pradesh,31.1669,77.1746
171018,Shimla,Himachal Pradesh,31.2100,77.1691
171019,Shimla,Himachal Pradesh,31.1226,77.1297
171102,Solan,Himachal Pradesh,30.9045,77.0967
171103,Shimla,Himachal Pradesh,31.2102,77.4060
171201,Shimla,Himachal Pradesh,31.0650,77.4067
171202,Shimla,Himachal Pradesh,31.1172,77.4066
171203,Shimla,Himachal Pradesh,30.9791,77.2656
171204,Shimla,Himachal Pradesh,31.1174,77.1294
171205,Shimla,Himachal Pradesh,31.0257,77.1295
171206,Shimla,Himachal Pradesh,31.2103,77.1750
171207,Shimla,Himachal Pradesh,31.2120,77.4896
171208,Shimla,Himachal Pradesh,31.2122,77.4061
171209,Shimla,Himachal Pradesh,31.2108,77.1292
171210,Shimla,Himachal Pradesh,30.9186,77.6454
171211,Shimla,Himachal Pradesh,31.2150,77.4066
171212,Shimla,Himachal Pradesh,31.2103,77.4062
171213,Shimla,Himachal Pradesh,31.2526,77.4330
171214,Shimla,Himachal Pradesh,31.0627,77.1643
171215,Shimla,Himachal Pradesh,31.1089,77.6665
171216,Shimla,Himachal Pradesh,31.2156,77.4070
171217,Shimla,Himachal Pradesh,31.2103,77.4097
171218,Shimla,Himachal Pradesh,31.0238,77.1908
171219,Shimla,Himachal Pradesh,31.0413,77.1245
171220,Shimla,Himachal Pradesh,31.2105,77.4053
171221,Shimla,Himachal Pradesh,31.2107,77.4036
171222,Shimla,Himachal Pradesh,31.1559,77.3796
171223,Shimla,Himachal Pradesh,31.2087,77.7001
171224,Shimla,Himachal Pradesh,31.2853,77.6989
171225,Shimla,Himachal Pradesh,31.2530,77.6019
171226,Shimla,Himachal Pradesh,31.0297,77.4069
171301,Shimla,Himachal Pradesh,31.2458,77.1226
172001,Shimla,Himachal Pradesh,31.4733,77.7531
172002,Kullu,Himachal Pradesh,31.5819,77.6890
172021,Shimla,Himachal Pradesh,31.3093,77.5834
172022,Shimla,Himachal Pradesh,31.4149,77.6343
172023,Kullu,Himachal Pradesh,31.9579,77.1095
172024,Shimla,Himachal Pradesh,31.3183,77.4458
172025,Kullu,Himachal Pradesh,31.3859,77.4329
172026,Kullu,Himachal Pradesh,31.4927,77.3985
172027,Shimla,Himachal Pradesh,31.3183,77.3734
172028,Shimla,Himachal Pradesh,31.3367,77.5506
172029,Shimla,Himachal Pradesh,31.3183,77.4458
172030,Shimla,Himachal Pradesh,31.3183,77.4458
172031,Shimla,Himachal Pradesh,31.3183,77.4458
172032,Kullu,Himachal Pradesh,31.4427,77.4422
172033,Kullu,Himachal Pradesh,,
172034,Shimla,Himachal Pradesh,,
172101,Shimla,Himachal Pradesh,31.4715,77.6843
172102,Shimla,Himachal Pradesh,31.4793,77.7686
172103,Kinnaur,Himachal Pradesh,31.5552,77.9768
172104,Kinnaur,Himachal Pradesh,31.5377,78.0162
172105,Kinnaur,Himachal Pradesh,31.5131,78.2236
172106,Kinnaur,Himachal Pradesh,31.4255,78.2650
172107,Kinnaur,Himachal Pradesh,31.5365,78.2568
172108,Kinnaur,Himachal Pradesh,31.5461,78.2600
172109,Kinnaur,Himachal Pradesh,31.6008,78.4496
172110,Kinnaur,Himachal Pradesh,31.7020,78.4942
172111,Kinnaur,Himachal Pradesh,31.7784,78.5121
172112,Kinnaur,Himachal Pradesh,31.8567,78.5684
172113,Lahul and Spiti,Himachal Pradesh,32.6192,77.3784
172114,Lahul and Spiti,Himachal Pradesh,32.6192,77.3784
172115,Kinnaur,Himachal Pradesh,31.7065,78.1971
172116,Kinnaur,Himachal Pradesh,31.5805,78.3521
172117,Lahul and Spiti,Himachal Pradesh,32.6192,77.3784
172118,Kinnaur,Himachal Pradesh,31.6455,78.0539
172201,Shimla,Himachal Pradesh,31.4972,77.7080
173001,Sirmaur,Himachal Pradesh,30.5994,77.2955
173021,Sirmaur,Himachal Pradesh,30.5233,77.4034
173022,Sirmaur,Himachal Pradesh,30.6957,77.4257
173023,Sirmaur,Himachal Pradesh,30.6957,77.4257
173024,Sirmaur,Himachal Pradesh,30.8466,77.2446
173025,Sirmaur,Himachal Pradesh,30.4453,77.6021
173026,Sirmaur,Himachal Pradesh,30.6167,77.1835
173027,Sirmaur,Himachal Pradesh,30.8500,77.2994
173029,Sirmaur,Himachal Pradesh,30.6748,77.6021
173030,Sirmaur,Himachal Pradesh,30.5503,77.2666
173031,Sirmaur,Himachal Pradesh,30.7062,77.2964
173032,Sirmaur,Himachal Pradesh,30.8500,77.2994
173101,Sirmaur,Himachal Pradesh,30.8500,77.2994
173104,Sirmaur,Himachal Pradesh,30.7244,77.4257
173201,Solan,Himachal Pradesh,,
173202,Solan,Himachal Pradesh,30.9020,76.9941
173204,Solan,Himachal Pradesh,30.9037,76.9645
173205,Solan,Himachal Pradesh,30.9045,77.0967
173206,Solan,Himachal Pradesh,30.9045,77.0967
173207,Solan,Himachal Pradesh,30.9059,77.0967
173208,Solan,Himachal Pradesh,30.9045,77.0967
173209,Solan,Himachal Pradesh,30.9045,77.0967
173210,Solan,Himachal Pradesh,30.8782,77.0582
173211,Solan,Himachal Pradesh,30.9063,77.0806
173212,Solan,Himachal Pradesh,30.9045,77.0967
173213,Solan,Himachal Pradesh,30.9244,77.0967
173214,Solan,Himachal Pradesh,30.9167,77.1053
173215,Solan,Himachal Pradesh,30.9045,77.0967
173217,Solan,Himachal Pradesh,30.9625,77.1054
173218,Solan,Himachal Pradesh,30.9045,77.0967
173220,Solan,Himachal Pradesh,30.8759,77.0291
173221,Solan,Himachal Pradesh,30.9045,77.0967
173222,Solan,Himachal Pradesh,31.0547,77.0246
173223,Sirmaur,Himachal Pradesh,30.8500,77.2994
173225,Solan,Himachal Pradesh,30.9045,77.0967
173229,Solan,Himachal Pradesh,30.9045,77.0967
173230,Solan,Himachal Pradesh,30.8591,77.1686
173233,Solan,Himachal Pradesh,30.9045,77.0967
173234,Solan,Himachal Pradesh,30.9702,77.0998
173235,Solan,Himachal Pradesh,30.9045,77.0967
173236,Solan,Himachal Pradesh,30.9731,76.9672
174001,Bilaspur,Himachal Pradesh,31.3406,76.7762
174002,Bilaspur,Himachal Pradesh,31.1649,76.6541
174003,Bilaspur,Himachal Pradesh,31.4487,76.7516
174004,Bilaspur,Himachal Pradesh,31.3913,76.7495
174005,Bilaspur,Himachal Pradesh,31.3121,76.7613
174011,Bilaspur,Himachal Pradesh,31.2306,76.7177
174012,Bilaspur,Himachal Pradesh,31.3900,76.8403
174013,Bilaspur,Himachal Pradesh,31.4176,76.8054
174015,Bilaspur,Himachal Pradesh,31.2822,76.6702
174017,Bilaspur,Himachal Pradesh,31.3024,76.6443
174021,Bilaspur,Himachal Pradesh,31.4491,76.7047
174023,Bilaspur,Himachal Pradesh,31.5192,76.6318
174024,Bilaspur,Himachal Pradesh,31.3766,76.7207
174026,Bilaspur,Himachal Pradesh,31.5061,76.7294
174027,Bilaspur,Himachal Pradesh,31.5385,76.6670
174028,Bilaspur,Himachal Pradesh,31.5700,76.6959
174029,Bilaspur,Himachal Pradesh,31.4187,76.6406
174030,Bilaspur,Himachal Pradesh,31.4279,76.5351
174031,Bilaspur,Himachal Pradesh,31.3691,76.6452
174032,Bilaspur,Himachal Pradesh,31.2565,76.8598
174033,Bilaspur,Himachal Pradesh,31.3180,76.8340
174034,Bilaspur,Himachal Pradesh,31.3475,76.6918
174035,Bilaspur,Himachal Pradesh,31.3423,76.5965
174036,Bilaspur,Himachal Pradesh,31.3843,76.8730
174101,Solan,Himachal Pradesh,30.9113,77.0867
174102,Solan,Himachal Pradesh,30.9045,77.0967
174103,Solan,Himachal Pradesh,30.9023,76.9647
174201,Bilaspur,Himachal Pradesh,31.3788,76.4334
174301,Una,Himachal Pradesh,31.3530,76.3380
174302,Una,Himachal Pradesh,31.5651,76.2127
174303,Una,Himachal Pradesh,31.5092,76.2679
174304,Hamirpur,Himachal Pradesh,31.5553,76.4634
174305,Hamirpur,Himachal Pradesh,31.5255,76.4624
174306,Una,Himachal Pradesh,31.4437,76.3293
174307,Una,Himachal Pradesh,31.6393,76.3384
174308,Una,Himachal Pradesh,31.5693,76.3932
174309,Hamirpur,Himachal Pradesh,31.5106,76.4845
174310,Bilaspur,Himachal Pradesh,31.2760,76.6033
174311,Hamirpur,Himachal Pradesh,31.6010,76.5213
174312,Hamirpur,Himachal Pradesh,31.6186,76.4487
174314,Una,Himachal Pradesh,31.6074,76.2197
174315,Una,Himachal Pradesh,31.4036,76.3394
174316,Una,Himachal Pradesh,31.5879,76.1884
174317,Una,Himachal Pradesh,31.4779,76.1735
174319,Una,Himachal Pradesh,31.8090,75.9753
174320,Una,Himachal Pradesh,31.6512,76.2726
174321,Una,Himachal Pradesh,31.5492,76.3502
174405,Hamirpur,Himachal Pradesh,31.6004,76.4808
174503,Una,Himachal Pradesh,31.3793,76.1967
174505,Hamirpur,Himachal Pradesh,31.6228,76.5069
174507,Una,Himachal Pradesh,31.3492,76.2682
175001,Mandi,Himachal Pradesh,31.7018,76.9300
175002,Mandi,Himachal Pradesh,31.5500,76.8850
175003,Mandi,Himachal Pradesh,31.7083,76.9314
175004,Mandi,Himachal Pradesh,31.7083,76.9314
175005,Mandi,Himachal Pradesh,31.7083,76.9314
175006,Mandi,Himachal Pradesh,31.7083,76.9314
175007,Mandi,Himachal Pradesh,31.7086,76.9321
175008,Mandi,Himachal Pradesh,31.6000,76.8880
175009,Mandi,Himachal Pradesh,31.7083,76.9314
175010,Mandi,Himachal Pradesh,31.7083,76.9314
175011,Mandi,Himachal Pradesh,31.3822,77.2500
175012,Mandi,Himachal Pradesh,31.8763,76.9100
175013,Mandi,Himachal Pradesh,31.7083,76.9314
175014,Mandi,Himachal Pradesh,31.7083,76.9314
175015,Mandi,Himachal Pradesh,31.7083,76.9314
175016,Mandi,Himachal Pradesh,31.9344,76.7899
175017,Mandi,Himachal Pradesh,31.4140,76.8667
175018,Mandi,Himachal Pradesh,31.7083,76.9314
175019,Mandi,Himachal Pradesh,31.5356,76.9057
175020,Mandi,Himachal Pradesh,31.9639,76.8523
175021,Mandi,Himachal Pradesh,31.7083,76.9314
175023,Mandi,Himachal Pradesh,31.6307,76.8300
175024,Mandi,Himachal Pradesh,31.6918,76.7400
175025,Mandi,Himachal Pradesh,31.7559,76.7179
175026,Mandi,Himachal Pradesh,31.7500,76.6700
175027,Mandi,Himachal Pradesh,31.5500,76.9550
175028,Mandi,Himachal Pradesh,31.5500,77.0200
175029,Mandi,Himachal Pradesh,31.5800,77.0600
175030,Mandi,Himachal Pradesh,31.4400,76.8200
175031,Mandi,Himachal Pradesh,31.4650,77.0000
175032,Mandi,Himachal Pradesh,31.7083,76.9314
175033,Mandi,Himachal Pradesh,31.7083,76.9314
175034,Mandi,Himachal Pradesh,31.5200,76.7647
175035,Mandi,Himachal Pradesh,31.6200,77.1800
175036,Mandi,Himachal Pradesh,31.5688,76.9314
175037,Mandi,Himachal Pradesh,31.7130,76.6904
175038,Mandi,Himachal Pradesh,31.3700,77.0500
175039,Mandi,Himachal Pradesh,31.5042,77.0826
175040,Mandi,Himachal Pradesh,31.7083,76.9314
175042,Mandi,Himachal Pradesh,31.6895,76.7050
175045,Mandi,Himachal Pradesh,31.4950,76.9850
175046,Mandi,Himachal Pradesh,31.3791,77.1268
175047,Mandi,Himachal Pradesh,31.4700,77.2900
175048,Mandi,Himachal Pradesh,31.7083,76.9314
175049,Mandi,Himachal Pradesh,31.7083,76.9314
175050,Mandi,Himachal Pradesh,31.7083,76.7324
175051,Mandi,Himachal Pradesh,31.8656,76.7127
175052,Mandi,Himachal Pradesh,31.7295,76.8922
175075,Mandi,Himachal Pradesh,31.7700,76.9800
175101,Kullu,Himachal Pradesh,31.9600,77.1129
175102,Kullu,Himachal Pradesh,31.9655,77.0400
175103,Kullu,Himachal Pradesh,,
175104,Kullu,Himachal Pradesh,32.0748,77.1381
175105,Kullu,Himachal Pradesh,32.0000,77.2600
175106,Mandi,Himachal Pradesh,31.6450,77.2800
175121,Mandi,Himachal Pradesh,31.7083,76.9314
175123,Kullu,Himachal Pradesh,31.6200,77.3500
175124,Mandi,Himachal Pradesh,31.6637,77.0800
175125,Kullu,Himachal Pradesh,31.8700,77.1400
175126,Kullu,Himachal Pradesh,31.8934,77.1200
175128,Kullu,Himachal Pradesh,32.0250,77.1200
175129,Kullu,Himachal Pradesh,32.1051,77.1385
175130,Kullu,Himachal Pradesh,32.1164,77.1725
175131,Kullu,Himachal Pradesh,32.1800,77.1700
175132,Lahul and Spiti,Himachal Pradesh,32.5550,77.0189
175133,Lahul and Spiti,Himachal Pradesh,32.6159,76.9037
175134,Kullu,Himachal Pradesh,31.7649,77.3500
175136,Kullu,Himachal Pradesh,32.0627,77.1480
175138,Kullu,Himachal Pradesh,31.9900,77.1300
175139,Lahul and Spiti,Himachal Pradesh,32.6489,76.8201
175140,Lahul and Spiti,Himachal Pradesh,32.5099,77.0224
175141,Kullu,Himachal Pradesh,31.8435,77.2300
175142,Lahul and Spiti,Himachal Pradesh,32.7263,76.6900
175143,Kullu,Himachal Pradesh,32.2002,77.1900
176001,Kangra,Himachal Pradesh,32.1086,76.2743
176002,Kangra,Himachal Pradesh,32.1005,76.3075
176021,Kangra,Himachal Pradesh,32.1633,75.9524
176022,Kangra,Himachal Pradesh,32.1654,75.9100
176023,Kangra,Himachal Pradesh,32.1430,76.0108
176025,Kangra,Himachal Pradesh,32.0407,75.9624
176026,Kangra,Himachal Pradesh,32.0840,76.1413
176027,Kangra,Himachal Pradesh,32.0577,76.1022
176028,Kangra,Himachal Pradesh,31.9791,76.1733
176029,Kangra,Himachal Pradesh,32.0081,76.2434
176030,Kangra,Himachal Pradesh,31.9121,76.3131
176031,Kangra,Himachal Pradesh,31.8778,76.3163
176032,Kangra,Himachal Pradesh,31.8232,76.3941
176033,Kangra,Himachal Pradesh,32.0005,76.1479
176036,Kangra,Himachal Pradesh,31.8189,76.3250
176037,Kangra,Himachal Pradesh,32.0282,76.2969
176038,Kangra,Himachal Pradesh,31.7863,76.0002
176039,Hamirpur,Himachal Pradesh,31.4610,76.5401
176040,Hamirpur,Himachal Pradesh,31.6861,76.5219
176041,Hamirpur,Himachal Pradesh,31.6059,76.5673
176042,Hamirpur,Himachal Pradesh,31.5733,76.5936
176043,Hamirpur,Himachal Pradesh,31.5966,76.6217
176044,Hamirpur,Himachal Pradesh,31.5989,76.6773
176045,Hamirpur,Himachal Pradesh,31.6429,76.6427
176047,Kangra,Himachal Pradesh,32.0998,76.3796
176048,Hamirpur,Himachal Pradesh,31.6201,76.7091
176049,Hamirpur,Himachal Pradesh,31.5931,76.5560
176051,Kangra,Himachal Pradesh,32.2134,75.9244
176052,Kangra,Himachal Pradesh,32.1716,76.4076
176053,Kangra,Himachal Pradesh,32.0863,75.9596
176054,Kangra,Himachal Pradesh,31.9951,76.3112
176055,Kangra,Himachal Pradesh,31.9562,76.4371
176056,Kangra,Himachal Pradesh,32.1130,76.3421
176057,Kangra,Himachal Pradesh,32.1964,76.3469
176058,Kangra,Himachal Pradesh,31.9867,75.8574
176059,Kangra,Himachal Pradesh,32.1226,76.4674
176060,Kangra,Himachal Pradesh,32.0809,76.4288
176061,Kangra,Himachal Pradesh,32.1073,76.5321
176062,Kangra,Himachal Pradesh,32.1031,76.5510
176063,Kangra,Himachal Pradesh,32.0484,76.6011
176064,Kangra,Himachal Pradesh,32.0903,76.4455
176065,Kangra,Himachal Pradesh,32.0354,76.4087
176066,Kangra,Himachal Pradesh,31.8297,76.2776
176067,Kangra,Himachal Pradesh,32.0705,76.5368
176071,Kangra,Himachal Pradesh,32.0315,76.5452
176073,Kangra,Himachal Pradesh,31.9245,76.5040
176075,Kangra,Himachal Pradesh,,
176076,Kangra,Himachal Pradesh,32.0020,76.6119
176077,Kangra,Himachal Pradesh,32.0735,76.6352
176081,Kangra,Himachal Pradesh,32.0732,76.6168
176082,Kangra,Himachal Pradesh,31.8648,76.5069
176083,Kangra,Himachal Pradesh,32.0293,76.5040
176084,Kangra,Himachal Pradesh,31.9827,76.4491
176085,Kangra,Himachal Pradesh,32.0580,76.4715
176086,Kangra,Himachal Pradesh,31.9625,76.5218
176087,Kangra,Himachal Pradesh,32.0280,76.5329
176088,Kangra,Himachal Pradesh,31.9387,76.6462
176089,Kangra,Himachal Pradesh,31.9045,76.6694
176090,Mandi,Himachal Pradesh,31.8350,76.6562
176091,Kangra,Himachal Pradesh,31.8881,76.6327
176092,Kangra,Himachal Pradesh,31.9930,76.4780
176093,Kangra,Himachal Pradesh,31.9871,76.4856
176094,Kangra,Himachal Pradesh,31.9691,76.5691
176095,Kangra,Himachal Pradesh,31.9198,76.5987
176096,Kangra,Himachal Pradesh,31.9238,76.5499
176097,Kangra,Himachal Pradesh,31.8891,76.5181
176098,Kangra,Himachal Pradesh,31.8399,76.4520
176101,Kangra,Himachal Pradesh,32.0143,76.4439
176102,Kangra,Himachal Pradesh,32.0708,76.4961
176103,Kangra,Himachal Pradesh,32.0463,76.5701
176107,Kangra,Himachal Pradesh,31.9316,76.4469
176108,Hamirpur,Himachal Pradesh,31.8313,76.5740
176109,Hamirpur,Himachal Pradesh,31.8732,76.5992
176110,Hamirpur,Himachal Pradesh,31.8338,76.5054
176111,Hamirpur,Himachal Pradesh,31.7633,76.5526
176115,Kangra,Himachal Pradesh,32.0714,76.6369
176125,Kangra,Himachal Pradesh,32.0508,76.6438
176128,Kangra,Himachal Pradesh,31.9724,76.6729
176200,Kangra,Himachal Pradesh,32.2944,75.9562
176201,Kangra,Himachal Pradesh,32.2700,75.8491
176202,Kangra,Himachal Pradesh,32.3001,75.9048
176203,Kangra,Himachal Pradesh,32.2258,76.2333
176204,Kangra,Himachal Pradesh,32.2239,75.8282
176205,Kangra,Himachal Pradesh,32.2190,76.2117
176206,Kangra,Himachal Pradesh,32.2141,76.1819
176207,Chamba,Himachal Pradesh,32.3017,76.0883
176208,Kangra,Himachal Pradesh,32.1648,76.2291
176209,Kangra,Himachal Pradesh,32.1484,76.2731
176210,Kangra,Himachal Pradesh,32.1497,76.0998
176211,Kangra,Himachal Pradesh,,
176213,Kangra,Himachal Pradesh,32.1935,76.3160
176214,Kangra,Himachal Pradesh,32.1358,76.2370
176215,Kangra,Himachal Pradesh,32.2147,76.3214
176216,Kangra,Himachal Pradesh,32.2405,76.3106
176217,Kangra,Himachal Pradesh,32.2086,76.2609
176218,Kangra,Himachal Pradesh,32.2127,76.3672
176219,Kangra,Himachal Pradesh,32.2408,76.3293
176225,Kangra,Himachal Pradesh,32.1929,76.0671
176301,Chamba,Himachal Pradesh,32.4871,75.9221
176302,Chamba,Himachal Pradesh,32.4303,76.0131
176303,Chamba,Himachal Pradesh,32.5437,75.9456
176304,Chamba,Himachal Pradesh,32.5418,75.9679
176305,Chamba,Himachal Pradesh,32.5444,75.9652
176306,Chamba,Himachal Pradesh,32.5766,75.9807
176308,Chamba,Himachal Pradesh,32.6194,76.0049
176309,Chamba,Himachal Pradesh,32.4437,76.4664
176310,Chamba,Himachal Pradesh,32.5577,76.1245
176311,Chamba,Himachal Pradesh,32.4812,76.2571
176312,Chamba,Himachal Pradesh,32.6967,76.0515
176313,Chamba,Himachal Pradesh,32.4599,75.9831
176314,Chamba,Himachal Pradesh,32.5713,76.1247
176315,Chamba,Himachal Pradesh,32.4479,76.5391
176316,Chamba,Himachal Pradesh,32.8492,76.1508
176317,Chamba,Himachal Pradesh,32.7204,76.0812
176318,Chamba,Himachal Pradesh,32.5889,76.1168
176319,Chamba,Himachal Pradesh,32.6645,76.0928
176320,Chamba,Himachal Pradesh,32.7216,76.0504
176321,Chamba,Himachal Pradesh,32.7658,76.1741
176323,Chamba,Himachal Pradesh,,
176324,Chamba,Himachal Pradesh,32.4439,76.3608
176325,Chamba,Himachal Pradesh,32.6264,75.9160
176326,Chamba,Himachal Pradesh,32.3307,76.5503
176401,Kangra,Himachal Pradesh,32.0757,75.7777
176402,Kangra,Himachal Pradesh,,
176403,Kangra,Himachal Pradesh,31.9832,75.8894
176501,Kangra,Himachal Pradesh,31.8981,75.9500
176502,Kangra,Himachal Pradesh,32.0266,76.1128
176601,Una,Himachal Pradesh,31.4223,76.2320
177001,Hamirpur,Himachal Pradesh,31.6849,76.5213
177005,Hamirpur,Himachal Pradesh,31.7041,76.5240
177006,Hamirpur,Himachal Pradesh,31.6318,76.4020
177007,Hamirpur,Himachal Pradesh,31.6803,76.4620
177020,Hamirpur,Himachal Pradesh,31.7240,76.4953
177021,Hamirpur,Himachal Pradesh,,
177022,Hamirpur,Himachal Pradesh,31.7568,76.5990
177023,Hamirpur,Himachal Pradesh,31.6983,76.6150
177024,Hamirpur,Himachal Pradesh,31.6501,76.6878
177025,Hamirpur,Himachal Pradesh,31.6688,76.6340
177026,Hamirpur,Himachal Pradesh,31.6205,76.4490
177027,Hamirpur,Himachal Pradesh,31.7201,76.5531
177028,Hamirpur,Himachal Pradesh,31.8217,76.5997
177029,Hamirpur,Himachal Pradesh,31.6687,76.5954
177031,Una,Himachal Pradesh,31.4430,76.4005
177033,Hamirpur,Himachal Pradesh,31.7682,76.3444
177034,Kangra,Himachal Pradesh,31.7377,76.2928
177038,Hamirpur,Himachal Pradesh,31.6861,76.5213
177039,Una,Himachal Pradesh,31.5840,76.3927
177040,Hamirpur,Himachal Pradesh,31.6890,76.4201
177041,Hamirpur,Himachal Pradesh,31.6784,76.3872
177042,Hamirpur,Himachal Pradesh,31.7302,76.3680
177043,Kangra,Himachal Pradesh,31.7790,76.2527
177044,Hamirpur,Himachal Pradesh,31.5881,76.5609
177045,Hamirpur,Himachal Pradesh,31.7425,76.4165
177048,Hamirpur,Himachal Pradesh,31.7112,76.4576
177101,Kangra,Himachal Pradesh,32.0037,76.1768
177103,Kangra,Himachal Pradesh,31.8490,76.1892
177104,Kangra,Himachal Pradesh,31.8503,76.2245
177105,Kangra,Himachal Pradesh,31.8907,76.1175
177106,Kangra,Himachal Pradesh,31.8497,76.1952
177107,Kangra,Himachal Pradesh,31.8230,76.2117
177108,Kangra,Himachal Pradesh,31.8090,76.2378
177109,Una,Himachal Pradesh,31.7666,76.1910
177110,Una,Himachal Pradesh,31.8155,76.0817
177111,Kangra,Himachal Pradesh,31.8838,75.9957
177112,Kangra,Himachal Pradesh,31.8626,76.0537
177113,Kangra,Himachal Pradesh,31.9227,76.1305
177114,Kangra,Himachal Pradesh,31.9298,76.2139
177117,Kangra,Himachal Pradesh,31.8963,76.2541
177118,Hamirpur,Himachal Pradesh,31.6867,76.4282
177119,Hamirpur,Himachal Pradesh,31.5637,76.5200
177201,Una,Himachal Pradesh,31.6575,76.0602
177202,Una,Himachal Pradesh,31.7093,76.0873
177203,Una,Himachal Pradesh,31.6874,76.1155
177204,Una,Himachal Pradesh,31.7797,76.0071
177205,Una,Himachal Pradesh,31.5010,76.5299
177206,Una,Himachal Pradesh,31.6127,76.1120
177207,Una,Himachal Pradesh,31.5041,76.1604
177208,Una,Himachal Pradesh,31.5693,76.1332
177209,Una,Himachal Pradesh,31.4618,76.2080
177210,Una,Himachal Pradesh,31.7006,76.1818
177211,Una,Himachal Pradesh,31.6153,76.1454
177212,Una,Himachal Pradesh,31.5741,76.1941
177213,Una,Himachal Pradesh,31.5867,76.1695
177219,Una,Himachal Pradesh,31.7198,76.0698
177220,Una,Himachal Pradesh,31.4134,76.2353
177301,Hamirpur,Himachal Pradesh,31.7033,76.3579
177401,Hamirpur,Himachal Pradesh,31.6268,76.5921
177501,Hamirpur,Himachal Pradesh,31.6458,76.6163
177601,Hamirpur,Himachal Pradesh,31.7097,76.6765
180001,Jammu,Jammu and Kashmir,32.7328,74.8576
180002,Jammu,Jammu and Kashmir,32.7226,74.8376
180003,Jammu,Jammu and Kashmir,32.6893,74.8756
180004,Jammu,Jammu and Kashmir,32.6965,74.8615
180005,Jammu,Jammu and Kashmir,32.7450,74.8507
180006,Jammu,Jammu and Kashmir,32.7228,74.8741
180007,Jammu,Jammu and Kashmir,32.7596,74.8561
180009,Jammu,Jammu and Kashmir,32.6529,74.8071
180010,Jammu,Jammu and Kashmir,32.6683,74.8668
180011,Jammu,Jammu and Kashmir,32.6769,74.9092
180012,Kathua,Jammu and Kashmir,32.6440,75.3916
180013,Jammu,Jammu and Kashmir,32.7723,74.8398
180015,Jammu,Jammu and Kashmir,32.6924,74.8946
180016,Jammu,Jammu and Kashmir,32.7320,74.8595
180017,Jammu,Jammu and Kashmir,32.7514,74.9398
180018,Jammu,Jammu and Kashmir,32.7436,74.8120
180019,Jammu,Jammu and Kashmir,32.7296,74.8066
180020,Jammu,Jammu and Kashmir,32.6957,74.8756
181101,Jammu,Jammu and Kashmir,32.6444,74.8158
181102,Jammu,Jammu and Kashmir,32.6038,74.7149
181111,Jammu,Jammu and Kashmir,32.5397,74.7598
181121,Jammu,Jammu and Kashmir,32.7484,74.8379
181122,Jammu,Jammu and Kashmir,32.8293,74.7659
181123,Jammu,Jammu and Kashmir,32.7863,74.8232
181124,Jammu,Jammu and Kashmir,32.7506,74.8203
181131,Jammu,Jammu and Kashmir,32.5174,74.7995
181132,Jammu,Jammu and Kashmir,32.6108,74.8595
181133,Samba,Jammu and Kashmir,32.6365,74.9141
181141,Samba,Jammu and Kashmir,32.4986,74.9414
181143,Samba,Jammu and Kashmir,32.6226,74.9927
181145,Samba,Jammu and Kashmir,32.6515,75.0061
181152,Jammu,Jammu and Kashmir,32.7104,74.9063
181201,Jammu,Jammu and Kashmir,32.8995,74.7425
181202,Jammu,Jammu and Kashmir,32.8071,74.5727
181203,Jammu,Jammu and Kashmir,32.8160,74.5126
181204,Jammu,Jammu and Kashmir,32.8403,74.4628
181205,Jammu,Jammu and Kashmir,,
181206,Jammu,Jammu and Kashmir,32.7399,74.7176
181207,Jammu,Jammu and Kashmir,32.7986,74.6042
181221,Jammu,Jammu and Kashmir,32.7965,74.9153
181224,Jammu,Jammu and Kashmir,32.7614,74.9939
182101,Udhampur,Jammu and Kashmir,32.9240,75.1381
182104,Udhampur,Jammu and Kashmir,32.9095,75.1062
182121,Udhampur,Jammu and Kashmir,,
182122,Udhampur,Jammu and Kashmir,,
182124,Udhampur,Jammu and Kashmir,32.8806,75.1762
182125,Udhampur,Jammu and Kashmir,33.0444,75.0815
182126,Udhampur,Jammu and Kashmir,32.7242,75.1791
182127,Udhampur,Jammu and Kashmir,32.7242,75.1791
182128,Udhampur,Jammu and Kashmir,32.4852,75.2911
182141,Udhampur,Jammu and Kashmir,33.0389,75.2847
182142,Udhampur,Jammu and Kashmir,33.0769,75.2934
182143,Ramban,Jammu and Kashmir,33.1217,75.3234
182144,Ramban,Jammu and Kashmir,33.1429,75.1402
182145,Ramban,Jammu and Kashmir,,
182146,Ramban,Jammu and Kashmir,33.3491,75.1542
182147,Doda,Jammu and Kashmir,33.0930,75.2700
182148,Ramban,Jammu and Kashmir,33.1929,75.3024
182161,Udhampur,Jammu and Kashmir,33.0013,75.2133
182201,Doda,Jammu and Kashmir,33.1406,75.5557
182202,Doda,Jammu and Kashmir,33.1406,75.5557
182203,Doda,Jammu and Kashmir,,
182204,Kishtwar,Jammu and Kashmir,,
182205,Kishtwar,Jammu and Kashmir,33.2252,75.4327
182206,Kishtwar,Jammu and Kashmir,33.1844,75.4639
182207,Doda,Jammu and Kashmir,33.1353,75.5175
182221,Doda,Jammu and Kashmir,33.0959,75.6032
182222,Doda,Jammu and Kashmir,,
182301,Reasi,Jammu and Kashmir,33.1105,74.4908
182311,Reasi,Jammu and Kashmir,33.0828,74.8333
182312,Reasi,Jammu and Kashmir,33.1063,74.8941
182313,Reasi,Jammu and Kashmir,33.1105,74.4908
182315,Reasi,Jammu and Kashmir,33.1105,74.4908
182320,Reasi,Jammu and Kashmir,32.9413,74.9545
184101,Kathua,Jammu and Kashmir,32.3673,75.5223
184102,Kathua,Jammu and Kashmir,32.3869,75.5315
184104,Kathua,Jammu and Kashmir,32.3846,75.4878
184120,Samba,Jammu and Kashmir,32.5544,74.9662
184121,Samba,Jammu and Kashmir,32.5568,75.1108
184141,Kathua,Jammu and Kashmir,32.4779,75.2024
184142,Kathua,Jammu and Kashmir,32.4454,75.2260
184143,Kathua,Jammu and Kashmir,32.4465,75.4799
184144,Kathua,Jammu and Kashmir,32.4676,75.3287
184145,Kathua,Jammu and Kashmir,32.4856,75.1823
184148,Kathua,Jammu and Kashmir,32.4162,75.3288
184151,Kathua,Jammu and Kashmir,32.3753,75.3397
184152,Kathua,Jammu and Kashmir,32.3845,75.5932
184201,Kathua,Jammu and Kashmir,32.5071,75.8098
184202,Kathua,Jammu and Kashmir,32.5364,75.6487
184203,Kathua,Jammu and Kashmir,32.5693,75.5305
184204,Kathua,Jammu and Kashmir,32.6136,75.6041
184205,Udhampur,Jammu and Kashmir,32.6457,75.2676
184206,Kathua,Jammu and Kashmir,32.7079,75.8156
185101,Poonch,Jammu and Kashmir,33.4547,74.0543
185102,Poonch,Jammu and Kashmir,33.7474,74.3089
185121,Poonch,Jammu and Kashmir,,
185131,Rajouri,Jammu and Kashmir,33.3720,74.3092
185132,Rajouri,Jammu and Kashmir,33.3720,74.3092
185133,Rajouri,Jammu and Kashmir,33.3757,74.6178
185135,Rajouri,Jammu and Kashmir,33.2856,74.2440
185151,Rajouri,Jammu and Kashmir,33.3720,74.3092
185152,Rajouri,Jammu and Kashmir,33.1226,74.3572
185153,Rajouri,Jammu and Kashmir,33.0499,74.4890
185154,Jammu,Jammu and Kashmir,32.7427,74.8466
185155,Rajouri,Jammu and Kashmir,33.1237,74.0541
185156,Rajouri,Jammu and Kashmir,,
185201,Rajouri,Jammu and Kashmir,33.1559,74.4290
185202,Rajouri,Jammu and Kashmir,33.2105,74.4193
185203,Reasi,Jammu and Kashmir,33.0882,74.6985
185211,Poonch,Jammu and Kashmir,33.7671,74.0920
185212,Rajouri,Jammu and Kashmir,,
185233,Rajouri,Jammu and Kashmir,,
185234,Rajouri,Jammu and Kashmir,33.3716,74.3130
190001,Srinagar,Jammu and Kashmir,34.0739,74.8151
190002,Srinagar,Jammu and Kashmir,34.0894,74.8056
190003,Srinagar,Jammu and Kashmir,34.0981,74.8166
190004,Srinagar,Jammu and Kashmir,34.0640,74.8484
190005,Srinagar,Jammu and Kashmir,34.0343,74.8005
190006,Srinagar,Jammu and Kashmir,34.1737,74.8371
190007,Budgam,Jammu and Kashmir,33.9999,74.7689
190008,Srinagar,Jammu and Kashmir,34.0633,74.8227
190009,Srinagar,Jammu and Kashmir,34.0728,74.8013
190010,Srinagar,Jammu and Kashmir,34.0699,74.8098
190011,Srinagar,Jammu and Kashmir,34.0997,74.7449
190012,Srinagar,Jammu and Kashmir,34.1010,74.7346
190014,Budgam,Jammu and Kashmir,34.0377,74.7872
190015,Budgam,Jammu and Kashmir,34.1261,74.6094
190017,Srinagar,Jammu and Kashmir,34.1050,74.6831
190018,Budgam,Jammu and Kashmir,34.0448,74.7320
190019,Budgam,Jammu and Kashmir,,
190020,Srinagar,Jammu and Kashmir,34.1529,74.8017
190021,Budgam,Jammu and Kashmir,34.0213,74.7697
190023,Srinagar,Jammu and Kashmir,34.0613,74.8173
190024,Srinagar,Jammu and Kashmir,34.1643,74.8304
190025,Srinagar,Jammu and Kashmir,34.1426,74.8608
191101,Srinagar,Jammu and Kashmir,34.1155,74.6732
191102,Pulwama,Jammu and Kashmir,34.0264,74.9668
191103,Pulwama,Jammu and Kashmir,34.0733,74.8166
191111,Budgam,Jammu and Kashmir,34.0153,74.7240
191112,Budgam,Jammu and Kashmir,33.8615,74.7669
191113,Budgam,Jammu and Kashmir,34.0083,74.8076
191121,Srinagar,Jammu and Kashmir,34.1595,74.9041
191131,Ganderbal,Jammu and Kashmir,34.2207,74.7317
191132,Budgam,Jammu and Kashmir,34.0046,74.7948
191201,Ganderbal,Jammu and Kashmir,34.2751,74.8072
191202,Ganderbal,Jammu and Kashmir,34.2806,75.1581
192101,Anantnag,Jammu and Kashmir,33.7399,75.1413
192121,Pulwama,Jammu and Kashmir,34.1050,74.6732
192122,Pulwama,Jammu and Kashmir,33.9175,75.0164
192123,Pulwama,Jammu and Kashmir,33.9263,75.1171
192124,Anantnag,Jammu and Kashmir,33.7996,75.0437
192125,Anantnag,Jammu and Kashmir,33.7597,75.2767
192126,Anantnag,Jammu and Kashmir,34.0335,75.3235
192129,Anantnag,Jammu and Kashmir,33.8160,75.2423
192201,Anantnag,Jammu and Kashmir,33.6845,75.2182
192202,Anantnag,Jammu and Kashmir,33.5914,75.2932
192210,Anantnag,Jammu and Kashmir,33.7310,75.1501
192211,Anantnag,Jammu and Kashmir,33.5712,75.2232
192212,Anantnag,Jammu and Kashmir,33.5293,75.2609
192221,Anantnag,Jammu and Kashmir,33.6208,75.1501
192231,Kulgam,Jammu and Kashmir,34.0767,74.6732
192232,Kulgam,Jammu and Kashmir,33.7150,75.0082
192233,Kulgam,Jammu and Kashmir,33.6498,75.0235
192301,Pulwama,Jammu and Kashmir,33.8677,74.9004
192302,Pulwama,Jammu and Kashmir,33.7972,74.8612
192303,Shopian,Jammu and Kashmir,33.7194,74.8313
192304,Pulwama,Jammu and Kashmir,33.9473,74.9354
192305,Shopian,Jammu and Kashmir,,
192306,Pulwama,Jammu and Kashmir,33.8202,74.8331
192401,Anantnag,Jammu and Kashmir,33.7637,75.1961
193101,Baramulla,Jammu and Kashmir,34.1400,74.0200
193103,Baramulla,Jammu and Kashmir,34.2238,74.4049
193108,Baramulla,Jammu and Kashmir,34.1848,74.4688
193109,Baramulla,Jammu and Kashmir,34.1737,74.4325
193121,Baramulla,Jammu and Kashmir,34.1384,74.5484
193122,Baramulla,Jammu and Kashmir,34.1409,74.1719
193123,Baramulla,Jammu and Kashmir,34.0800,74.0100
193201,Baramulla,Jammu and Kashmir,34.3312,74.4510
193221,Kupwara,Jammu and Kashmir,34.4000,74.7200
193222,Kupwara,Jammu and Kashmir,34.5156,74.2500
193223,Kupwara,Jammu and Kashmir,34.2955,74.3000
193224,Kupwara,Jammu and Kashmir,34.5148,74.1196
193225,Kupwara,Jammu and Kashmir,34.3996,73.8624
193301,Baramulla,Jammu and Kashmir,34.2700,74.3300
193302,Kupwara,Jammu and Kashmir,34.3700,74.3000
193303,Baramulla,Jammu and Kashmir,34.3100,74.3200
193401,Budgam,Jammu and Kashmir,34.0847,74.6136
193402,Baramulla,Jammu and Kashmir,34.1084,74.5698
193403,Baramulla,Jammu and Kashmir,34.0318,74.2359
193404,Baramulla,Jammu and Kashmir,34.0838,74.5021
193411,Budgam,Jammu and Kashmir,34.0179,74.6204
193501,Bandipora,Jammu and Kashmir,34.2860,74.6254
193502,Bandipora,Jammu and Kashmir,34.4328,74.6682
193503,Bandipora,Jammu and Kashmir,34.6328,74.8668
193504,Bandipora,Jammu and Kashmir,34.2759,74.6707
193505,Bandipora,Jammu and Kashmir,34.4220,74.5507
194101,Leh Ladakh,Ladakh,34.1528,77.5770
194102,Kargil,Ladakh,34.5535,76.1350
194103,Kargil,Ladakh,34.5535,76.1350
194104,Leh Ladakh,Ladakh,34.1528,77.5770
194105,Kargil,Ladakh,34.5535,76.1350
194106,Leh Ladakh,Ladakh,34.1528,77.5770
194107,Leh Ladakh,Ladakh,34.3211,77.1918
194109,Kargil,Ladakh,34.4627,76.3340
194201,Leh Ladakh,Ladakh,34.1528,77.5770
194202,Leh Ladakh,Ladakh,,
194301,Kargil,Ladakh,34.5535,76.1350
194302,Kargil,Ladakh,34.5535,76.1350
194303,Kargil,Ladakh,34.5535,76.1350
194401,Leh Ladakh,Ladakh,34.1528,77.5770
194402,Leh Ladakh,Ladakh,34.1528,77.5770
194404,Leh Ladakh,Ladakh,34.1528,77.5770
201001,Ghaziabad,Uttar Pradesh,28.6614,77.4323
201002,Ghaziabad,Uttar Pradesh,28.6743,77.4507
201003,Ghaziabad,Uttar Pradesh,28.7230,77.4049
201004,Ghaziabad,Uttar Pradesh,28.6921,77.4503
201005,Ghaziabad,Uttar Pradesh,28.6847,77.3632
201006,Ghaziabad,Uttar Pradesh,28.6890,77.3274
201007,Ghaziabad,Uttar Pradesh,28.6681,77.4285
201008,Gautam Buddha Nagar,Uttar Pradesh,28.5355,77.3910
201009,Ghaziabad,Uttar Pradesh,28.6584,77.4322
201010,Ghaziabad,Uttar Pradesh,28.6551,77.3413
201011,Ghaziabad,Uttar Pradesh,28.6649,77.3303
201012,Ghaziabad,Uttar Pradesh,28.6533,77.3567
201013,Ghaziabad,Uttar Pradesh,28.6838,77.4854
201014,Ghaziabad,Uttar Pradesh,28.6681,77.4285
201015,Ghaziabad,Uttar Pradesh,28.6845,77.5008
201016,Ghaziabad,Uttar Pradesh,28.6294,77.4329
201017,Ghaziabad,Uttar Pradesh,28.6681,77.4285
201018,Ghaziabad,Uttar Pradesh,28.6520,77.4366
201019,Ghaziabad,Uttar Pradesh,28.6681,77.4285
201020,Ghaziabad,Uttar Pradesh,28.6845,77.4459
201021,Ghaziabad,Uttar Pradesh,28.6341,77.3454
201102,Ghaziabad,Uttar Pradesh,28.7494,77.3174
201103,Ghaziabad,Uttar Pradesh,28.7915,77.2511
201201,Ghaziabad,Uttar Pradesh,28.8621,77.6450
201204,Ghaziabad,Uttar Pradesh,28.8362,77.5666
201206,Ghaziabad,Uttar Pradesh,28.7687,77.4687
201301,Gautam Buddha Nagar,Uttar Pradesh,,
201302,Gautam Buddha Nagar,Uttar Pradesh,28.5787,77.3134
201303,Gautam Buddha Nagar,Uttar Pradesh,,
201304,Gautam Buddha Nagar,Uttar Pradesh,28.5231,77.3856
201305,Gautam Buddha Nagar,Uttar Pradesh,28.5392,77.4064
201306,Gautam Buddha Nagar,Uttar Pradesh,28.5313,77.4471
201307,Gautam Buddha Nagar,Uttar Pradesh,28.5849,77.3870
201309,Gautam Buddha Nagar,Uttar Pradesh,28.6248,77.4030
201310,Gautam Buddha Nagar,Uttar Pradesh,28.4905,77.5477
201311,Gautam Buddha Nagar,Uttar Pradesh,28.5561,77.3591
201312,Gautam Buddha Nagar,Uttar Pradesh,28.4666,77.4256
201313,Gautam Buddha Nagar,Uttar Pradesh,,
201314,Gautam Buddha Nagar,Uttar Pradesh,28.5355,77.5685
201315,Gautam Buddha Nagar,Uttar Pradesh,,
201316,Gautam Buddha Nagar,Uttar Pradesh,,
201317,Gautam Buddha Nagar,Uttar Pradesh,,
201318,Gautam Buddha Nagar,Uttar Pradesh,28.6681,77.4285
202001,Aligarh,Uttar Pradesh,27.8883,78.0728
202002,Aligarh,Uttar Pradesh,27.9135,78.0782
202121,Aligarh,Uttar Pradesh,27.8057,78.2711
202122,Aligarh,Uttar Pradesh,27.9904,78.0613
202123,Aligarh,Uttar Pradesh,27.8299,77.8553
202124,Aligarh,Uttar Pradesh,27.7081,77.9367
202125,Aligarh,Uttar Pradesh,27.9491,78.1947
202126,Aligarh,Uttar Pradesh,27.9883,78.1012
202127,Aligarh,Uttar Pradesh,28.0093,78.1365
202128,Aligarh,Uttar Pradesh,27.8668,78.2519
202129,Aligarh,Uttar Pradesh,27.8575,78.3117
202130,Aligarh,Uttar Pradesh,27.9225,78.3988
202131,Aligarh,Uttar Pradesh,27.9834,78.3999
202132,Aligarh,Uttar Pradesh,28.0798,77.8493
202133,Aligarh,Uttar Pradesh,27.9517,78.4681
202134,Aligarh,Uttar Pradesh,27.8719,78.4638
202135,Aligarh,Uttar Pradesh,27.9381,77.8085
202136,Aligarh,Uttar Pradesh,28.0389,77.9853
202137,Aligarh,Uttar Pradesh,28.0233,77.6565
202138,Aligarh,Uttar Pradesh,27.9329,77.8610
202139,Hathras,Uttar Pradesh,27.5864,78.1479
202140,Aligarh,Uttar Pradesh,27.9089,77.9521
202141,Aligarh,Uttar Pradesh,27.9734,77.7696
202142,Aligarh,Uttar Pradesh,28.0303,77.9189
202143,Aligarh,Uttar Pradesh,28.0748,77.9392
202145,Aligarh,Uttar Pradesh,27.6400,77.8696
202146,Aligarh,Uttar Pradesh,27.9001,78.0728
202150,Aligarh,Uttar Pradesh,27.7826,78.0960
202155,Aligarh,Uttar Pradesh,28.1120,77.7609
202165,Aligarh,Uttar Pradesh,27.9482,77.6126
202170,Aligarh,Uttar Pradesh,27.7244,78.2248
202280,Aligarh,Uttar Pradesh,28.0305,78.2858
202281,Aligarh,Uttar Pradesh,28.0912,78.3273
202282,Aligarh,Uttar Pradesh,28.0497,78.2601
203001,Bulandshahr,Uttar Pradesh,28.4070,77.8610
203002,Bulandshahr,Uttar Pradesh,28.3642,77.8331
203129,Bulandshahr,Uttar Pradesh,28.1992,77.9618
203131,Bulandshahr,Uttar Pradesh,28.2514,77.8903
203132,Bulandshahr,Uttar Pradesh,28.2079,77.7968
203135,Gautam Buddha Nagar,Uttar Pradesh,28.1739,77.5786
203141,Gautam Buddha Nagar,Uttar Pradesh,28.1645,77.7223
203150,Bulandshahr,Uttar Pradesh,28.3882,78.0124
203155,Gautam Buddha Nagar,Uttar Pradesh,28.1408,77.6337
203201,Gautam Buddha Nagar,Uttar Pradesh,28.3455,77.5992
203202,Gautam Buddha Nagar,Uttar Pradesh,28.3920,77.6598
203203,Gautam Buddha Nagar,Uttar Pradesh,28.3045,77.7054
203205,Bulandshahr,Uttar Pradesh,28.4738,77.7275
203206,Bulandshahr,Uttar Pradesh,28.4402,77.7468
203207,Gautam Buddha Nagar,Uttar Pradesh,28.5825,77.5476
203209,Gautam Buddha Nagar,Uttar Pradesh,28.2434,77.5793
203389,Bulandshahr,Uttar Pradesh,28.1777,78.3755
203390,Bulandshahr,Uttar Pradesh,28.3203,78.2303
203391,Bulandshahr,Uttar Pradesh,28.3524,78.1244
203392,Bulandshahr,Uttar Pradesh,28.2246,78.1723
203393,Bulandshahr,Uttar Pradesh,28.2090,78.2975
203394,Bulandshahr,Uttar Pradesh,28.4148,78.0826
203395,Bulandshahr,Uttar Pradesh,28.3066,77.9722
203396,Bulandshahr,Uttar Pradesh,28.1692,78.0619
203397,Bulandshahr,Uttar Pradesh,28.1081,78.1357
203398,Bulandshahr,Uttar Pradesh,28.4676,78.1879
203399,Bulandshahr,Uttar Pradesh,28.1319,78.3766
203401,Bulandshahr,Uttar Pradesh,28.5042,77.8841
203402,Bulandshahr,Uttar Pradesh,28.6688,77.9753
203403,Bulandshahr,Uttar Pradesh,28.5874,78.1237
203405,Bulandshahr,Uttar Pradesh,28.5187,78.0745
203407,Bulandshahr,Uttar Pradesh,28.5520,77.9582
203408,Bulandshahr,Uttar Pradesh,28.5343,77.7938
203409,Bulandshahr,Uttar Pradesh,28.4269,77.9252
203411,Bulandshahr,Uttar Pradesh,28.6165,77.8789
203412,Bulandshahr,Uttar Pradesh,28.6168,78.0305
204101,Hathras,Uttar Pradesh,27.5830,78.0531
204102,Hathras,Uttar Pradesh,27.6353,78.1651
204211,Hathras,Uttar Pradesh,27.6640,78.2697
204212,Hathras,Uttar Pradesh,27.6069,78.2510
204213,Hathras,Uttar Pradesh,27.5678,77.9388
204214,Hathras,Uttar Pradesh,27.6086,78.3728
204215,Hathras,Uttar Pradesh,27.6864,78.3715
204216,Hathras,Uttar Pradesh,27.7051,78.0823
205001,Mainpuri,Uttar Pradesh,27.2446,78.1259
205119,Mainpuri,Uttar Pradesh,27.5449,78.5077
205121,Mainpuri,Uttar Pradesh,27.1407,78.6149
205247,Mainpuri,Uttar Pradesh,,
205261,Mainpuri,Uttar Pradesh,27.0350,78.4955
205262,Mainpuri,Uttar Pradesh,27.2184,78.4910
205263,Mainpuri,Uttar Pradesh,27.2157,78.1249
205264,Mainpuri,Uttar Pradesh,27.1226,78.1258
205265,Mainpuri,Uttar Pradesh,27.1895,78.2550
205267,Mainpuri,Uttar Pradesh,27.4522,78.4568
205268,Mainpuri,Uttar Pradesh,27.1400,78.2755
205301,Mainpuri,Uttar Pradesh,,
205303,Mainpuri,Uttar Pradesh,27.1245,78.1242
205304,Mainpuri,Uttar Pradesh,27.4545,78.4521
206001,Etawah,Uttar Pradesh,26.7749,79.0194
206002,Etawah,Uttar Pradesh,26.8046,78.9787
206003,Etawah,Uttar Pradesh,26.7515,79.0359
206120,Etawah,Uttar Pradesh,26.6633,79.2558
206121,Auraiya,Uttar Pradesh,26.5646,79.3141
206122,Auraiya,Uttar Pradesh,26.4713,79.5147
206123,Etawah,Uttar Pradesh,26.9262,79.2026
206124,Etawah,Uttar Pradesh,26.6841,79.1887
206125,Etawah,Uttar Pradesh,26.5464,79.1125
206126,Etawah,Uttar Pradesh,26.7259,79.1144
206127,Etawah,Uttar Pradesh,26.6561,79.1153
206128,Etawah,Uttar Pradesh,26.6113,79.2115
206129,Auraiya,Uttar Pradesh,26.5119,79.3838
206130,Etawah,Uttar Pradesh,26.9386,78.9613
206131,Etawah,Uttar Pradesh,26.7390,78.9066
206241,Auraiya,Uttar Pradesh,26.6969,79.4034
206242,Etawah,Uttar Pradesh,26.7734,79.2540
206243,Auraiya,Uttar Pradesh,26.8030,79.5450
206244,Auraiya,Uttar Pradesh,26.6318,79.5583
206245,Etawah,Uttar Pradesh,26.8822,78.8831
206246,Auraiya,Uttar Pradesh,26.6035,79.6333
206247,Auraiya,Uttar Pradesh,26.6043,79.4656
206248,Auraiya,Uttar Pradesh,26.7396,79.6091
206249,Auraiya,Uttar Pradesh,26.7766,79.4575
206250,Auraiya,Uttar Pradesh,26.7019,79.5041
206251,Auraiya,Uttar Pradesh,26.8386,79.6465
206252,Auraiya,Uttar Pradesh,26.8758,79.4131
206253,Etawah,Uttar Pradesh,26.8843,79.0584
206255,Auraiya,Uttar Pradesh,26.7768,79.6983
207001,Etah,Uttar Pradesh,27.5572,78.6579
207002,Etah,Uttar Pradesh,27.5700,78.6700
207003,Etah,Uttar Pradesh,27.5200,78.8200
207120,Etah,Uttar Pradesh,27.6250,78.5450
207121,Etah,Uttar Pradesh,27.4300,78.7500
207122,Etah,Uttar Pradesh,27.5700,78.4800
207123,Kasganj,Uttar Pradesh,27.7950,78.6850
207124,Kasganj,Uttar Pradesh,27.8700,78.5800
207125,Etah,Uttar Pradesh,27.6750,78.6600
207241,Kasganj,Uttar Pradesh,27.6800,78.7700
207242,Kasganj,Uttar Pradesh,27.7300,78.9195
207243,Kasganj,Uttar Pradesh,27.7100,79.0500
207244,Etah,Uttar Pradesh,27.5700,79.1200
207245,Kasganj,Uttar Pradesh,27.7700,78.8150
207246,Kasganj,Uttar Pradesh,27.6350,78.8600
207247,Etah,Uttar Pradesh,27.4600,79.1400
207248,Etah,Uttar Pradesh,27.5100,78.9300
207249,Etah,Uttar Pradesh,27.5050,79.0200
207250,Etah,Uttar Pradesh,,
207301,Etah,Uttar Pradesh,27.4400,78.4400
207302,Etah,Uttar Pradesh,27.4731,78.3000
207401,Etah,Uttar Pradesh,27.7600,78.5300
207402,Kasganj,Uttar Pradesh,27.8850,78.8250
207403,Kasganj,Uttar Pradesh,27.9050,78.7100
208001,Kanpur Nagar,Uttar Pradesh,26.4657,80.3449
208002,Kanpur Nagar,Uttar Pradesh,26.4842,80.3183
208003,Kanpur Nagar,Uttar Pradesh,26.4600,80.3305
208004,Kanpur Nagar,Uttar Pradesh,26.4514,80.3582
208005,Kanpur Nagar,Uttar Pradesh,26.4763,80.3111
208006,Kanpur Nagar,Uttar Pradesh,26.4611,80.3264
208007,Kanpur Nagar,Uttar Pradesh,26.4147,80.3902
208008,Kanpur Nagar,Uttar Pradesh,26.4138,80.3975
208009,Kanpur Nagar,Uttar Pradesh,26.4657,80.2712
208010,Kanpur Nagar,Uttar Pradesh,26.4293,80.4030
208011,Kanpur Nagar,Uttar Pradesh,26.4220,80.3272
208012,Kanpur Nagar,Uttar Pradesh,26.4684,80.3126
208013,Kanpur Nagar,Uttar Pradesh,26.4736,80.3507
208014,Kanpur Nagar,Uttar Pradesh,26.4396,80.3139
208015,Kanpur Nagar,Uttar Pradesh,26.4127,80.3718
208016,Kanpur Nagar,Uttar Pradesh,26.5119,80.2364
208017,Kanpur Nagar,Uttar Pradesh,26.4767,80.2640
208019,Kanpur Nagar,Uttar Pradesh,26.4764,80.3063
208020,Kanpur Nagar,Uttar Pradesh,26.4718,80.2874
208021,Kanpur Nagar,Uttar Pradesh,26.3997,80.3147
208022,Kanpur Nagar,Uttar Pradesh,26.4583,80.3169
208023,Kanpur Nagar,Uttar Pradesh,26.4394,80.3371
208024,Kanpur Nagar,Uttar Pradesh,26.4959,80.2764
208025,Kanpur Nagar,Uttar Pradesh,26.4770,80.2917
208026,Kanpur Nagar,Uttar Pradesh,26.4736,80.3507
208027,Kanpur Nagar,Uttar Pradesh,26.4296,80.3113
209101,Kanpur Dehat,Uttar Pradesh,26.3819,79.9529
209111,Kanpur Dehat,Uttar Pradesh,26.2306,79.8370
209112,Kanpur Dehat,Uttar Pradesh,26.1937,79.7899
209115,Kanpur Dehat,Uttar Pradesh,26.3062,79.7101
209121,Kanpur Dehat,Uttar Pradesh,26.3255,80.0929
209125,Kanpur Dehat,Uttar Pradesh,26.3742,79.6375
209202,Kanpur Nagar,Uttar Pradesh,26.7835,80.0174
209203,Kanpur Nagar,Uttar Pradesh,26.6168,80.1983
209204,Kanpur Dehat,Uttar Pradesh,26.6037,80.0398
209205,Kanpur Nagar,Uttar Pradesh,26.6674,80.1392
209206,Kanpur Nagar,Uttar Pradesh,26.1407,80.1660
209208,Kanpur Dehat,Uttar Pradesh,26.1688,79.9680
209209,Kanpur Nagar,Uttar Pradesh,26.2100,80.2757
209210,Kanpur Nagar,Uttar Pradesh,26.7402,80.0975
209214,Kanpur Nagar,Uttar Pradesh,26.3213,80.2739
209217,Kanpur Nagar,Uttar Pradesh,26.5560,80.2233
209301,Kanpur Dehat,Uttar Pradesh,26.4344,79.8076
209302,Kanpur Dehat,Uttar Pradesh,26.5657,79.7489
209303,Kanpur Dehat,Uttar Pradesh,26.4856,79.9097
209304,Kanpur Nagar,Uttar Pradesh,26.4260,80.1689
209305,Kanpur Nagar,Uttar Pradesh,26.4591,80.2207
209306,Kanpur Dehat,Uttar Pradesh,26.7119,79.7993
209307,Kanpur Dehat,Uttar Pradesh,26.4983,80.1014
209308,Kanpur Nagar,Uttar Pradesh,26.2404,80.1960
209310,Kanpur Dehat,Uttar Pradesh,26.4956,79.6942
209311,Kanpur Dehat,Uttar Pradesh,26.3624,80.0106
209312,Kanpur Dehat,Uttar Pradesh,26.2981,79.8430
209401,Kanpur Nagar,Uttar Pradesh,26.2441,80.4299
209402,Kanpur Nagar,Uttar Pradesh,26.2842,80.4886
209501,Farrukhabad,Uttar Pradesh,27.3697,79.6315
209502,Farrukhabad,Uttar Pradesh,27.5513,79.3437
209503,Farrukhabad,Uttar Pradesh,27.3697,79.6315
209504,Farrukhabad,Uttar Pradesh,27.5513,79.3437
209505,Farrukhabad,Uttar Pradesh,27.6123,79.2763
209601,Farrukhabad,Uttar Pradesh,27.3696,79.6314
209602,Farrukhabad,Uttar Pradesh,27.3612,79.5987
209621,Farrukhabad,Uttar Pradesh,27.5404,79.5976
209622,Farrukhabad,Uttar Pradesh,27.5405,79.5988
209625,Farrukhabad,Uttar Pradesh,27.3895,79.5773
209651,Farrukhabad,Uttar Pradesh,27.3081,79.4352
209652,Farrukhabad,Uttar Pradesh,27.3697,79.6315
209720,Kannauj,Uttar Pradesh,27.1355,79.4379
209721,Kannauj,Uttar Pradesh,27.1500,79.4999
209722,Kannauj,Uttar Pradesh,27.1166,79.7287
209723,Kannauj,Uttar Pradesh,26.9519,79.6451
209724,Farrukhabad,Uttar Pradesh,27.2636,79.6304
209725,Kannauj,Uttar Pradesh,27.0562,79.9180
209726,Kannauj,Uttar Pradesh,27.0286,79.9259
209727,Kannauj,Uttar Pradesh,27.0286,79.9259
209728,Kannauj,Uttar Pradesh,27.0318,79.4892
209729,Kannauj,Uttar Pradesh,27.0514,79.9141
209731,Kannauj,Uttar Pradesh,27.0454,79.6461
209732,Kannauj,Uttar Pradesh,26.9619,79.7911
209733,Kannauj,Uttar Pradesh,27.0884,79.8193
209734,Kannauj,Uttar Pradesh,26.9215,79.8997
209735,Kannauj,Uttar Pradesh,,
209736,Kannauj,Uttar Pradesh,26.9618,79.7912
209738,Kannauj,Uttar Pradesh,27.3269,79.6138
209739,Farrukhabad,Uttar Pradesh,27.2427,79.5518
209743,Farrukhabad,Uttar Pradesh,27.1166,79.7287
209745,Farrukhabad,Uttar Pradesh,27.4613,79.4747
209747,Kannauj,Uttar Pradesh,,
209749,Farrukhabad,Uttar Pradesh,27.3208,79.6221
209801,Unnao,Uttar Pradesh,26.5906,80.4676
209821,Unnao,Uttar Pradesh,26.4496,80.9052
209825,Unnao,Uttar Pradesh,26.4867,80.6937
209827,Unnao,Uttar Pradesh,26.3991,80.6875
209831,Unnao,Uttar Pradesh,26.6424,80.6215
209841,Unnao,Uttar Pradesh,26.7585,80.6021
209859,Unnao,Uttar Pradesh,26.5905,80.7652
209860,Unnao,Uttar Pradesh,26.4432,80.5446
209861,Unnao,Uttar Pradesh,26.4967,80.3974
209862,Unnao,Uttar Pradesh,26.5156,80.4311
209863,Unnao,Uttar Pradesh,26.2209,80.6566
209864,Unnao,Uttar Pradesh,26.2043,80.7214
209865,Unnao,Uttar Pradesh,26.3520,80.6558
209866,Unnao,Uttar Pradesh,26.2954,80.8242
209867,Unnao,Uttar Pradesh,26.3725,80.7062
209868,Unnao,Uttar Pradesh,26.8499,80.2513
209869,Unnao,Uttar Pradesh,,
209870,Unnao,Uttar Pradesh,26.7868,80.4957
209871,Unnao,Uttar Pradesh,26.7643,80.3177
209881,Unnao,Uttar Pradesh,26.8071,80.5863
210001,Banda,Uttar Pradesh,25.4792,80.3445
210120,Banda,Uttar Pradesh,25.3774,80.4769
210121,Banda,Uttar Pradesh,25.5800,80.6551
210122,Banda,Uttar Pradesh,,
210123,Banda,Uttar Pradesh,25.7137,80.4880
210125,Banda,Uttar Pradesh,25.5495,80.9429
210126,Banda,Uttar Pradesh,25.8074,80.4034
210128,Banda,Uttar Pradesh,25.6339,80.5251
210129,Banda,Uttar Pradesh,25.1555,80.4595
210201,Banda,Uttar Pradesh,25.3148,80.5815
210202,Banda,Uttar Pradesh,25.2219,80.6421
210203,Banda,Uttar Pradesh,25.3993,80.6941
210204,Chitrakoot,Uttar Pradesh,25.1844,80.8370
210205,Chitrakoot,Uttar Pradesh,25.2182,81.0064
210206,Chitrakoot,Uttar Pradesh,25.3472,80.9431
210207,Chitrakoot,Uttar Pradesh,25.4645,81.0889
210208,Chitrakoot,Uttar Pradesh,25.1089,81.1189
210209,Chitrakoot,Uttar Pradesh,25.2770,81.2994
210301,Hamirpur,Uttar Pradesh,25.9199,80.1518
210341,Hamirpur,Uttar Pradesh,25.7777,80.1093
210421,Mahoba,Uttar Pradesh,25.4860,79.7511
210422,Hamirpur,Uttar Pradesh,25.8391,79.5750
210423,Mahoba,Uttar Pradesh,25.1913,79.4899
210424,Mahoba,Uttar Pradesh,25.4186,79.9387
210425,Mahoba,Uttar Pradesh,25.6020,79.8157
210426,Mahoba,Uttar Pradesh,25.3173,79.6330
210427,Mahoba,Uttar Pradesh,25.3136,79.8774
210428,Hamirpur,Uttar Pradesh,,
210429,Mahoba,Uttar Pradesh,25.3766,79.4494
210430,Hamirpur,Uttar Pradesh,25.6952,79.5204
210431,Hamirpur,Uttar Pradesh,25.6272,79.5667
210432,Hamirpur,Uttar Pradesh,25.8122,79.7332
210433,Mahoba,Uttar Pradesh,25.2222,79.8375
210501,Hamirpur,Uttar Pradesh,25.8022,79.9490
210502,Hamirpur,Uttar Pradesh,25.8257,80.1843
210504,Mahoba,Uttar Pradesh,25.5274,80.0926
210505,Hamirpur,Uttar Pradesh,26.0006,80.0017
210506,Hamirpur,Uttar Pradesh,25.6628,79.8224
210507,Hamirpur,Uttar Pradesh,25.6773,80.1771
211001,Prayagraj,Uttar Pradesh,25.4434,81.8278
211002,Prayagraj,Uttar Pradesh,25.4629,81.8478
211003,Prayagraj,Uttar Pradesh,25.4413,81.8386
211004,Prayagraj,Uttar Pradesh,25.4950,81.8613
211005,Prayagraj,Uttar Pradesh,25.4321,81.8743
211006,Prayagraj,Uttar Pradesh,25.4470,81.8721
211007,Prayagraj,Uttar Pradesh,25.4348,81.8378
211008,Prayagraj,Uttar Pradesh,25.3948,81.8605
211010,Prayagraj,Uttar Pradesh,25.4358,81.8463
211011,Prayagraj,Uttar Pradesh,25.4486,81.7824
211012,Prayagraj,Uttar Pradesh,25.4480,81.7832
211013,Prayagraj,Uttar Pradesh,25.5377,81.8716
211014,Prayagraj,Uttar Pradesh,25.4751,81.8178
211015,Prayagraj,Uttar Pradesh,25.4358,81.8463
211016,Prayagraj,Uttar Pradesh,25.4412,81.8210
211017,Prayagraj,Uttar Pradesh,25.4525,81.8213
211018,Prayagraj,Uttar Pradesh,25.4591,81.8420
211019,Prayagraj,Uttar Pradesh,25.4289,81.9117
211020,Prayagraj,Uttar Pradesh,25.4222,81.8896
211021,Prayagraj,Uttar Pradesh,25.5351,81.8531
211022,Prayagraj,Uttar Pradesh,25.4286,81.8094
211023,Prayagraj,Uttar Pradesh,25.4534,81.8272
212104,Prayagraj,Uttar Pradesh,25.4358,81.8463
212105,Prayagraj,Uttar Pradesh,25.3746,81.8526
212106,Prayagraj,Uttar Pradesh,25.4358,81.8275
212107,Prayagraj,Uttar Pradesh,25.3027,81.8117
212108,Prayagraj,Uttar Pradesh,25.2052,81.8196
212109,Prayagraj,Uttar Pradesh,25.4532,81.8275
212111,Prayagraj,Uttar Pradesh,25.3027,81.8117
212201,Kaushambi,Uttar Pradesh,25.4532,81.7388
212202,Kaushambi,Uttar Pradesh,25.4427,81.6535
212203,Kaushambi,Uttar Pradesh,25.4857,81.5789
212204,Kaushambi,Uttar Pradesh,25.4532,81.8275
212205,Kaushambi,Uttar Pradesh,25.3693,81.8196
212206,Kaushambi,Uttar Pradesh,25.4532,81.8175
212207,Kaushambi,Uttar Pradesh,25.3027,81.8117
212208,Prayagraj,Uttar Pradesh,25.5518,81.7308
212212,Prayagraj,Uttar Pradesh,25.4743,81.6708
212213,Kaushambi,Uttar Pradesh,25.4532,81.8275
212214,Kaushambi,Uttar Pradesh,25.4445,81.8369
212216,Kaushambi,Uttar Pradesh,25.3778,81.5091
212217,Kaushambi,Uttar Pradesh,25.4358,81.8463
212218,Kaushambi,Uttar Pradesh,25.4532,81.8275
212301,Prayagraj,Uttar Pradesh,25.4320,81.8369
212302,Prayagraj,Uttar Pradesh,25.4358,81.8463
212303,Prayagraj,Uttar Pradesh,25.3027,81.8275
212305,Prayagraj,Uttar Pradesh,25.2585,82.0635
212306,Prayagraj,Uttar Pradesh,25.2686,82.0348
212307,Prayagraj,Uttar Pradesh,25.4532,81.8275
212308,Prayagraj,Uttar Pradesh,25.1417,81.9846
212401,Prayagraj,Uttar Pradesh,25.4998,82.2543
212402,Prayagraj,Uttar Pradesh,25.5510,82.0884
212404,Prayagraj,Uttar Pradesh,25.5214,82.0428
212405,Prayagraj,Uttar Pradesh,25.4358,81.8463
212502,Prayagraj,Uttar Pradesh,25.4532,81.8369
212503,Prayagraj,Uttar Pradesh,25.6163,81.8117
212507,Prayagraj,Uttar Pradesh,25.4532,81.8275
212601,Fatehpur,Uttar Pradesh,25.9282,80.8006
212620,Fatehpur,Uttar Pradesh,25.7657,80.8554
212621,Fatehpur,Uttar Pradesh,25.8000,80.7401
212622,Fatehpur,Uttar Pradesh,25.9173,80.8144
212631,Fatehpur,Uttar Pradesh,25.9396,80.3826
212635,Fatehpur,Uttar Pradesh,26.0214,80.5496
212641,Fatehpur,Uttar Pradesh,25.9539,80.5797
212645,Fatehpur,Uttar Pradesh,26.1473,80.7981
212650,Fatehpur,Uttar Pradesh,25.9490,81.0548
212651,Fatehpur,Uttar Pradesh,25.9257,80.8144
212652,Fatehpur,Uttar Pradesh,25.9257,81.1513
212653,Fatehpur,Uttar Pradesh,25.8371,81.2032
212654,Fatehpur,Uttar Pradesh,25.9974,80.9857
212655,Fatehpur,Uttar Pradesh,25.7561,81.0986
212656,Fatehpur,Uttar Pradesh,25.6008,81.1161
212657,Fatehpur,Uttar Pradesh,25.9557,80.5244
212658,Fatehpur,Uttar Pradesh,26.0430,80.3992
212659,Fatehpur,Uttar Pradesh,26.1051,80.3564
212661,Fatehpur,Uttar Pradesh,25.8606,80.6773
212663,Fatehpur,Uttar Pradesh,25.8834,80.6599
212664,Fatehpur,Uttar Pradesh,26.0266,80.7297
212665,Fatehpur,Uttar Pradesh,26.1473,80.5936
221001,Varanasi,Uttar Pradesh,25.3164,83.0113
221002,Varanasi,Uttar Pradesh,25.3272,82.9885
221003,Varanasi,Uttar Pradesh,25.3548,82.9515
221004,Varanasi,Uttar Pradesh,25.2327,82.7702
221005,Varanasi,Uttar Pradesh,25.3100,83.0130
221006,Varanasi,Uttar Pradesh,25.4400,82.8400
221007,Varanasi,Uttar Pradesh,25.3834,83.0129
221008,Varanasi,Uttar Pradesh,25.2810,83.0340
221009,Chandauli,Uttar Pradesh,,
221010,Varanasi,Uttar Pradesh,25.3100,82.9944
221011,Varanasi,Uttar Pradesh,25.2810,82.9790
221012,Varanasi,Uttar Pradesh,25.2810,83.1190
221101,Varanasi,Uttar Pradesh,25.4939,83.0129
221103,Varanasi,Uttar Pradesh,25.3023,82.9698
221104,Varanasi,Uttar Pradesh,25.4939,83.0129
221105,Varanasi,Uttar Pradesh,25.3700,82.9100
221106,Varanasi,Uttar Pradesh,25.3000,82.9500
221107,Varanasi,Uttar Pradesh,25.3072,82.9367
221108,Varanasi,Uttar Pradesh,25.3068,82.9615
221109,Varanasi,Uttar Pradesh,25.2116,82.8198
221110,Chandauli,Uttar Pradesh,25.2765,83.0335
221112,Varanasi,Uttar Pradesh,25.4939,83.0129
221115,Chandauli,Uttar Pradesh,25.4939,83.1190
221116,Varanasi,Uttar Pradesh,25.4939,83.0129
221201,Varanasi,Uttar Pradesh,25.4500,82.7300
221202,Varanasi,Uttar Pradesh,25.4586,82.8836
221204,Varanasi,Uttar Pradesh,25.4200,82.8100
221206,Varanasi,Uttar Pradesh,25.4865,82.8280
221207,Varanasi,Uttar Pradesh,25.5332,82.7374
221208,Varanasi,Uttar Pradesh,25.5300,82.9300
221301,Bhadohi,Uttar Pradesh,25.3900,82.5600
221302,Varanasi,Uttar Pradesh,25.4500,82.8700
221303,Bhadohi,Uttar Pradesh,25.2700,82.4200
221304,Bhadohi,Uttar Pradesh,25.3600,82.4700
221305,Varanasi,Uttar Pradesh,25.1800,82.8300
221306,Bhadohi,Uttar Pradesh,25.2500,82.5138
221307,Varanasi,Uttar Pradesh,25.2860,82.7619
221308,Bhadohi,Uttar Pradesh,25.3348,82.3218
221309,Bhadohi,Uttar Pradesh,25.3073,82.2680
221310,Bhadohi,Uttar Pradesh,25.3032,82.3600
221311,Varanasi,Uttar Pradesh,25.2600,82.8400
221313,Varanasi,Uttar Pradesh,25.2630,82.8400
221314,Bhadohi,Uttar Pradesh,25.2614,82.6140
221401,Bhadohi,Uttar Pradesh,25.3750,82.5500
221402,Bhadohi,Uttar Pradesh,25.3693,82.6402
221403,Varanasi,Uttar Pradesh,25.3500,82.7500
221404,Bhadohi,Uttar Pradesh,25.4600,82.4179
221405,Varanasi,Uttar Pradesh,25.3500,82.8200
221406,Bhadohi,Uttar Pradesh,25.4272,82.4859
221407,Varanasi,Uttar Pradesh,25.3157,83.0115
221409,Bhadohi,Uttar Pradesh,25.4099,82.6015
221502,Prayagraj,Uttar Pradesh,25.4358,81.8463
221503,Prayagraj,Uttar Pradesh,25.4532,81.8275
221505,Prayagraj,Uttar Pradesh,25.4532,81.8275
221507,Prayagraj,Uttar Pradesh,25.4721,81.8802
221508,Prayagraj,Uttar Pradesh,25.4955,81.9330
221601,Mau,Uttar Pradesh,26.2000,83.7200
221602,Mau,Uttar Pradesh,26.1100,83.7100
221603,Mau,Uttar Pradesh,26.1200,83.1400
221701,Ballia,Uttar Pradesh,25.8400,83.9350
221705,Mau,Uttar Pradesh,25.9600,83.6900
221706,Mau,Uttar Pradesh,25.9300,83.7300
221709,Ballia,Uttar Pradesh,25.8500,83.9500
221711,Ballia,Uttar Pradesh,25.9700,83.8600
221712,Ballia,Uttar Pradesh,25.8600,83.8500
221713,Ballia,Uttar Pradesh,25.7500,84.0200
221715,Ballia,Uttar Pradesh,26.1000,83.8400
221716,Ballia,Uttar Pradesh,26.0450,83.7450
221717,Ballia,Uttar Pradesh,26.0600,83.9800
221718,Ballia,Uttar Pradesh,,
222001,Jaunpur,Uttar Pradesh,25.7533,82.6893
222002,Jaunpur,Uttar Pradesh,25.7357,82.6867
222003,Jaunpur,Uttar Pradesh,25.8307,82.6817
222105,Jaunpur,Uttar Pradesh,25.6893,82.6453
222109,Jaunpur,Uttar Pradesh,25.8038,82.5548
222125,Jaunpur,Uttar Pradesh,25.7614,82.4348
222126,Jaunpur,Uttar Pradesh,25.6600,82.6175
222127,Jaunpur,Uttar Pradesh,25.6660,82.4105
222128,Jaunpur,Uttar Pradesh,25.5141,82.6765
222129,Jaunpur,Uttar Pradesh,,
222131,Jaunpur,Uttar Pradesh,25.9615,82.6125
222132,Jaunpur,Uttar Pradesh,25.5882,82.7632
222133,Jaunpur,Uttar Pradesh,25.7978,82.7858
222135,Jaunpur,Uttar Pradesh,25.7137,82.5089
222136,Jaunpur,Uttar Pradesh,25.5284,82.6423
222137,Jaunpur,Uttar Pradesh,25.6178,82.6226
222138,Jaunpur,Uttar Pradesh,25.6391,82.6566
222139,Jaunpur,Uttar Pradesh,25.8279,82.6163
222141,Jaunpur,Uttar Pradesh,25.8319,82.5114
222142,Jaunpur,Uttar Pradesh,25.6900,82.3600
222143,Jaunpur,Uttar Pradesh,25.6737,82.5514
222144,Jaunpur,Uttar Pradesh,25.7628,82.4276
222145,Jaunpur,Uttar Pradesh,25.6627,82.2835
222146,Jaunpur,Uttar Pradesh,25.6147,82.8259
222148,Jaunpur,Uttar Pradesh,26.1862,82.6578
222149,Jaunpur,Uttar Pradesh,25.6312,82.6548
222161,Jaunpur,Uttar Pradesh,25.6055,82.6049
222162,Jaunpur,Uttar Pradesh,25.6123,82.5780
222165,Jaunpur,Uttar Pradesh,25.6750,82.6750
222170,Jaunpur,Uttar Pradesh,25.7050,82.8211
222175,Jaunpur,Uttar Pradesh,25.8073,82.5200
222180,Jaunpur,Uttar Pradesh,25.8424,82.8090
222181,Jaunpur,Uttar Pradesh,,
222201,Jaunpur,Uttar Pradesh,25.7688,82.2886
222202,Jaunpur,Uttar Pradesh,25.4712,82.1943
222203,Jaunpur,Uttar Pradesh,25.4842,82.5916
222204,Jaunpur,Uttar Pradesh,25.6715,82.5000
222301,Sultanpur,Uttar Pradesh,26.0442,82.3506
222302,Sultanpur,Uttar Pradesh,26.1403,82.2271
222303,Sultanpur,Uttar Pradesh,26.1112,82.3282
223101,Jaunpur,Uttar Pradesh,25.7656,82.6780
223102,Jaunpur,Uttar Pradesh,26.0600,82.5100
223103,Jaunpur,Uttar Pradesh,25.6600,82.3600
223104,Jaunpur,Uttar Pradesh,25.6900,82.5740
223105,Jaunpur,Uttar Pradesh,25.6600,82.6541
223221,Azamgarh,Uttar Pradesh,26.1800,82.9100
223222,Azamgarh,Uttar Pradesh,26.0898,82.8025
223223,Azamgarh,Uttar Pradesh,,
223224,Azamgarh,Uttar Pradesh,25.9900,82.7600
223225,Azamgarh,Uttar Pradesh,26.1300,82.8100
223226,Azamgarh,Uttar Pradesh,26.0700,82.5700
223227,Azamgarh,Uttar Pradesh,26.0104,82.9694
224001,Ayodhya,Uttar Pradesh,26.7732,82.1384
224116,Ayodhya,Uttar Pradesh,26.7866,81.7894
224117,Ayodhya,Uttar Pradesh,26.7347,81.6535
224118,Ayodhya,Uttar Pradesh,26.6895,81.6733
224119,Ayodhya,Uttar Pradesh,26.8080,81.6299
224120,Ayodhya,Uttar Pradesh,26.7494,81.7508
224121,Ayodhya,Uttar Pradesh,26.6722,81.8361
224122,Ambedkar Nagar,Uttar Pradesh,26.4256,82.5439
224123,Ayodhya,Uttar Pradesh,26.7907,82.1986
224125,Ambedkar Nagar,Uttar Pradesh,26.2361,82.8277
224126,Ayodhya,Uttar Pradesh,26.7731,81.9224
224127,Ayodhya,Uttar Pradesh,26.6858,82.1442
224129,Ambedkar Nagar,Uttar Pradesh,26.4524,82.7806
224132,Ambedkar Nagar,Uttar Pradesh,26.4343,82.5331
224133,Ayodhya,Uttar Pradesh,26.7199,82.1501
224135,Ayodhya,Uttar Pradesh,26.7267,82.2056
224137,Ambedkar Nagar,Uttar Pradesh,26.3709,83.0328
224139,Ambedkar Nagar,Uttar Pradesh,26.3420,82.8342
224141,Ayodhya,Uttar Pradesh,26.5699,82.3820
224143,Ambedkar Nagar,Uttar Pradesh,26.4948,82.8075
224145,Ambedkar Nagar,Uttar Pradesh,26.6097,82.5375
224146,Ambedkar Nagar,Uttar Pradesh,26.3597,82.5823
224147,Ambedkar Nagar,Uttar Pradesh,26.4210,82.9266
224149,Ambedkar Nagar,Uttar Pradesh,26.3093,82.7462
224151,Ambedkar Nagar,Uttar Pradesh,26.4680,82.5331
224152,Ambedkar Nagar,Uttar Pradesh,26.4800,82.4076
224153,Ayodhya,Uttar Pradesh,26.5982,81.7924
224155,Ambedkar Nagar,Uttar Pradesh,26.4211,82.7539
224157,Ambedkar Nagar,Uttar Pradesh,26.5429,82.4062
224158,Ayodhya,Uttar Pradesh,26.6506,81.9939
224159,Ambedkar Nagar,Uttar Pradesh,26.2832,82.6484
224161,Ayodhya,Uttar Pradesh,26.6417,82.3357
224164,Ayodhya,Uttar Pradesh,26.5917,81.9085
224168,Ambedkar Nagar,Uttar Pradesh,26.4138,82.5515
224171,Ayodhya,Uttar Pradesh,26.7203,82.2414
224172,Firozabad,Uttar Pradesh,,
224176,Ambedkar Nagar,Uttar Pradesh,26.3031,83.0922
224181,Ambedkar Nagar,Uttar Pradesh,26.4573,82.8130
224182,Ayodhya,Uttar Pradesh,26.7666,81.9704
224183,Ambedkar Nagar,Uttar Pradesh,26.3003,82.8058
224186,Ambedkar Nagar,Uttar Pradesh,26.3917,82.6448
224188,Ayodhya,Uttar Pradesh,26.7525,81.9872
224189,Ayodhya,Uttar Pradesh,26.7233,81.9126
224190,Ambedkar Nagar,Uttar Pradesh,26.5492,82.6582
224195,Ayodhya,Uttar Pradesh,26.5680,82.2925
224201,Ayodhya,Uttar Pradesh,26.6984,82.1374
224202,Ayodhya,Uttar Pradesh,26.7005,82.1710
224203,Ayodhya,Uttar Pradesh,26.5850,82.2081
224204,Ayodhya,Uttar Pradesh,26.6009,82.1333
224205,Ayodhya,Uttar Pradesh,26.4612,82.2394
224206,Ayodhya,Uttar Pradesh,26.5347,82.1455
224207,Ayodhya,Uttar Pradesh,26.7732,82.1442
224208,Ayodhya,Uttar Pradesh,26.5583,82.0104
224209,Ayodhya,Uttar Pradesh,26.4758,82.1285
224210,Ambedkar Nagar,Uttar Pradesh,26.4456,82.6767
224225,Ayodhya,Uttar Pradesh,26.6011,81.9274
224227,Ambedkar Nagar,Uttar Pradesh,26.4952,82.5933
224228,Ayodhya,Uttar Pradesh,26.6294,81.9494
224229,Ayodhya,Uttar Pradesh,26.5468,81.8402
224230,Ambedkar Nagar,Uttar Pradesh,26.4165,82.7382
224231,Ambedkar Nagar,Uttar Pradesh,26.4745,82.3989
224232,Ambedkar Nagar,Uttar Pradesh,26.5673,82.6186
224234,Ayodhya,Uttar Pradesh,26.7732,82.1442
224235,Ambedkar Nagar,Uttar Pradesh,26.4283,82.6436
224238,Ambedkar Nagar,Uttar Pradesh,26.5975,82.5818
224284,Ayodhya,Uttar Pradesh,26.5601,82.0149
225001,Barabanki,Uttar Pradesh,26.9297,81.2003
225002,Barabanki,Uttar Pradesh,26.9272,81.1914
225003,Barabanki,Uttar Pradesh,26.9321,81.3000
225119,Barabanki,Uttar Pradesh,26.7219,81.3221
225120,Barabanki,Uttar Pradesh,26.7696,81.2824
225121,Barabanki,Uttar Pradesh,26.9316,81.2022
225122,Barabanki,Uttar Pradesh,26.8351,81.1509
225123,Barabanki,Uttar Pradesh,26.9316,81.2035
225124,Barabanki,Uttar Pradesh,26.6168,81.3796
225125,Barabanki,Uttar Pradesh,26.6618,81.4911
225126,Barabanki,Uttar Pradesh,26.6119,81.2535
225201,Barabanki,Uttar Pradesh,26.9325,81.3977
225202,Barabanki,Uttar Pradesh,27.1248,81.3704
225203,Barabanki,Uttar Pradesh,26.9316,81.2022
225204,Barabanki,Uttar Pradesh,26.9630,81.2479
225205,Barabanki,Uttar Pradesh,27.0529,81.3847
225206,Barabanki,Uttar Pradesh,26.9900,81.4151
225207,Barabanki,Uttar Pradesh,26.9325,81.3977
225208,Barabanki,Uttar Pradesh,26.9325,81.3977
225301,Barabanki,Uttar Pradesh,27.0439,81.1721
225302,Barabanki,Uttar Pradesh,27.0709,81.0712
225303,Barabanki,Uttar Pradesh,26.9325,81.3977
225304,Barabanki,Uttar Pradesh,27.2373,81.3579
225305,Barabanki,Uttar Pradesh,27.2009,81.2075
225306,Barabanki,Uttar Pradesh,27.1893,81.0607
225401,Barabanki,Uttar Pradesh,26.7909,81.5843
225403,Barabanki,Uttar Pradesh,26.8702,81.6765
225404,Barabanki,Uttar Pradesh,26.8813,81.5331
225405,Barabanki,Uttar Pradesh,26.8505,81.4607
225409,Barabanki,Uttar Pradesh,26.7741,81.5264
225412,Barabanki,Uttar Pradesh,26.9188,81.2833
225413,Barabanki,Uttar Pradesh,26.7606,81.4100
225414,Barabanki,Uttar Pradesh,26.9316,81.3221
225415,Barabanki,Uttar Pradesh,26.9788,81.5897
225416,Barabanki,Uttar Pradesh,26.9325,81.3977
226001,Lucknow,Uttar Pradesh,26.8495,80.9456
226002,Lucknow,Uttar Pradesh,26.8332,80.9510
226003,Lucknow,Uttar Pradesh,26.8684,80.9079
226004,Lucknow,Uttar Pradesh,26.8363,80.9212
226005,Lucknow,Uttar Pradesh,26.8159,80.9161
226006,Lucknow,Uttar Pradesh,26.8767,80.9591
226007,Lucknow,Uttar Pradesh,26.8660,80.9512
226008,Lucknow,Uttar Pradesh,26.7862,80.8461
226009,Lucknow,Uttar Pradesh,26.8074,80.9121
226010,Lucknow,Uttar Pradesh,26.8649,81.0030
226011,Lucknow,Uttar Pradesh,26.8169,80.8928
226012,Lucknow,Uttar Pradesh,26.8233,80.9181
226013,Lucknow,Uttar Pradesh,26.9307,80.9294
226014,Lucknow,Uttar Pradesh,26.7445,80.9389
226015,Lucknow,Uttar Pradesh,26.8951,80.9836
226016,Lucknow,Uttar Pradesh,26.8789,80.9922
226017,Lucknow,Uttar Pradesh,26.8479,80.8829
226018,Lucknow,Uttar Pradesh,26.8461,80.9258
226019,Lucknow,Uttar Pradesh,26.9198,81.0629
226020,Lucknow,Uttar Pradesh,26.8848,80.9349
226021,Lucknow,Uttar Pradesh,26.9063,80.9485
226022,Lucknow,Uttar Pradesh,26.8968,80.9646
226023,Lucknow,Uttar Pradesh,26.8209,80.9153
226024,Lucknow,Uttar Pradesh,26.9002,80.9467
226025,Lucknow,Uttar Pradesh,26.7643,80.9269
226026,Lucknow,Uttar Pradesh,26.9063,80.9826
226027,Lucknow,Uttar Pradesh,26.8447,80.9456
226028,Lucknow,Uttar Pradesh,26.8815,81.0027
226029,Lucknow,Uttar Pradesh,26.7814,80.9585
226030,Lucknow,Uttar Pradesh,26.7947,81.0078
226031,Lucknow,Uttar Pradesh,26.9063,80.9485
226101,Lucknow,Uttar Pradesh,26.8647,80.7810
226102,Lucknow,Uttar Pradesh,26.9168,80.7076
226103,Lucknow,Uttar Pradesh,26.9941,80.6244
226104,Lucknow,Uttar Pradesh,26.8550,80.9447
226201,Lucknow,Uttar Pradesh,26.9913,80.9204
226202,Lucknow,Uttar Pradesh,26.9913,80.9234
226203,Lucknow,Uttar Pradesh,27.0808,80.8966
226301,Lucknow,Uttar Pradesh,26.6895,80.9843
226302,Lucknow,Uttar Pradesh,26.6553,80.9689
226303,Lucknow,Uttar Pradesh,26.8447,80.9462
226401,Lucknow,Uttar Pradesh,26.6822,80.8232
226501,Lucknow,Uttar Pradesh,26.7677,81.1076
227304,Sultanpur,Uttar Pradesh,26.2148,82.0766
227405,Amethi,Uttar Pradesh,26.1541,81.8142
227406,Amethi,Uttar Pradesh,26.1089,81.9443
227407,Amethi,Uttar Pradesh,26.0986,81.8136
227408,Amethi,Uttar Pradesh,26.1516,81.7705
227409,Amethi,Uttar Pradesh,26.2073,81.6823
227411,Amethi,Uttar Pradesh,26.2571,81.7705
227412,Amethi,Uttar Pradesh,26.2146,81.8211
227413,Amethi,Uttar Pradesh,26.1304,81.8991
227801,Amethi,Uttar Pradesh,26.3690,81.6670
227805,Sultanpur,Uttar Pradesh,26.2421,81.8464
227806,Sultanpur,Uttar Pradesh,26.2093,81.8142
227807,Amethi,Uttar Pradesh,26.3743,81.7705
227808,Sultanpur,Uttar Pradesh,26.2753,82.0059
227809,Amethi,Uttar Pradesh,26.4466,81.6350
227811,Amethi,Uttar Pradesh,26.1541,81.8142
227812,Sultanpur,Uttar Pradesh,26.4099,81.9183
227813,Amethi,Uttar Pradesh,26.3747,81.8019
227814,Sultanpur,Uttar Pradesh,26.2977,82.0747
227815,Sultanpur,Uttar Pradesh,26.5121,81.7821
227816,Amethi,Uttar Pradesh,26.4757,81.6994
227817,Amethi,Uttar Pradesh,26.4797,81.5691
228001,Sultanpur,Uttar Pradesh,26.2646,82.0727
228118,Sultanpur,Uttar Pradesh,26.2769,82.0761
228119,Sultanpur,Uttar Pradesh,26.2553,82.1578
228120,Sultanpur,Uttar Pradesh,26.2447,82.2312
228121,Sultanpur,Uttar Pradesh,26.3982,82.0489
228125,Sultanpur,Uttar Pradesh,26.3276,82.1088
228131,Sultanpur,Uttar Pradesh,26.2722,82.4726
228132,Sultanpur,Uttar Pradesh,26.2555,82.0766
228133,Sultanpur,Uttar Pradesh,26.1401,82.3398
228141,Sultanpur,Uttar Pradesh,26.2849,82.2434
228142,Sultanpur,Uttar Pradesh,26.1691,82.4300
228145,Sultanpur,Uttar Pradesh,26.2502,82.2285
228151,Sultanpur,Uttar Pradesh,26.4128,82.1215
228155,Sultanpur,Uttar Pradesh,26.3451,81.9780
228159,Amethi,Uttar Pradesh,26.1226,82.0366
228161,Sultanpur,Uttar Pradesh,26.1754,82.2785
228171,Sultanpur,Uttar Pradesh,26.2367,82.5513
228172,Sultanpur,Uttar Pradesh,,
229001,Rae Bareli,Uttar Pradesh,26.2309,81.2400
229010,Rae Bareli,Uttar Pradesh,26.2325,81.2700
229103,Rae Bareli,Uttar Pradesh,26.4300,81.2700
229120,Rae Bareli,Uttar Pradesh,26.2349,81.2410
229121,Rae Bareli,Uttar Pradesh,26.2100,81.0500
229122,Rae Bareli,Uttar Pradesh,26.3000,81.0252
229123,Rae Bareli,Uttar Pradesh,26.4251,81.3225
229124,Rae Bareli,Uttar Pradesh,26.1100,81.3300
229125,Rae Bareli,Uttar Pradesh,26.1300,81.1246
229126,Amethi,Uttar Pradesh,26.4500,81.4000
229127,Rae Bareli,Uttar Pradesh,25.9789,81.4373
229128,Rae Bareli,Uttar Pradesh,26.1431,81.3416
229129,Rae Bareli,Uttar Pradesh,26.0685,81.3989
229130,Rae Bareli,Uttar Pradesh,26.2314,81.1260
229135,Amethi,Uttar Pradesh,26.3850,81.3900
229201,Rae Bareli,Uttar Pradesh,26.2043,81.2420
229202,Rae Bareli,Uttar Pradesh,26.1891,80.9801
229203,Rae Bareli,Uttar Pradesh,26.0800,81.0519
229204,Rae Bareli,Uttar Pradesh,26.0783,81.2100
229205,Rae Bareli,Uttar Pradesh,26.2842,80.9443
229206,Rae Bareli,Uttar Pradesh,26.1750,80.9800
229207,Rae Bareli,Uttar Pradesh,26.0783,81.0507
229208,Rae Bareli,Uttar Pradesh,,
229209,Rae Bareli,Uttar Pradesh,,
229210,Rae Bareli,Uttar Pradesh,26.2427,81.2420
229211,Rae Bareli,Uttar Pradesh,26.2290,80.8710
229212,Rae Bareli,Uttar Pradesh,26.1641,80.8280
229215,Rae Bareli,Uttar Pradesh,26.1230,80.8423
229216,Rae Bareli,Uttar Pradesh,26.0853,80.8650
229301,Rae Bareli,Uttar Pradesh,26.4400,81.0900
229302,Amethi,Uttar Pradesh,26.2515,81.3783
229303,Rae Bareli,Uttar Pradesh,26.3450,81.1250
229304,Amethi,Uttar Pradesh,26.2850,81.4923
229305,Rae Bareli,Uttar Pradesh,26.2050,81.5900
229306,Rae Bareli,Uttar Pradesh,26.3500,81.2455
229307,Rae Bareli,Uttar Pradesh,26.2118,81.5120
229308,Rae Bareli,Uttar Pradesh,26.5374,81.2541
229309,Amethi,Uttar Pradesh,26.3940,81.4800
229310,Rae Bareli,Uttar Pradesh,26.1456,81.3400
229311,Rae Bareli,Uttar Pradesh,26.5606,81.1435
229316,Rae Bareli,Uttar Pradesh,26.2385,81.2381
229401,Rae Bareli,Uttar Pradesh,26.2300,81.2400
229402,Rae Bareli,Uttar Pradesh,26.1200,81.2410
229404,Rae Bareli,Uttar Pradesh,26.2349,81.2410
229405,Rae Bareli,Uttar Pradesh,26.1925,81.2605
229406,Rae Bareli,Uttar Pradesh,26.2349,81.2410
229408,Pratapgarh,Uttar Pradesh,21.5432,81.5445
229410,Pratapgarh,Uttar Pradesh,,
229411,Prayagraj,Uttar Pradesh,25.5150,81.7679
229412,Prayagraj,Uttar Pradesh,25.4358,81.8275
229413,Prayagraj,Uttar Pradesh,25.6528,81.6199
229801,Amethi,Uttar Pradesh,26.4540,81.3360
229802,Amethi,Uttar Pradesh,26.2378,81.3425
230001,Pratapgarh,Uttar Pradesh,,
230002,Pratapgarh,Uttar Pradesh,21.5335,81.2506
230121,Pratapgarh,Uttar Pradesh,21.2764,81.2764
230124,Pratapgarh,Uttar Pradesh,21.1452,81.2021
230125,Pratapgarh,Uttar Pradesh,21.2544,81.3547
230126,Pratapgarh,Uttar Pradesh,21.0557,81.3626
230127,Pratapgarh,Uttar Pradesh,21.2950,81.3168
230128,Pratapgarh,Uttar Pradesh,21.2545,81.2647
230129,Pratapgarh,Uttar Pradesh,21.4545,81.6507
230130,Pratapgarh,Uttar Pradesh,,
230131,Pratapgarh,Uttar Pradesh,21.6490,81.6878
230132,Pratapgarh,Uttar Pradesh,21.4548,81.3654
230133,Pratapgarh,Uttar Pradesh,,
230134,Pratapgarh,Uttar Pradesh,21.2548,81.5469
230135,Pratapgarh,Uttar Pradesh,21.5614,81.5614
230136,Pratapgarh,Uttar Pradesh,21.4548,81.3654
230137,Pratapgarh,Uttar Pradesh,21.3355,81.2306
230138,Pratapgarh,Uttar Pradesh,21.4548,81.3654
230139,Pratapgarh,Uttar Pradesh,21.4548,81.3654
230141,Pratapgarh,Uttar Pradesh,21.2601,81.5469
230142,Pratapgarh,Uttar Pradesh,21.2601,81.6470
230143,Pratapgarh,Uttar Pradesh,21.0556,81.3626
230144,Pratapgarh,Uttar Pradesh,21.5151,81.6522
230201,Pratapgarh,Uttar Pradesh,21.4565,81.3654
230202,Pratapgarh,Uttar Pradesh,21.2600,81.3654
230204,Pratapgarh,Uttar Pradesh,21.4548,81.3654
230301,Pratapgarh,Uttar Pradesh,21.5152,81.5125
230302,Pratapgarh,Uttar Pradesh,21.6549,81.6477
230304,Pratapgarh,Uttar Pradesh,21.5152,81.5616
230306,Pratapgarh,Uttar Pradesh,21.5973,81.3546
230401,Pratapgarh,Uttar Pradesh,21.2546,81.3654
230402,Pratapgarh,Uttar Pradesh,21.2548,81.6470
230403,Pratapgarh,Uttar Pradesh,21.2654,81.6470
230404,Pratapgarh,Uttar Pradesh,21.5617,81.4279
230405,Pratapgarh,Uttar Pradesh,21.4655,81.4545
230501,Pratapgarh,Uttar Pradesh,21.3484,81.2549
230502,Pratapgarh,Uttar Pradesh,21.4548,81.3654
230503,Pratapgarh,Uttar Pradesh,21.5415,81.5625
231001,Mirzapur,Uttar Pradesh,25.1434,82.5667
231205,Sonbhadra,Uttar Pradesh,24.5391,83.0127
231206,Sonbhadra,Uttar Pradesh,24.6431,83.0970
231207,Sonbhadra,Uttar Pradesh,24.4431,83.1117
231208,Sonbhadra,Uttar Pradesh,24.2138,83.2378
231209,Sonbhadra,Uttar Pradesh,24.3612,83.1236
231210,Sonbhadra,Uttar Pradesh,24.7071,82.7806
231211,Mirzapur,Uttar Pradesh,25.0116,82.3606
231212,Sonbhadra,Uttar Pradesh,24.1809,83.2006
231213,Sonbhadra,Uttar Pradesh,24.6646,83.2412
231215,Sonbhadra,Uttar Pradesh,24.6984,82.9407
231216,Sonbhadra,Uttar Pradesh,24.6939,83.0551
231217,Sonbhadra,Uttar Pradesh,24.2600,83.0410
231218,Sonbhadra,Uttar Pradesh,24.1825,82.7949
231219,Sonbhadra,Uttar Pradesh,24.4483,82.9819
231220,Sonbhadra,Uttar Pradesh,24.1564,82.7952
231221,Sonbhadra,Uttar Pradesh,24.3021,82.9385
231222,Sonbhadra,Uttar Pradesh,24.4476,82.8637
231223,Sonbhadra,Uttar Pradesh,24.4286,82.9622
231224,Sonbhadra,Uttar Pradesh,,
231225,Sonbhadra,Uttar Pradesh,24.2105,82.8048
231226,Sonbhadra,Uttar Pradesh,24.2738,83.3837
231301,Mirzapur,Uttar Pradesh,25.0344,82.9892
231302,Mirzapur,Uttar Pradesh,25.1129,83.0690
231303,Mirzapur,Uttar Pradesh,25.1781,82.4214
231304,Mirzapur,Uttar Pradesh,25.1030,82.8797
231305,Mirzapur,Uttar Pradesh,25.1618,83.0220
231306,Mirzapur,Uttar Pradesh,25.1417,82.8325
231307,Mirzapur,Uttar Pradesh,25.1471,82.5363
231309,Mirzapur,Uttar Pradesh,24.9140,82.5037
231311,Mirzapur,Uttar Pradesh,24.9555,82.8839
231312,Mirzapur,Uttar Pradesh,25.1672,82.5554
231313,Mirzapur,Uttar Pradesh,25.1712,82.3232
231314,Mirzapur,Uttar Pradesh,25.2022,82.6766
231501,Mirzapur,Uttar Pradesh,25.1856,82.6712
232101,Chandauli,Uttar Pradesh,25.2810,83.1190
232102,Chandauli,Uttar Pradesh,25.3188,83.1190
232103,Chandauli,Uttar Pradesh,25.2810,83.1190
232104,Chandauli,Uttar Pradesh,25.2810,83.2577
232105,Chandauli,Uttar Pradesh,25.2810,83.0129
232106,Chandauli,Uttar Pradesh,25.3880,83.3770
232107,Chandauli,Uttar Pradesh,25.2810,83.1190
232108,Chandauli,Uttar Pradesh,25.3188,83.0129
232109,Chandauli,Uttar Pradesh,25.3188,83.0129
232110,Chandauli,Uttar Pradesh,25.2810,83.3770
232111,Chandauli,Uttar Pradesh,,
232118,Chandauli,Uttar Pradesh,25.2810,83.1190
232120,Chandauli,Uttar Pradesh,25.2810,83.1190
232325,Ghazipur,Uttar Pradesh,25.5765,83.5732
232326,Ghazipur,Uttar Pradesh,25.4219,83.6703
232327,Ghazipur,Uttar Pradesh,25.4949,83.8082
232328,Ghazipur,Uttar Pradesh,25.5356,83.7143
232329,Ghazipur,Uttar Pradesh,25.4011,83.5527
232330,Ghazipur,Uttar Pradesh,25.4302,83.7063
232331,Ghazipur,Uttar Pradesh,25.4160,83.5598
232332,Ghazipur,Uttar Pradesh,25.5198,83.6054
232333,Ghazipur,Uttar Pradesh,25.4567,83.7374
232336,Ghazipur,Uttar Pradesh,25.5195,83.6503
232339,Ghazipur,Uttar Pradesh,25.4824,83.7686
232340,Ghazipur,Uttar Pradesh,25.5765,83.5732
232341,Ghazipur,Uttar Pradesh,,
233001,Ghazipur,Uttar Pradesh,25.5831,83.5803
233002,Ghazipur,Uttar Pradesh,25.5676,83.5601
233221,Ghazipur,Uttar Pradesh,25.5353,83.2218
233222,Ghazipur,Uttar Pradesh,25.7591,83.6916
233223,Ghazipur,Uttar Pradesh,25.5765,83.5732
233224,Ghazipur,Uttar Pradesh,25.4892,83.4637
233225,Ghazipur,Uttar Pradesh,25.4206,83.6694
233226,Ghazipur,Uttar Pradesh,25.8048,83.5541
233227,Ghazipur,Uttar Pradesh,25.6306,83.7576
233228,Ghazipur,Uttar Pradesh,25.7278,83.9326
233229,Ghazipur,Uttar Pradesh,25.7627,83.6906
233230,Ghazipur,Uttar Pradesh,25.8091,83.6485
233231,Ghazipur,Uttar Pradesh,25.6539,83.5533
233232,Ghazipur,Uttar Pradesh,25.4627,83.4711
233233,Ghazipur,Uttar Pradesh,25.6490,83.8842
233234,Ghazipur,Uttar Pradesh,,
233300,Ghazipur,Uttar Pradesh,25.7226,83.5483
233301,Ghazipur,Uttar Pradesh,25.5765,83.5732
233302,Ghazipur,Uttar Pradesh,25.6220,83.7558
233303,Ghazipur,Uttar Pradesh,25.6145,83.6095
233304,Ghazipur,Uttar Pradesh,25.5559,83.3975
233305,Ghazipur,Uttar Pradesh,25.6539,83.5533
233306,Ghazipur,Uttar Pradesh,25.5424,83.2587
233307,Ghazipur,Uttar Pradesh,25.3775,83.2054
233310,Ghazipur,Uttar Pradesh,25.6294,83.8166
233311,Ghazipur,Uttar Pradesh,25.5525,83.4015
241001,Hardoi,Uttar Pradesh,27.3885,80.1280
241121,Hardoi,Uttar Pradesh,27.3275,80.2505
241122,Hardoi,Uttar Pradesh,27.3518,80.1349
241123,Hardoi,Uttar Pradesh,27.4922,79.7995
241124,Hardoi,Uttar Pradesh,27.6180,80.0356
241125,Hardoi,Uttar Pradesh,27.5692,80.0429
241126,Hardoi,Uttar Pradesh,27.1556,80.2450
241127,Hardoi,Uttar Pradesh,27.3987,80.1285
241201,Hardoi,Uttar Pradesh,27.3952,80.1347
241202,Hardoi,Uttar Pradesh,,
241203,Hardoi,Uttar Pradesh,27.1849,80.4233
241204,Hardoi,Uttar Pradesh,27.1331,80.4748
241301,Hardoi,Uttar Pradesh,27.2067,80.0410
241302,Hardoi,Uttar Pradesh,27.1615,80.1515
241303,Hardoi,Uttar Pradesh,27.0440,80.1560
241304,Hardoi,Uttar Pradesh,27.2650,80.4408
241305,Hardoi,Uttar Pradesh,27.0728,80.2907
241401,Hardoi,Uttar Pradesh,27.3952,80.1285
241402,Hardoi,Uttar Pradesh,27.3330,79.8390
241403,Hardoi,Uttar Pradesh,27.2535,79.9495
241404,Hardoi,Uttar Pradesh,27.4670,80.2501
241405,Hardoi,Uttar Pradesh,27.5336,80.1373
241406,Hardoi,Uttar Pradesh,27.6263,80.2332
241407,Hardoi,Uttar Pradesh,27.7094,80.2290
242001,Shahjahanpur,Uttar Pradesh,27.8837,79.9122
242021,Sambhal,Uttar Pradesh,,
242042,Shahjahanpur,Uttar Pradesh,27.8837,79.9122
242127,Shahjahanpur,Uttar Pradesh,27.8837,79.9122
242220,Shahjahanpur,Uttar Pradesh,27.8837,79.9122
242221,Shahjahanpur,Uttar Pradesh,27.8837,79.9122
242223,Shahjahanpur,Uttar Pradesh,27.8837,79.9122
242226,Shahjahanpur,Uttar Pradesh,27.8837,79.9122
242301,Shahjahanpur,Uttar Pradesh,27.8837,79.9122
242303,Shahjahanpur,Uttar Pradesh,27.8837,79.9122
242305,Shahjahanpur,Uttar Pradesh,27.8837,79.9122
242306,Shahjahanpur,Uttar Pradesh,27.8837,79.9122
242307,Shahjahanpur,Uttar Pradesh,27.8837,79.9122
242401,Shahjahanpur,Uttar Pradesh,27.8837,79.9122
242405,Shahjahanpur,Uttar Pradesh,27.8837,79.9122
242406,Shahjahanpur,Uttar Pradesh,27.8837,79.9122
242407,Shahjahanpur,Uttar Pradesh,27.8837,79.9122
243001,Bareilly,Uttar Pradesh,28.3553,79.4199
243002,Bareilly,Uttar Pradesh,28.3882,79.2919
243003,Bareilly,Uttar Pradesh,28.5683,79.4304
243004,Bareilly,Uttar Pradesh,28.2990,79.3993
243005,Bareilly,Uttar Pradesh,28.3447,79.4314
243006,Bareilly,Uttar Pradesh,28.3721,79.4434
243122,Bareilly,Uttar Pradesh,28.4026,79.4572
243123,Bareilly,Uttar Pradesh,28.5686,79.5635
243126,Bareilly,Uttar Pradesh,28.4394,79.5166
243201,Bareilly,Uttar Pradesh,28.7710,79.4950
243202,Bareilly,Uttar Pradesh,28.5475,79.4562
243203,Bareilly,Uttar Pradesh,28.5789,79.5488
243301,Bareilly,Uttar Pradesh,28.3670,79.2211
243302,Bareilly,Uttar Pradesh,28.5621,79.5634
243303,Bareilly,Uttar Pradesh,28.6540,79.4359
243401,Bareilly,Uttar Pradesh,28.5405,79.3251
243402,Bareilly,Uttar Pradesh,28.6482,79.4453
243403,Bareilly,Uttar Pradesh,28.1869,79.2578
243407,Bareilly,Uttar Pradesh,28.5385,79.6300
243501,Bareilly,Uttar Pradesh,28.3105,79.2917
243502,Bareilly,Uttar Pradesh,28.6879,79.5787
243503,Bareilly,Uttar Pradesh,28.7895,79.5799
243504,Bareilly,Uttar Pradesh,28.5047,79.4213
243505,Bareilly,Uttar Pradesh,28.7250,79.3370
243506,Bareilly,Uttar Pradesh,28.4630,79.4304
243601,Budaun,Uttar Pradesh,28.0232,79.1305
243630,Budaun,Uttar Pradesh,28.0931,79.4027
243631,Budaun,Uttar Pradesh,27.8620,79.3150
243632,Budaun,Uttar Pradesh,28.3860,78.9439
243633,Budaun,Uttar Pradesh,28.1489,78.9232
243634,Budaun,Uttar Pradesh,28.1299,79.2404
243635,Budaun,Uttar Pradesh,28.0144,79.4064
243636,Budaun,Uttar Pradesh,27.9582,78.9231
243637,Budaun,Uttar Pradesh,27.8923,79.2245
243638,Budaun,Uttar Pradesh,28.0691,78.7455
243639,Budaun,Uttar Pradesh,28.0105,78.9967
243641,Budaun,Uttar Pradesh,27.7904,79.2675
243720,Budaun,Uttar Pradesh,28.2934,78.9446
243722,Sambhal,Uttar Pradesh,,
243723,Budaun,Uttar Pradesh,28.2921,78.7195
243724,Budaun,Uttar Pradesh,28.2553,78.8077
243725,Budaun,Uttar Pradesh,28.2566,79.0433
243726,Budaun,Uttar Pradesh,28.1765,79.0758
243727,Sambhal,Uttar Pradesh,,
243751,Sambhal,Uttar Pradesh,,
244001,Moradabad,Uttar Pradesh,28.8382,78.7707
244102,Sambhal,Uttar Pradesh,28.8259,78.6767
244103,Moradabad,Uttar Pradesh,29.0440,78.7512
244104,Moradabad,Uttar Pradesh,28.8054,78.9331
244105,Moradabad,Uttar Pradesh,28.8300,78.7700
244221,Amroha,Uttar Pradesh,28.9040,78.4728
244222,Amroha,Uttar Pradesh,28.8353,78.4733
244223,Amroha,Uttar Pradesh,28.8382,78.3734
244225,Amroha,Uttar Pradesh,28.8382,78.3734
244231,Amroha,Uttar Pradesh,28.9536,78.2593
244235,Amroha,Uttar Pradesh,28.8382,78.3734
244236,Amroha,Uttar Pradesh,28.9000,78.4600
244241,Amroha,Uttar Pradesh,28.8382,78.3734
244242,Amroha,Uttar Pradesh,28.9000,78.4600
244245,Amroha,Uttar Pradesh,28.8915,78.4692
244251,Amroha,Uttar Pradesh,28.8381,78.3734
244255,Amroha,Uttar Pradesh,28.9000,78.4600
244301,Sambhal,Uttar Pradesh,29.0439,78.7511
244302,Sambhal,Uttar Pradesh,29.0430,78.7511
244303,Sambhal,Uttar Pradesh,28.5490,78.5651
244304,Sambhal,Uttar Pradesh,28.9044,78.4673
244401,Moradabad,Uttar Pradesh,29.0439,78.7511
244402,Moradabad,Uttar Pradesh,28.9503,78.8300
244410,Sambhal,Uttar Pradesh,28.3970,78.6240
244411,Moradabad,Uttar Pradesh,28.8300,78.7700
244412,Sambhal,Uttar Pradesh,29.0400,78.7500
244413,Moradabad,Uttar Pradesh,28.6628,78.3534
244414,Sambhal,Uttar Pradesh,29.0439,78.7511
244415,Moradabad,Uttar Pradesh,28.6200,78.7700
244501,Moradabad,Uttar Pradesh,29.0610,78.6268
244504,Moradabad,Uttar Pradesh,28.8300,78.7700
244601,Moradabad,Uttar Pradesh,29.1942,78.8610
244602,Moradabad,Uttar Pradesh,29.2351,78.7551
244701,Rampur,Uttar Pradesh,28.6100,79.1600
244712,Udam Singh Nagar,Uttarakhand,29.3900,79.6600
244713,Udam Singh Nagar,Uttarakhand,29.2115,78.9951
244715,Nainital,Uttarakhand,29.3684,79.1372
244716,Nainital,Uttarakhand,29.2831,79.0560
244717,Udam Singh Nagar,Uttarakhand,,
244720,Udam Singh Nagar,Uttarakhand,29.1569,79.0560
244901,Rampur,Uttar Pradesh,28.8050,79.0160
244921,Rampur,Uttar Pradesh,28.6106,79.1696
244922,Rampur,Uttar Pradesh,28.6100,79.1600
244923,Rampur,Uttar Pradesh,28.6106,79.1696
244924,Rampur,Uttar Pradesh,28.6100,79.1600
244925,Rampur,Uttar Pradesh,28.9711,78.9399
244926,Rampur,Uttar Pradesh,28.7537,79.0527
244927,Rampur,Uttar Pradesh,28.6100,79.1600
244928,Rampur,Uttar Pradesh,28.6107,79.1697
245101,Hapur,Uttar Pradesh,28.7271,77.7710
245201,Hapur,Uttar Pradesh,28.7236,77.8782
245205,Hapur,Uttar Pradesh,28.8115,78.0509
245206,Meerut,Uttar Pradesh,28.8354,77.7507
245207,Hapur,Uttar Pradesh,28.7500,77.9731
245208,Hapur,Uttar Pradesh,28.6622,78.0648
245301,Hapur,Uttar Pradesh,28.6324,77.6536
245304,Hapur,Uttar Pradesh,28.6997,77.6546
246001,Pauri Garhwal,Uttarakhand,30.1471,78.7745
246113,Pauri Garhwal,Uttarakhand,30.0512,78.7301
246121,Pauri Garhwal,Uttarakhand,29.8925,78.6701
246123,Pauri Garhwal,Uttarakhand,30.1108,78.9253
246124,Pauri Garhwal,Uttarakhand,29.8646,78.6072
246125,Pauri Garhwal,Uttarakhand,30.0963,79.0176
246127,Pauri Garhwal,Uttarakhand,29.8070,78.6094
246128,Pauri Garhwal,Uttarakhand,29.9286,78.6359
246129,Pauri Garhwal,Uttarakhand,29.8706,78.9779
246130,Pauri Garhwal,Uttarakhand,30.1500,78.9833
246131,Pauri Garhwal,Uttarakhand,29.9249,78.8269
246141,Rudra Prayag,Uttarakhand,30.4285,78.9096
246142,Pauri Garhwal,Uttarakhand,29.4908,78.7643
246144,Pauri Garhwal,Uttarakhand,29.7628,78.8588
246146,Pauri Garhwal,Uttarakhand,30.1984,78.7823
246147,Pauri Garhwal,Uttarakhand,30.1722,78.8680
246148,Pauri Garhwal,Uttarakhand,30.1494,78.7772
246149,Pauri Garhwal,Uttarakhand,29.7524,78.5269
246150,Pauri Garhwal,Uttarakhand,29.8298,79.0532
246155,Pauri Garhwal,Uttarakhand,29.7905,78.7249
246159,Pauri Garhwal,Uttarakhand,30.1414,78.7497
246161,Pauri Garhwal,Uttarakhand,29.7385,79.0129
246162,Pauri Garhwal,Uttarakhand,29.9623,78.8664
246163,Pauri Garhwal,Uttarakhand,29.9856,78.7363
246164,Pauri Garhwal,Uttarakhand,30.1061,78.8779
246165,Pauri Garhwal,Uttarakhand,30.0670,78.8213
246166,Pauri Garhwal,Uttarakhand,30.0850,78.7646
246167,Pauri Garhwal,Uttarakhand,29.9953,78.8496
246169,Pauri Garhwal,Uttarakhand,29.9146,78.9149
246171,Rudra Prayag,Uttarakhand,30.2862,78.9882
246172,Pauri Garhwal,Uttarakhand,29.9170,78.7101
246173,Pauri Garhwal,Uttarakhand,29.9994,78.5792
246174,Pauri Garhwal,Uttarakhand,30.1967,78.8043
246175,Pauri Garhwal,Uttarakhand,30.0110,78.6916
246176,Pauri Garhwal,Uttarakhand,30.0371,78.8043
246177,Pauri Garhwal,Uttarakhand,29.8793,79.0045
246178,Pauri Garhwal,Uttarakhand,30.2227,78.8161
246179,Pauri Garhwal,Uttarakhand,29.7721,78.8733
246193,Pauri Garhwal,Uttarakhand,29.8635,78.6850
246194,Pauri Garhwal,Uttarakhand,30.1830,78.6952
246275,Pauri Garhwal,Uttarakhand,29.9126,79.0871
246276,Pauri Garhwal,Uttarakhand,29.8298,79.0532
246277,Pauri Garhwal,Uttarakhand,29.7717,79.0419
246278,Pauri Garhwal,Uttarakhand,29.8925,79.0257
246279,Pauri Garhwal,Uttarakhand,29.7006,79.0815
246285,Pauri Garhwal,Uttarakhand,30.0077,79.1323
246401,Chamoli,Uttarakhand,30.4208,79.3015
246419,Rudra Prayag,Uttarakhand,30.4842,79.0763
246421,Rudra Prayag,Uttarakhand,30.4124,79.0214
246422,Chamoli,Uttarakhand,30.6948,79.5141
246424,Chamoli,Uttarakhand,30.2942,79.5665
246425,Rudra Prayag,Uttarakhand,30.4138,79.0892
246426,Chamoli,Uttarakhand,30.2757,79.2007
246427,Chamoli,Uttarakhand,30.0743,79.6127
246428,Chamoli,Uttarakhand,30.0539,79.2951
246429,Chamoli,Uttarakhand,30.2734,79.1521
246431,Chamoli,Uttarakhand,29.9692,79.3229
246435,Chamoli,Uttarakhand,30.2770,79.5062
246439,Rudra Prayag,Uttarakhand,30.5702,79.1130
246440,Chamoli,Uttarakhand,30.1673,79.2092
246441,Chamoli,Uttarakhand,30.0063,79.5686
246442,Rudra Prayag,Uttarakhand,30.3521,79.0469
246443,Chamoli,Uttarakhand,30.5534,79.5294
246444,Chamoli,Uttarakhand,30.1903,79.3497
246445,Rudra Prayag,Uttarakhand,30.2846,78.9812
246446,Chamoli,Uttarakhand,30.2930,79.2860
246448,Rudra Prayag,Uttarakhand,30.3443,79.0103
246449,Chamoli,Uttarakhand,30.2886,79.3909
246453,Chamoli,Uttarakhand,30.1762,79.3603
246455,Chamoli,Uttarakhand,30.2611,79.4226
246469,Rudra Prayag,Uttarakhand,30.5147,79.1535
246471,Rudra Prayag,Uttarakhand,30.5771,79.0276
246472,Chamoli,Uttarakhand,30.4451,79.4349
246473,Chamoli,Uttarakhand,30.3632,79.1954
246474,Chamoli,Uttarakhand,30.2181,79.2622
246475,Rudra Prayag,Uttarakhand,30.3812,78.9621
246481,Chamoli,Uttarakhand,30.1117,79.4732
246482,Chamoli,Uttarakhand,30.0406,79.5244
246483,Chamoli,Uttarakhand,30.4913,79.6310
246486,Chamoli,Uttarakhand,29.9984,79.4242
246487,Chamoli,Uttarakhand,30.2016,79.2007
246488,Chamoli,Uttarakhand,30.1988,79.3346
246495,Rudra Prayag,Uttarakhand,30.4362,79.3836
246701,Bijnor,Uttar Pradesh,29.3734,78.1385
246721,Bijnor,Uttar Pradesh,29.3827,78.1348
246722,Bijnor,Uttar Pradesh,29.3735,78.1348
246723,Bijnor,Uttar Pradesh,,
246724,Bijnor,Uttar Pradesh,29.3735,78.1348
246725,Bijnor,Uttar Pradesh,29.1429,78.2706
246726,Bijnor,Uttar Pradesh,29.2912,78.2843
246727,Bijnor,Uttar Pradesh,29.1332,78.4361
246728,Bijnor,Uttar Pradesh,29.3419,78.2258
246729,Bijnor,Uttar Pradesh,29.1708,78.3028
246731,Bijnor,Uttar Pradesh,29.4860,78.2252
246732,Bijnor,Uttar Pradesh,29.3735,78.1348
246733,Bijnor,Uttar Pradesh,29.3256,78.3806
246734,Bijnor,Uttar Pradesh,29.1470,78.4089
246735,Bijnor,Uttar Pradesh,29.3735,78.1348
246736,Bijnor,Uttar Pradesh,29.0871,78.1838
246737,Bijnor,Uttar Pradesh,29.3735,78.1348
246745,Bijnor,Uttar Pradesh,29.3735,78.1348
246746,Bijnor,Uttar Pradesh,29.2054,78.5860
246747,Bijnor,Uttar Pradesh,29.3259,78.5736
246749,Bijnor,Uttar Pradesh,,
246761,Bijnor,Uttar Pradesh,29.3326,78.3238
246762,Bijnor,Uttar Pradesh,29.4195,78.4295
246763,Bijnor,Uttar Pradesh,29.2829,78.2440
246764,Bijnor,Uttar Pradesh,29.3854,78.2238
247001,Saharanpur,Uttar Pradesh,29.9647,77.5483
247002,Saharanpur,Uttar Pradesh,29.9780,77.5039
247120,Saharanpur,Uttar Pradesh,30.0868,77.6178
247121,Saharanpur,Uttar Pradesh,30.1725,77.6163
247122,Saharanpur,Uttar Pradesh,30.3161,77.6460
247129,Saharanpur,Uttar Pradesh,30.1435,77.7266
247231,Saharanpur,Uttar Pradesh,30.0925,77.4745
247232,Saharanpur,Uttar Pradesh,30.0132,77.4002
247340,Saharanpur,Uttar Pradesh,29.8503,77.3559
247341,Saharanpur,Uttar Pradesh,29.7295,77.2362
247342,Saharanpur,Uttar Pradesh,29.9317,77.2807
247343,Saharanpur,Uttar Pradesh,29.6695,77.3224
247451,Saharanpur,Uttar Pradesh,29.8183,77.4960
247452,Saharanpur,Uttar Pradesh,29.7129,77.4078
247453,Saharanpur,Uttar Pradesh,29.6863,77.4982
247551,Saharanpur,Uttar Pradesh,29.8437,77.6315
247554,Saharanpur,Uttar Pradesh,29.6948,77.6775
247656,Haridwar,Uttarakhand,29.7892,77.9153
247661,Haridwar,Uttarakhand,29.9440,77.8300
247662,Saharanpur,Uttar Pradesh,30.0843,77.7767
247663,Haridwar,Uttarakhand,29.7818,78.1371
247664,Haridwar,Uttarakhand,29.8165,77.9188
247665,Haridwar,Uttarakhand,29.8094,77.7900
247666,Haridwar,Uttarakhand,29.8427,77.8979
247667,Haridwar,Uttarakhand,29.8630,77.8906
247668,Haridwar,Uttarakhand,29.8540,77.8880
247669,Saharanpur,Uttar Pradesh,29.9643,77.6704
247670,Haridwar,Uttarakhand,29.7000,77.8445
247671,Haridwar,Uttarakhand,29.8515,78.0601
247771,Shamli,Uttar Pradesh,29.3282,77.2880
247772,Shamli,Uttar Pradesh,29.6127,77.4397
247773,Shamli,Uttar Pradesh,29.5276,77.2253
247774,Shamli,Uttar Pradesh,29.3859,77.2064
247775,Shamli,Uttar Pradesh,29.3258,77.3073
247776,Shamli,Uttar Pradesh,29.4569,77.3115
247777,Shamli,Uttar Pradesh,29.5551,77.3893
247778,Shamli,Uttar Pradesh,29.6258,77.2574
248001,Dehradun,Uttarakhand,30.3230,78.0365
248002,Dehradun,Uttarakhand,30.2871,77.9960
248003,Dehradun,Uttarakhand,30.3657,78.0292
248005,Dehradun,Uttarakhand,30.2705,78.0780
248006,Dehradun,Uttarakhand,30.3327,77.9941
248007,Dehradun,Uttarakhand,30.3541,77.9693
248008,Dehradun,Uttarakhand,30.3160,78.0990
248009,Dehradun,Uttarakhand,30.3600,78.0700
248011,Dehradun,Uttarakhand,30.3553,77.8544
248012,Dehradun,Uttarakhand,30.2976,78.0474
248013,Dehradun,Uttarakhand,30.3700,78.1000
248014,Dehradun,Uttarakhand,30.3301,78.0577
248015,Dehradun,Uttarakhand,30.2996,78.0849
248016,Dehradun,Uttarakhand,30.2599,78.1168
248018,Dehradun,Uttarakhand,30.3219,78.0266
248019,Dehradun,Uttarakhand,30.2662,78.1062
248121,Dehradun,Uttarakhand,30.2700,78.0300
248122,Dehradun,Uttarakhand,30.4393,78.0862
248123,Dehradun,Uttarakhand,30.7016,77.8696
248124,Dehradun,Uttarakhand,30.7059,77.9684
248125,Dehradun,Uttarakhand,30.4786,77.8150
248140,Dehradun,Uttarakhand,30.1734,78.1087
248142,Dehradun,Uttarakhand,30.4581,77.7576
248143,Dehradun,Uttarakhand,30.1981,78.2190
248145,Dehradun,Uttarakhand,30.1822,78.2100
248146,Dehradun,Uttarakhand,30.3096,77.9944
248158,Dehradun,Uttarakhand,30.5844,77.8696
248159,Dehradun,Uttarakhand,30.4062,77.9519
248165,Dehradun,Uttarakhand,30.6082,77.7809
248171,Dehradun,Uttarakhand,30.3345,78.0151
248179,Dehradun,Uttarakhand,30.4564,78.0773
248195,Dehradun,Uttarakhand,30.3445,78.0333
248196,Dehradun,Uttarakhand,30.4310,78.0175
248197,Dehradun,Uttarakhand,30.3680,77.8201
248198,Dehradun,Uttarakhand,30.4842,77.7557
248199,Dehradun,Uttarakhand,30.4836,77.9359
249001,Tehri Garhwal,Uttarakhand,30.3762,78.4420
249121,Tehri Garhwal,Uttarakhand,30.3090,78.5671
249122,Tehri Garhwal,Uttarakhand,30.2319,78.6044
249123,Tehri Garhwal,Uttarakhand,30.3347,78.5167
249124,Tehri Garhwal,Uttarakhand,30.3795,78.4674
249125,Tehri Garhwal,Uttarakhand,30.5185,78.6275
249126,Tehri Garhwal,Uttarakhand,30.2243,78.6782
249127,Tehri Garhwal,Uttarakhand,30.2100,78.6700
249128,Uttar Kashi,Uttarakhand,31.0781,78.1479
249130,Tehri Garhwal,Uttarakhand,30.3800,78.4682
249131,Tehri Garhwal,Uttarakhand,30.3610,78.4311
249132,Tehri Garhwal,Uttarakhand,30.5116,78.3600
249135,Uttar Kashi,Uttarakhand,30.8196,78.6158
249136,Uttar Kashi,Uttarakhand,,
249137,Tehri Garhwal,Uttarakhand,30.2013,78.2962
249141,Uttar Kashi,Uttarakhand,30.8642,78.2348
249145,Tehri Garhwal,Uttarakhand,30.3458,78.3946
249146,Tehri Garhwal,Uttarakhand,30.2407,78.4766
249151,Uttar Kashi,Uttarakhand,30.7088,78.3537
249152,Uttar Kashi,Uttarakhand,30.6983,78.2980
249155,Tehri Garhwal,Uttarakhand,30.4301,78.6584
249161,Tehri Garhwal,Uttarakhand,30.2312,78.7483
249165,Tehri Garhwal,Uttarakhand,30.5128,78.4961
249171,Uttar Kashi,Uttarakhand,30.7848,78.1392
249175,Tehri Garhwal,Uttarakhand,30.2323,78.3508
249180,Tehri Garhwal,Uttarakhand,30.4958,78.1623
249181,Tehri Garhwal,Uttarakhand,30.4089,78.6170
249185,Uttar Kashi,Uttarakhand,30.8761,78.0945
249186,Tehri Garhwal,Uttarakhand,30.5579,78.1169
249192,Tehri Garhwal,Uttarakhand,30.1074,78.4511
249193,Uttar Kashi,Uttarakhand,30.7521,78.4560
249194,Uttar Kashi,Uttarakhand,30.7688,78.6044
249195,Uttar Kashi,Uttarakhand,30.7527,78.6050
249196,Uttar Kashi,Uttarakhand,30.5843,78.3487
249199,Tehri Garhwal,Uttarakhand,30.3200,78.4268
249201,Dehradun,Uttarakhand,30.2297,78.1581
249202,Dehradun,Uttarakhand,30.0683,78.2671
249203,Dehradun,Uttarakhand,30.0747,78.2856
249204,Dehradun,Uttarakhand,30.0700,78.2115
249205,Dehradun,Uttarakhand,30.0267,78.2093
249301,Pauri Garhwal,Uttarakhand,30.1459,78.5993
249302,Pauri Garhwal,Uttarakhand,,
249304,Pauri Garhwal,Uttarakhand,30.0781,78.3615
249306,Pauri Garhwal,Uttarakhand,,
249401,Haridwar,Uttarakhand,29.9104,78.1403
249402,Haridwar,Uttarakhand,29.9306,78.0150
249403,Haridwar,Uttarakhand,29.9359,78.1028
249404,Haridwar,Uttarakhand,29.9230,78.1281
249405,Haridwar,Uttarakhand,29.9022,77.9347
249407,Haridwar,Uttarakhand,29.7785,78.2233
249408,Haridwar,Uttarakhand,29.8654,78.1821
249410,Haridwar,Uttarakhand,29.9823,78.1898
249411,Haridwar,Uttarakhand,29.9913,78.1925
250001,Meerut,Uttar Pradesh,29.0067,77.7200
250002,Meerut,Uttar Pradesh,28.9737,77.6981
250003,Meerut,Uttar Pradesh,28.9893,77.7240
250004,Meerut,Uttar Pradesh,28.9450,77.7850
250005,Meerut,Uttar Pradesh,28.9737,77.6411
250101,Baghpat,Uttar Pradesh,28.8438,77.3275
250103,Meerut,Uttar Pradesh,28.9302,77.6450
250104,Meerut,Uttar Pradesh,28.8728,77.9403
250106,Meerut,Uttar Pradesh,28.8937,77.8934
250110,Meerut,Uttar Pradesh,29.0700,77.7160
250205,Meerut,Uttar Pradesh,28.9004,77.6017
250221,Meerut,Uttar Pradesh,29.1336,77.7045
250222,Meerut,Uttar Pradesh,29.1100,77.7853
250223,Meerut,Uttar Pradesh,29.1950,77.7063
250341,Meerut,Uttar Pradesh,29.0800,77.6200
250342,Meerut,Uttar Pradesh,29.1800,77.6103
250344,Meerut,Uttar Pradesh,29.1300,77.5200
250345,Baghpat,Uttar Pradesh,29.0873,77.3800
250401,Meerut,Uttar Pradesh,29.1128,77.8779
250402,Meerut,Uttar Pradesh,29.0800,77.9200
250404,Meerut,Uttar Pradesh,29.1500,77.9992
250406,Meerut,Uttar Pradesh,28.9700,77.9551
250501,Meerut,Uttar Pradesh,28.9673,77.5400
250502,Meerut,Uttar Pradesh,29.0300,77.5300
250601,Baghpat,Uttar Pradesh,28.9800,77.2900
250606,Baghpat,Uttar Pradesh,29.0168,77.4068
250609,Baghpat,Uttar Pradesh,28.9400,77.2300
250611,Baghpat,Uttar Pradesh,29.0829,77.2512
250615,Baghpat,Uttar Pradesh,28.9100,77.3674
250617,Baghpat,Uttar Pradesh,29.2053,77.1705
250619,Baghpat,Uttar Pradesh,29.0296,77.2215
250620,Baghpat,Uttar Pradesh,29.1462,77.3231
250621,Baghpat,Uttar Pradesh,29.1438,77.2798
250622,Baghpat,Uttar Pradesh,29.1823,77.4098
250623,Baghpat,Uttar Pradesh,29.2039,77.2828
250625,Baghpat,Uttar Pradesh,29.2270,77.3324
250626,Baghpat,Uttar Pradesh,28.9256,77.4350
251001,Muzaffarnagar,Uttar Pradesh,29.4688,77.7094
251002,Muzaffarnagar,Uttar Pradesh,29.4731,77.6892
251003,Muzaffarnagar,Uttar Pradesh,29.4282,77.6879
251201,Muzaffarnagar,Uttar Pradesh,29.2665,77.7333
251202,Muzaffarnagar,Uttar Pradesh,29.5530,77.6763
251203,Muzaffarnagar,Uttar Pradesh,29.3572,77.7077
251301,Muzaffarnagar,Uttar Pradesh,29.4716,77.4989
251305,Shamli,Uttar Pradesh,29.4789,77.4134
251306,Muzaffarnagar,Uttar Pradesh,29.4688,77.5856
251307,Muzaffarnagar,Uttar Pradesh,29.5734,77.7711
251308,Muzaffarnagar,Uttar Pradesh,29.4744,77.8680
251309,Muzaffarnagar,Uttar Pradesh,29.2842,77.4681
251310,Muzaffarnagar,Uttar Pradesh,29.5832,77.8533
251311,Muzaffarnagar,Uttar Pradesh,29.5311,77.5800
251314,Muzaffarnagar,Uttar Pradesh,29.3425,77.8484
251315,Muzaffarnagar,Uttar Pradesh,29.2859,77.9461
251316,Muzaffarnagar,Uttar Pradesh,29.4338,77.9363
251318,Muzaffarnagar,Uttar Pradesh,29.3589,77.5636
251319,Muzaffarnagar,Uttar Pradesh,29.4066,77.4780
251320,Muzaffarnagar,Uttar Pradesh,29.3645,77.8412
251327,Muzaffarnagar,Uttar Pradesh,29.6437,77.8918
261001,Sitapur,Uttar Pradesh,27.5325,80.8987
261121,Sitapur,Uttar Pradesh,27.7667,80.7333
261125,Sitapur,Uttar Pradesh,27.5667,80.6832
261131,Sitapur,Uttar Pradesh,27.5212,80.7407
261135,Sitapur,Uttar Pradesh,27.7842,80.9062
261136,Sitapur,Uttar Pradesh,27.5773,80.5806
261141,Sitapur,Uttar Pradesh,27.6538,80.4758
261145,Sitapur,Uttar Pradesh,27.5953,80.9877
261151,Sitapur,Uttar Pradesh,27.5690,80.4120
261201,Sitapur,Uttar Pradesh,27.4938,80.9968
261202,Sitapur,Uttar Pradesh,27.7684,80.7343
261203,Sitapur,Uttar Pradesh,27.3000,81.1333
261204,Sitapur,Uttar Pradesh,,
261205,Sitapur,Uttar Pradesh,27.4990,80.9944
261206,Sitapur,Uttar Pradesh,27.8182,80.6077
261207,Sitapur,Uttar Pradesh,27.7110,80.9036
261208,Sitapur,Uttar Pradesh,27.4992,80.9944
261301,Sitapur,Uttar Pradesh,27.2808,80.9235
261302,Sitapur,Uttar Pradesh,27.2296,80.8476
261303,Sitapur,Uttar Pradesh,27.2850,80.8370
261401,Sitapur,Uttar Pradesh,27.4293,80.5300
261402,Sitapur,Uttar Pradesh,27.4293,80.5300
261403,Sitapur,Uttar Pradesh,27.3278,80.5627
261404,Sitapur,Uttar Pradesh,27.5660,80.6833
261405,Sitapur,Uttar Pradesh,27.4029,80.6874
261501,Kheri,Uttar Pradesh,27.9100,80.6100
261502,Kheri,Uttar Pradesh,27.9098,81.1800
261505,Kheri,Uttar Pradesh,27.8300,80.3500
261506,Kheri,Uttar Pradesh,28.0850,80.7873
262001,Pilibhit,Uttar Pradesh,28.6297,79.8410
262121,Pilibhit,Uttar Pradesh,28.6322,79.8030
262122,Pilibhit,Uttar Pradesh,28.4985,80.2711
262123,Pilibhit,Uttar Pradesh,28.6400,79.8100
262124,Pilibhit,Uttar Pradesh,28.5137,80.1488
262201,Pilibhit,Uttar Pradesh,28.2596,79.7808
262202,Pilibhit,Uttar Pradesh,28.6208,79.8129
262203,Pilibhit,Uttar Pradesh,28.4543,79.8063
262302,Pilibhit,Uttar Pradesh,28.6322,79.8030
262305,Pilibhit,Uttar Pradesh,28.7403,80.1210
262308,Udam Singh Nagar,Uttarakhand,29.3400,79.6500
262309,Champawat,Uttarakhand,29.0698,80.1128
262310,Champawat,Uttarakhand,29.1644,80.0873
262311,Udam Singh Nagar,Uttarakhand,28.9341,79.6566
262401,Udam Singh Nagar,Uttarakhand,29.1918,79.1690
262402,Nainital,Uttarakhand,29.0947,79.5282
262405,Udam Singh Nagar,Uttarakhand,28.9433,79.7000
262406,Bareilly,Uttar Pradesh,28.6190,79.5585
262501,Pithoragarh,Uttarakhand,29.6035,80.1953
262502,Pithoragarh,Uttarakhand,29.5819,80.1951
262520,Pithoragarh,Uttarakhand,29.5407,80.2657
262521,Pithoragarh,Uttarakhand,29.5653,80.3146
262522,Pithoragarh,Uttarakhand,29.6570,80.0500
262523,Champawat,Uttarakhand,29.2950,80.0958
262524,Champawat,Uttarakhand,29.4010,80.1450
262525,Champawat,Uttarakhand,29.4450,80.1250
262526,Pithoragarh,Uttarakhand,,
262527,Champawat,Uttarakhand,29.4900,80.0300
262528,Champawat,Uttarakhand,29.3800,79.9900
262529,Pithoragarh,Uttarakhand,29.5170,80.1830
262530,Pithoragarh,Uttarakhand,29.5551,80.2103
262531,Pithoragarh,Uttarakhand,29.7750,80.0478
262532,Pithoragarh,Uttarakhand,29.7494,79.9306
262533,Pithoragarh,Uttarakhand,29.8732,80.0613
262534,Pithoragarh,Uttarakhand,29.7126,80.0435
262540,Pithoragarh,Uttarakhand,29.6244,80.2669
262541,Pithoragarh,Uttarakhand,29.7146,80.1687
262542,Pithoragarh,Uttarakhand,29.6980,80.2084
262543,Pithoragarh,Uttarakhand,29.7436,80.3340
262544,Pithoragarh,Uttarakhand,29.8053,80.3486
262545,Pithoragarh,Uttarakhand,29.8555,80.5338
262546,Pithoragarh,Uttarakhand,,
262547,Pithoragarh,Uttarakhand,29.5480,80.1770
262550,Pithoragarh,Uttarakhand,29.7764,80.2828
262551,Pithoragarh,Uttarakhand,29.7979,80.2110
262552,Pithoragarh,Uttarakhand,29.8258,80.1453
262553,Pithoragarh,Uttarakhand,30.0003,80.1448
262554,Pithoragarh,Uttarakhand,30.0594,80.2910
262555,Pithoragarh,Uttarakhand,29.9527,80.2715
262561,Champawat,Uttarakhand,29.4030,80.0901
262572,Pithoragarh,Uttarakhand,29.8865,80.0800
262576,Pithoragarh,Uttarakhand,29.8116,80.4308
262580,Champawat,Uttarakhand,29.4100,79.8800
262701,Kheri,Uttar Pradesh,27.9600,80.7600
262702,Kheri,Uttar Pradesh,27.8949,80.8073
262721,Kheri,Uttar Pradesh,27.8600,80.8300
262722,Kheri,Uttar Pradesh,27.8800,81.0800
262723,Kheri,Uttar Pradesh,27.9850,81.0600
262724,Kheri,Uttar Pradesh,28.1100,81.0300
262725,Kheri,Uttar Pradesh,27.8700,80.7500
262726,Kheri,Uttar Pradesh,28.0100,80.9300
262727,Kheri,Uttar Pradesh,27.8150,80.5000
262728,Kheri,Uttar Pradesh,27.9100,80.9200
262801,Kheri,Uttar Pradesh,28.1850,80.4550
262802,Kheri,Uttar Pradesh,28.0500,80.4300
262803,Kheri,Uttar Pradesh,28.1900,80.3300
262804,Kheri,Uttar Pradesh,28.0050,80.3300
262805,Kheri,Uttar Pradesh,27.9300,80.5100
262901,Kheri,Uttar Pradesh,28.2150,80.6100
262902,Kheri,Uttar Pradesh,28.3400,80.6900
262903,Kheri,Uttar Pradesh,28.2100,80.8450
262904,Pilibhit,Uttar Pradesh,,
262905,Kheri,Uttar Pradesh,28.3300,80.9200
262906,Kheri,Uttar Pradesh,28.3500,80.9000
262907,Kheri,Uttar Pradesh,28.1900,80.9900
262908,Kheri,Uttar Pradesh,,
263001,Nainital,Uttarakhand,29.3774,79.4463
263126,Nainital,Uttarakhand,29.2935,79.5526
263127,Nainital,Uttarakhand,29.3425,79.4828
263128,Nainital,Uttarakhand,29.3252,79.4592
263132,Nainital,Uttarakhand,29.3867,79.5883
263134,Nainital,Uttarakhand,29.5672,79.4015
263135,Nainital,Uttarakhand,29.5068,79.4731
263136,Nainital,Uttarakhand,29.3450,79.5900
263137,Nainital,Uttarakhand,29.4300,79.6100
263138,Nainital,Uttarakhand,29.5205,79.6023
263139,Nainital,Uttarakhand,29.2093,79.5196
263140,Nainital,Uttarakhand,29.3198,79.2370
263142,Nainital,Uttarakhand,29.1121,79.5237
263145,Udam Singh Nagar,Uttarakhand,29.0280,79.4472
263148,Udam Singh Nagar,Uttarakhand,28.9097,79.5147
263149,Udam Singh Nagar,Uttarakhand,29.0157,79.2905
263150,Udam Singh Nagar,Uttarakhand,29.0635,79.3311
263151,Udam Singh Nagar,Uttarakhand,29.0055,79.6551
263152,Udam Singh Nagar,Uttarakhand,29.0487,79.2590
263153,Udam Singh Nagar,Uttarakhand,28.9861,79.3855
263156,Nainital,Uttarakhand,29.3795,79.5416
263157,Nainital,Uttarakhand,29.2808,79.7507
263158,Nainital,Uttarakhand,29.4719,79.5589
263159,Nainital,Uttarakhand,29.3989,79.3005
263160,Udam Singh Nagar,Uttarakhand,29.0472,79.3583
263601,Almora,Uttarakhand,29.5984,79.6615
263619,Bageshwar,Uttarakhand,29.6948,79.7246
263620,Bageshwar,Uttarakhand,29.8454,79.6004
263621,Almora,Uttarakhand,29.7443,79.4652
263622,Almora,Uttarakhand,29.4979,79.9556
263623,Almora,Uttarakhand,29.4980,79.9535
263624,Almora,Uttarakhand,29.5984,79.6615
263625,Almora,Uttarakhand,29.4693,79.8451
263626,Almora,Uttarakhand,29.4814,79.8244
263628,Bageshwar,Uttarakhand,29.8395,79.7764
263629,Almora,Uttarakhand,29.8110,79.6139
263630,Bageshwar,Uttarakhand,29.7647,79.7519
263631,Bageshwar,Uttarakhand,29.8106,79.8283
263632,Bageshwar,Uttarakhand,30.1047,79.8528
263633,Bageshwar,Uttarakhand,29.9464,79.9030
263634,Bageshwar,Uttarakhand,29.9464,79.9030
263635,Bageshwar,Uttarakhand,29.8958,79.6193
263636,Almora,Uttarakhand,29.7816,79.6039
263637,Almora,Uttarakhand,29.7818,79.6039
263638,Almora,Uttarakhand,29.7590,79.6145
263639,Bageshwar,Uttarakhand,29.8110,79.6039
263640,Bageshwar,Uttarakhand,29.8091,79.8259
263641,Bageshwar,Uttarakhand,29.8958,79.6193
263642,Bageshwar,Uttarakhand,29.8395,79.7764
263643,Almora,Uttarakhand,29.6164,79.6243
263645,Almora,Uttarakhand,29.6458,79.4322
263646,Almora,Uttarakhand,29.6434,79.4322
263651,Almora,Uttarakhand,29.6104,79.4507
263652,Almora,Uttarakhand,29.6434,79.4322
263653,Almora,Uttarakhand,29.6434,79.4322
263655,Almora,Uttarakhand,29.7312,79.5954
263656,Almora,Uttarakhand,29.8833,79.3500
263658,Almora,Uttarakhand,29.8833,79.3500
263659,Almora,Uttarakhand,29.6434,79.4322
263660,Almora,Uttarakhand,29.6434,79.4322
263661,Almora,Uttarakhand,29.8426,79.2129
263663,Almora,Uttarakhand,29.6434,79.4186
263664,Almora,Uttarakhand,29.6434,79.4322
263665,Almora,Uttarakhand,29.7033,79.4413
263667,Almora,Uttarakhand,29.6434,79.4322
263676,Almora,Uttarakhand,29.5866,79.6055
263678,Almora,Uttarakhand,29.5984,79.6615
263679,Bageshwar,Uttarakhand,29.9464,79.9030
263680,Almora,Uttarakhand,29.6434,79.4322
271001,Gonda,Uttar Pradesh,27.1289,81.9433
271002,Gonda,Uttar Pradesh,27.1427,81.9903
271003,Gonda,Uttar Pradesh,27.1304,81.9440
271122,Gonda,Uttar Pradesh,27.2664,81.8985
271123,Gonda,Uttar Pradesh,27.0388,82.0017
271124,Gonda,Uttar Pradesh,26.9691,82.1176
271125,Gonda,Uttar Pradesh,27.1139,81.8722
271126,Gonda,Uttar Pradesh,27.1306,81.8072
271129,Gonda,Uttar Pradesh,26.9519,82.1469
271201,Balrampur,Uttar Pradesh,27.4354,82.1935
271202,Gonda,Uttar Pradesh,27.2582,82.0434
271203,Balrampur,Uttar Pradesh,27.5932,82.5695
271204,Gonda,Uttar Pradesh,27.3645,81.9545
271205,Balrampur,Uttar Pradesh,27.5056,82.3019
271206,Balrampur,Uttar Pradesh,27.5705,82.6727
271207,Balrampur,Uttar Pradesh,27.6822,82.2002
271208,Balrampur,Uttar Pradesh,27.5246,82.4130
271209,Gonda,Uttar Pradesh,27.3573,82.0734
271210,Balrampur,Uttar Pradesh,27.5046,82.5291
271215,Balrampur,Uttar Pradesh,27.5027,82.6461
271301,Gonda,Uttar Pradesh,27.0983,82.1418
271302,Gonda,Uttar Pradesh,27.0495,82.2271
271303,Gonda,Uttar Pradesh,26.8596,82.0965
271304,Gonda,Uttar Pradesh,26.8742,82.1502
271305,Gonda,Uttar Pradesh,26.9832,82.3689
271306,Balrampur,Uttar Pradesh,27.1710,82.2823
271307,Balrampur,Uttar Pradesh,27.1051,82.3856
271308,Gonda,Uttar Pradesh,27.0680,82.2339
271309,Gonda,Uttar Pradesh,26.8960,82.0450
271310,Gonda,Uttar Pradesh,27.0470,82.1109
271311,Gonda,Uttar Pradesh,27.0909,81.6274
271312,Gonda,Uttar Pradesh,27.0808,82.4585
271313,Gonda,Uttar Pradesh,26.9441,82.4401
271319,Gonda,Uttar Pradesh,26.8858,82.2021
271401,Gonda,Uttar Pradesh,26.9770,81.8948
271402,Gonda,Uttar Pradesh,26.9051,81.8650
271403,Gonda,Uttar Pradesh,26.8712,81.9760
271502,Gonda,Uttar Pradesh,27.1167,81.7295
271503,Gonda,Uttar Pradesh,27.2315,81.7794
271504,Gonda,Uttar Pradesh,27.0165,81.7812
271601,Gonda,Uttar Pradesh,27.1662,82.0868
271602,Gonda,Uttar Pradesh,27.1968,82.1554
271603,Gonda,Uttar Pradesh,27.2410,82.1678
271604,Balrampur,Uttar Pradesh,27.2756,82.4486
271607,Balrampur,Uttar Pradesh,27.3665,82.2999
271609,Balrampur,Uttar Pradesh,27.2861,82.3400
271801,Bahraich,Uttar Pradesh,27.5743,81.5961
271802,Bahraich,Uttar Pradesh,27.5892,81.6039
271803,Shravasti,Uttar Pradesh,27.7040,81.7117
271804,Shravasti,Uttar Pradesh,27.6479,81.8211
271805,Shravasti,Uttar Pradesh,27.4672,82.0086
271806,Bahraich,Uttar Pradesh,27.4667,81.7486
271821,Bahraich,Uttar Pradesh,27.5833,81.6962
271824,Bahraich,Uttar Pradesh,27.5923,81.3963
271825,Bahraich,Uttar Pradesh,27.5499,81.4547
271830,Bahraich,Uttar Pradesh,27.8478,81.4725
271831,Shravasti,Uttar Pradesh,27.7040,82.0365
271835,Shravasti,Uttar Pradesh,27.5423,81.8190
271840,Shravasti,Uttar Pradesh,27.7040,81.9324
271841,Bahraich,Uttar Pradesh,27.8659,81.4967
271845,Shravasti,Uttar Pradesh,27.5037,81.9480
271851,Bahraich,Uttar Pradesh,27.8140,81.3146
271855,Bahraich,Uttar Pradesh,28.0131,81.3908
271861,Balrampur,Uttar Pradesh,27.5635,82.1685
271865,Bahraich,Uttar Pradesh,27.8544,81.5215
271870,Bahraich,Uttar Pradesh,27.4993,81.6842
271871,Bahraich,Uttar Pradesh,27.4254,81.7742
271872,Bahraich,Uttar Pradesh,27.3483,81.6648
271875,Bahraich,Uttar Pradesh,27.7764,81.5624
271881,Bahraich,Uttar Pradesh,27.8659,81.4967
271882,Bahraich,Uttar Pradesh,27.7828,81.5521
271901,Bahraich,Uttar Pradesh,27.5467,81.2546
271902,Bahraich,Uttar Pradesh,27.3958,81.4728
271903,Bahraich,Uttar Pradesh,27.5442,81.6494
271904,Bahraich,Uttar Pradesh,27.2099,81.5380
272001,Basti,Uttar Pradesh,26.7941,82.7263
272002,Basti,Uttar Pradesh,26.9196,82.7359
272123,Basti,Uttar Pradesh,26.7475,82.5773
272124,Basti,Uttar Pradesh,26.8176,82.7633
272125,Sant Kabeer Nagar,Uttar Pradesh,26.8937,82.9443
272126,Sant Kabeer Nagar,Uttar Pradesh,26.9095,82.9249
272127,Basti,Uttar Pradesh,26.7773,82.3799
272128,Basti,Uttar Pradesh,26.7243,82.4389
272129,Basti,Uttar Pradesh,26.7993,82.3181
272130,Basti,Uttar Pradesh,26.7927,82.4702
272131,Basti,Uttar Pradesh,26.7541,82.5817
272148,Basti,Uttar Pradesh,26.9792,82.8579
272150,Basti,Uttar Pradesh,26.9598,82.8161
272151,Basti,Uttar Pradesh,27.0290,82.8036
272152,Siddharth Nagar,Uttar Pradesh,27.0698,82.9624
272153,Siddharth Nagar,Uttar Pradesh,27.1755,82.9300
272154,Sant Kabeer Nagar,Uttar Pradesh,27.0819,83.0655
272155,Basti,Uttar Pradesh,26.7927,82.4702
272161,Basti,Uttar Pradesh,26.8760,82.3647
272162,Sant Kabeer Nagar,Uttar Pradesh,26.5505,83.0169
272163,Basti,Uttar Pradesh,26.9083,82.5715
272164,Sant Kabeer Nagar,Uttar Pradesh,26.6674,83.0039
272165,Sant Kabeer Nagar,Uttar Pradesh,26.5415,83.0079
272171,Basti,Uttar Pradesh,26.6598,82.8221
272172,Sant Kabeer Nagar,Uttar Pradesh,26.6333,82.9907
272173,Sant Kabeer Nagar,Uttar Pradesh,26.7527,83.1340
272175,Sant Kabeer Nagar,Uttar Pradesh,26.7898,83.0760
272176,Sant Kabeer Nagar,Uttar Pradesh,27.0819,83.0655
272177,Basti,Uttar Pradesh,26.8175,82.2253
272178,Basti,Uttar Pradesh,26.8638,82.4144
272181,Basti,Uttar Pradesh,26.8717,82.5130
272182,Basti,Uttar Pradesh,26.8512,82.7261
272189,Siddharth Nagar,Uttar Pradesh,27.1958,82.6482
272190,Basti,Uttar Pradesh,26.9294,82.7146
272191,Siddharth Nagar,Uttar Pradesh,27.1743,82.6532
272192,Siddharth Nagar,Uttar Pradesh,27.3295,82.6945
272193,Siddharth Nagar,Uttar Pradesh,27.2633,82.6504
272194,Basti,Uttar Pradesh,26.8175,82.7633
272195,Siddharth Nagar,Uttar Pradesh,,
272199,Sant Kabeer Nagar,Uttar Pradesh,26.8663,83.0256
272201,Siddharth Nagar,Uttar Pradesh,27.2717,82.8021
272202,Siddharth Nagar,Uttar Pradesh,27.3789,83.1087
272203,Siddharth Nagar,Uttar Pradesh,27.3014,83.0948
272204,Siddharth Nagar,Uttar Pradesh,27.3457,83.1241
272205,Siddharth Nagar,Uttar Pradesh,27.3912,82.9597
272206,Siddharth Nagar,Uttar Pradesh,27.3741,83.1525
272207,Siddharth Nagar,Uttar Pradesh,27.2772,83.0849
272208,Siddharth Nagar,Uttar Pradesh,27.1910,83.1241
272270,Sant Kabeer Nagar,Uttar Pradesh,26.9990,83.0421
272271,Sant Kabeer Nagar,Uttar Pradesh,26.9744,83.1997
272301,Basti,Uttar Pradesh,26.6390,82.6832
272302,Basti,Uttar Pradesh,26.7307,82.6806
273001,Gorakhpur,Uttar Pradesh,26.7561,83.3732
273002,Gorakhpur,Uttar Pradesh,26.7587,83.4596
273003,Gorakhpur,Uttar Pradesh,26.7911,83.3867
273004,Gorakhpur,Uttar Pradesh,26.7875,83.3800
273005,Gorakhpur,Uttar Pradesh,26.7443,83.3584
273006,Gorakhpur,Uttar Pradesh,26.7720,83.3858
273007,Gorakhpur,Uttar Pradesh,26.8355,83.3389
273008,Gorakhpur,Uttar Pradesh,26.7487,83.3911
273009,Gorakhpur,Uttar Pradesh,26.7514,83.3816
273010,Gorakhpur,Uttar Pradesh,26.7313,83.4332
273012,Gorakhpur,Uttar Pradesh,26.7604,83.3805
273013,Gorakhpur,Uttar Pradesh,26.8086,83.3902
273014,Gorakhpur,Uttar Pradesh,26.7637,83.3973
273015,Gorakhpur,Uttar Pradesh,26.7675,83.3395
273016,Gorakhpur,Uttar Pradesh,26.7406,83.3767
273017,Gorakhpur,Uttar Pradesh,26.7277,83.3854
273151,Maharajganj,Uttar Pradesh,27.0937,83.7365
273152,Gorakhpur,Uttar Pradesh,26.8294,83.5294
273155,Maharajganj,Uttar Pradesh,27.1368,83.4317
273157,Maharajganj,Uttar Pradesh,27.1990,83.1967
273158,Gorakhpur,Uttar Pradesh,27.0295,83.2742
273161,Maharajganj,Uttar Pradesh,27.1171,83.3521
273162,Maharajganj,Uttar Pradesh,27.2609,83.3992
273163,Maharajganj,Uttar Pradesh,27.1497,83.7598
273164,Maharajganj,Uttar Pradesh,27.3804,83.4236
273165,Gorakhpur,Uttar Pradesh,26.9313,83.2980
273201,Gorakhpur,Uttar Pradesh,26.6508,83.5856
273202,Gorakhpur,Uttar Pradesh,26.6847,83.5463
273203,Gorakhpur,Uttar Pradesh,26.5833,83.5856
273207,Maharajganj,Uttar Pradesh,27.2294,83.6521
273209,Gorakhpur,Uttar Pradesh,26.7585,83.2142
273211,Gorakhpur,Uttar Pradesh,26.4454,83.4744
273212,Gorakhpur,Uttar Pradesh,26.6559,83.2519
273213,Gorakhpur,Uttar Pradesh,26.5016,83.2027
273301,Maharajganj,Uttar Pradesh,26.9683,83.5921
273302,Maharajganj,Uttar Pradesh,27.0828,83.6248
273303,Maharajganj,Uttar Pradesh,27.1446,83.5523
273304,Maharajganj,Uttar Pradesh,27.3092,83.7256
273305,Maharajganj,Uttar Pradesh,27.4276,83.6907
273306,Gorakhpur,Uttar Pradesh,26.8828,83.4609
273308,Maharajganj,Uttar Pradesh,27.4713,83.4657
273309,Maharajganj,Uttar Pradesh,27.2991,83.3318
273310,Maharajganj,Uttar Pradesh,26.9981,83.4662
273311,Maharajganj,Uttar Pradesh,27.3832,83.7617
273401,Gorakhpur,Uttar Pradesh,26.6876,83.3717
273402,Gorakhpur,Uttar Pradesh,26.3033,83.4594
273403,Gorakhpur,Uttar Pradesh,26.5655,83.3389
273404,Gorakhpur,Uttar Pradesh,26.7031,83.3829
273405,Gorakhpur,Uttar Pradesh,26.7029,83.5148
273406,Gorakhpur,Uttar Pradesh,26.6301,83.2961
273407,Gorakhpur,Uttar Pradesh,26.4522,83.2586
273408,Gorakhpur,Uttar Pradesh,26.4263,83.3808
273409,Gorakhpur,Uttar Pradesh,26.3975,83.3038
273411,Gorakhpur,Uttar Pradesh,26.4462,83.4443
273412,Gorakhpur,Uttar Pradesh,26.3704,83.4572
273413,Gorakhpur,Uttar Pradesh,26.5307,83.4036
274001,Deoria,Uttar Pradesh,26.4827,83.7798
274149,Kushi Nagar,Uttar Pradesh,26.7300,83.2900
274182,Deoria,Uttar Pradesh,26.3500,83.7700
274201,Deoria,Uttar Pradesh,26.5500,83.7300
274202,Deoria,Uttar Pradesh,,
274203,Kushi Nagar,Uttar Pradesh,26.7300,83.2900
274204,Deoria,Uttar Pradesh,,
274205,Deoria,Uttar Pradesh,26.4800,83.7800
274206,Deoria,Uttar Pradesh,,
274207,Kushi Nagar,Uttar Pradesh,26.7400,83.7400
274208,Deoria,Uttar Pradesh,,
274301,Kushi Nagar,Uttar Pradesh,26.7300,83.2900
274302,Kushi Nagar,Uttar Pradesh,,
274303,Kushi Nagar,Uttar Pradesh,26.7000,83.7000
274304,Kushi Nagar,Uttar Pradesh,,
274305,Kushi Nagar,Uttar Pradesh,,
274306,Kushi Nagar,Uttar Pradesh,26.7300,83.2900
274307,Kushi Nagar,Uttar Pradesh,,
274308,Kushi Nagar,Uttar Pradesh,,
274309,Kushi Nagar,Uttar Pradesh,,
274401,Kushi Nagar,Uttar Pradesh,26.7300,83.2900
274402,Kushi Nagar,Uttar Pradesh,26.7300,83.2900
274403,Kushi Nagar,Uttar Pradesh,,
274404,Deoria,Uttar Pradesh,26.5000,83.7700
274405,Deoria,Uttar Pradesh,26.6200,83.8900
274406,Kushi Nagar,Uttar Pradesh,,
274407,Kushi Nagar,Uttar Pradesh,26.7300,83.2900
274408,Deoria,Uttar Pradesh,26.6200,83.8900
274409,Kushi Nagar,Uttar Pradesh,,
274501,Deoria,Uttar Pradesh,26.3900,83.8300
274502,Deoria,Uttar Pradesh,26.2000,83.9600
274505,Deoria,Uttar Pradesh,26.2800,83.8900
274506,Deoria,Uttar Pradesh,26.2900,83.9500
274508,Deoria,Uttar Pradesh,26.1600,83.9600
274509,Deoria,Uttar Pradesh,26.2900,83.9200
274601,Deoria,Uttar Pradesh,26.2800,83.7200
274602,Deoria,Uttar Pradesh,26.1800,83.8700
274603,Deoria,Uttar Pradesh,,
274604,Deoria,Uttar Pradesh,26.2500,83.7800
274701,Deoria,Uttar Pradesh,26.2900,83.9200
274702,Deoria,Uttar Pradesh,26.5700,83.7700
274703,Deoria,Uttar Pradesh,26.8300,83.7900
274704,Deoria,Uttar Pradesh,26.5700,83.7700
274705,Deoria,Uttar Pradesh,26.1300,83.8700
274801,Kushi Nagar,Uttar Pradesh,,
274802,Kushi Nagar,Uttar Pradesh,,
274806,Deoria,Uttar Pradesh,,
274807,Deoria,Uttar Pradesh,,
274808,Deoria,Uttar Pradesh,26.2900,83.9200
275101,Mau,Uttar Pradesh,25.9400,83.5500
275102,Mau,Uttar Pradesh,25.9800,83.6300
275103,Mau,Uttar Pradesh,25.9400,83.5500
275105,Mau,Uttar Pradesh,25.9400,83.4700
275201,Ghazipur,Uttar Pradesh,25.5765,83.5732
275202,Ghazipur,Uttar Pradesh,25.8019,83.4235
275203,Ghazipur,Uttar Pradesh,25.7417,83.3714
275204,Ghazipur,Uttar Pradesh,25.6732,83.3034
275205,Ghazipur,Uttar Pradesh,25.6751,83.3775
275301,Mau,Uttar Pradesh,25.8400,83.8500
275302,Mau,Uttar Pradesh,,
275303,Mau,Uttar Pradesh,26.2693,83.5084
275304,Mau,Uttar Pradesh,26.1100,83.5400
275305,Mau,Uttar Pradesh,25.8600,83.5200
275306,Mau,Uttar Pradesh,,
275307,Mau,Uttar Pradesh,26.0535,83.6467
276001,Azamgarh,Uttar Pradesh,,
276121,Azamgarh,Uttar Pradesh,,
276122,Azamgarh,Uttar Pradesh,,
276123,Azamgarh,Uttar Pradesh,,
276124,Azamgarh,Uttar Pradesh,,
276125,Azamgarh,Uttar Pradesh,,
276126,Azamgarh,Uttar Pradesh,,
276127,Azamgarh,Uttar Pradesh,,
276128,Azamgarh,Uttar Pradesh,,
276129,Mau,Uttar Pradesh,26.0700,83.1800
276131,Azamgarh,Uttar Pradesh,,
276135,Azamgarh,Uttar Pradesh,,
276136,Azamgarh,Uttar Pradesh,,
276137,Azamgarh,Uttar Pradesh,,
276138,Azamgarh,Uttar Pradesh,,
276139,Azamgarh,Uttar Pradesh,26.0600,83.0600
276140,Azamgarh,Uttar Pradesh,,
276141,Azamgarh,Uttar Pradesh,,
276142,Azamgarh,Uttar Pradesh,,
276143,Azamgarh,Uttar Pradesh,,
276201,Azamgarh,Uttar Pradesh,25.7400,82.9800
276202,Azamgarh,Uttar Pradesh,25.7900,82.9900
276203,Azamgarh,Uttar Pradesh,,
276204,Azamgarh,Uttar Pradesh,25.8700,83.1000
276205,Azamgarh,Uttar Pradesh,25.9600,83.0200
276206,Azamgarh,Uttar Pradesh,26.0900,83.0000
276207,Azamgarh,Uttar Pradesh,26.1800,82.9100
276208,Azamgarh,Uttar Pradesh,26.1103,83.0724
276288,Azamgarh,Uttar Pradesh,26.0600,83.0600
276301,Azamgarh,Uttar Pradesh,25.8117,82.8528
276302,Azamgarh,Uttar Pradesh,25.9300,82.9800
276303,Azamgarh,Uttar Pradesh,25.8794,82.9376
276304,Azamgarh,Uttar Pradesh,26.0700,82.8700
276305,Azamgarh,Uttar Pradesh,26.0400,83.0500
276306,Mau,Uttar Pradesh,26.0210,83.3371
276402,Mau,Uttar Pradesh,25.9600,83.3600
276403,Mau,Uttar Pradesh,26.0264,83.3789
276404,Azamgarh,Uttar Pradesh,,
276405,Mau,Uttar Pradesh,26.0631,83.3779
276406,Azamgarh,Uttar Pradesh,26.0600,83.0600
277001,Ballia,Uttar Pradesh,25.7639,84.1454
277121,Ballia,Uttar Pradesh,25.8250,84.0150
277123,Ballia,Uttar Pradesh,25.8200,84.0200
277124,Ballia,Uttar Pradesh,25.8800,84.1844
277201,Ballia,Uttar Pradesh,25.7550,84.4400
277202,Ballia,Uttar Pradesh,25.8700,84.2100
277203,Ballia,Uttar Pradesh,25.8000,84.2035
277204,Ballia,Uttar Pradesh,25.7400,84.5100
277205,Ballia,Uttar Pradesh,25.7744,84.4140
277207,Ballia,Uttar Pradesh,25.9550,84.1616
277208,Ballia,Uttar Pradesh,25.7550,84.4550
277209,Ballia,Uttar Pradesh,25.7400,84.3800
277210,Ballia,Uttar Pradesh,25.8300,84.2600
277211,Ballia,Uttar Pradesh,25.8300,84.3100
277213,Ballia,Uttar Pradesh,25.9250,84.1700
277214,Ballia,Uttar Pradesh,25.7640,84.5600
277216,Ballia,Uttar Pradesh,25.7350,84.4750
277219,Ballia,Uttar Pradesh,25.9000,84.2500
277301,Ballia,Uttar Pradesh,25.8300,84.1294
277302,Ballia,Uttar Pradesh,25.9300,84.0900
277303,Ballia,Uttar Pradesh,26.0450,84.0500
277304,Ballia,Uttar Pradesh,25.8800,84.1100
277401,Ballia,Uttar Pradesh,25.7600,84.2300
277402,Ballia,Uttar Pradesh,25.7500,84.2850
277403,Ballia,Uttar Pradesh,25.7700,84.3500
277501,Ballia,Uttar Pradesh,25.6200,83.9700
277502,Ballia,Uttar Pradesh,25.7050,84.0200
277503,Ballia,Uttar Pradesh,25.7700,84.0700
277504,Ballia,Uttar Pradesh,25.6600,84.0000
277506,Ballia,Uttar Pradesh,25.7580,84.1100
281001,Mathura,Uttar Pradesh,27.4852,77.6851
281003,Mathura,Uttar Pradesh,27.5191,77.6733
281004,Mathura,Uttar Pradesh,27.4700,77.6900
281005,Mathura,Uttar Pradesh,27.4700,77.6900
281006,Mathura,Uttar Pradesh,27.4700,77.6900
281104,Hathras,Uttar Pradesh,27.4900,78.0100
281121,Mathura,Uttar Pradesh,27.4700,77.6900
281122,Mathura,Uttar Pradesh,27.4700,77.6900
281123,Mathura,Uttar Pradesh,27.4700,77.6900
281201,Mathura,Uttar Pradesh,27.4700,77.6900
281202,Mathura,Uttar Pradesh,27.4700,77.6900
281203,Mathura,Uttar Pradesh,27.4700,77.6900
281204,Mathura,Uttar Pradesh,27.4700,77.6900
281205,Mathura,Uttar Pradesh,27.4700,77.6900
281206,Mathura,Uttar Pradesh,27.4700,77.6900
281301,Mathura,Uttar Pradesh,27.4700,77.6900
281302,Hathras,Uttar Pradesh,27.4900,78.0100
281303,Mathura,Uttar Pradesh,27.4389,77.7197
281305,Mathura,Uttar Pradesh,27.4700,77.6900
281306,Hathras,Uttar Pradesh,27.6000,78.0500
281307,Hathras,Uttar Pradesh,27.4900,78.0100
281308,Mathura,Uttar Pradesh,27.4800,77.6900
281401,Mathura,Uttar Pradesh,27.4700,77.6900
281403,Mathura,Uttar Pradesh,27.4700,77.6900
281404,Mathura,Uttar Pradesh,27.4700,77.6900
281405,Mathura,Uttar Pradesh,27.4700,77.6900
281406,Mathura,Uttar Pradesh,27.4700,77.6900
281501,Mathura,Uttar Pradesh,27.4700,77.6900
281502,Mathura,Uttar Pradesh,27.4700,77.6900
281504,Mathura,Uttar Pradesh,27.4700,77.6900
282001,Agra,Uttar Pradesh,27.1476,78.0024
282002,Agra,Uttar Pradesh,27.1928,78.0000
282003,Agra,Uttar Pradesh,27.1886,78.0119
282004,Agra,Uttar Pradesh,27.1987,78.0148
282005,Agra,Uttar Pradesh,27.2172,78.0095
282006,Agra,Uttar Pradesh,27.1798,78.0552
282007,Agra,Uttar Pradesh,27.2076,77.9370
282008,Agra,Uttar Pradesh,27.1602,77.9824
282009,Agra,Uttar Pradesh,27.1167,78.0049
282010,Agra,Uttar Pradesh,27.0903,78.0000
283101,Agra,Uttar Pradesh,27.1917,77.7305
283102,Agra,Uttar Pradesh,27.0771,77.9065
283103,Firozabad,Uttar Pradesh,24.5625,78.6525
283104,Agra,Uttar Pradesh,27.0221,78.3091
283105,Agra,Uttar Pradesh,27.1728,77.8796
283110,Agra,Uttar Pradesh,27.0874,77.6615
283111,Agra,Uttar Pradesh,27.0295,78.2391
283112,Agra,Uttar Pradesh,26.9507,78.0438
283113,Agra,Uttar Pradesh,,
283114,Agra,Uttar Pradesh,27.0105,78.3757
283115,Agra,Uttar Pradesh,26.9060,77.6048
283119,Agra,Uttar Pradesh,27.0169,77.8284
283121,Agra,Uttar Pradesh,26.9515,77.7985
283122,Agra,Uttar Pradesh,27.1026,77.7853
283123,Agra,Uttar Pradesh,26.8875,78.3714
283124,Agra,Uttar Pradesh,26.9772,77.9453
283125,Agra,Uttar Pradesh,27.0233,78.0980
283126,Agra,Uttar Pradesh,27.3051,78.0302
283130,Firozabad,Uttar Pradesh,24.3625,78.2926
283135,Firozabad,Uttar Pradesh,24.2184,78.0684
283136,Firozabad,Uttar Pradesh,24.2357,78.2358
283141,Firozabad,Uttar Pradesh,24.5747,78.1936
283142,Firozabad,Uttar Pradesh,24.2786,78.4512
283145,Firozabad,Uttar Pradesh,24.2146,78.2690
283151,Firozabad,Uttar Pradesh,24.2809,78.2887
283152,Firozabad,Uttar Pradesh,24.1458,78.1548
283201,Agra,Uttar Pradesh,27.3313,78.1728
283202,Agra,Uttar Pradesh,27.2333,78.1621
283203,Firozabad,Uttar Pradesh,24.4018,78.3347
283204,Firozabad,Uttar Pradesh,24.3316,78.3346
283205,Firozabad,Uttar Pradesh,,
283206,Firozabad,Uttar Pradesh,,
283207,Firozabad,Uttar Pradesh,24.4078,78.1589
284001,Jhansi,Uttar Pradesh,25.4421,78.5768
284002,Jhansi,Uttar Pradesh,25.4601,78.5781
284003,Jhansi,Uttar Pradesh,25.4570,78.5557
284120,Jhansi,Uttar Pradesh,25.4408,78.5766
284121,Jhansi,Uttar Pradesh,25.5126,78.7149
284122,Lalitpur,Uttar Pradesh,24.8615,78.4232
284123,Lalitpur,Uttar Pradesh,24.6923,78.4201
284124,Lalitpur,Uttar Pradesh,24.5425,78.2010
284125,Lalitpur,Uttar Pradesh,24.6923,78.4201
284126,Lalitpur,Uttar Pradesh,25.0391,78.4323
284127,Jhansi,Uttar Pradesh,25.4286,78.6121
284128,Jhansi,Uttar Pradesh,25.4635,78.6185
284135,Jhansi,Uttar Pradesh,25.3921,78.5553
284136,Lalitpur,Uttar Pradesh,25.0344,78.2304
284201,Jhansi,Uttar Pradesh,25.3718,78.7332
284202,Jhansi,Uttar Pradesh,25.6162,79.1654
284203,Jhansi,Uttar Pradesh,25.5156,79.3184
284204,Jhansi,Uttar Pradesh,25.2438,79.1375
284205,Jhansi,Uttar Pradesh,25.2513,79.0617
284206,Jhansi,Uttar Pradesh,25.4738,79.1141
284301,Jhansi,Uttar Pradesh,25.5298,78.7674
284302,Jhansi,Uttar Pradesh,25.7372,79.1407
284303,Jhansi,Uttar Pradesh,25.7726,78.9562
284304,Jhansi,Uttar Pradesh,25.8422,78.9034
284305,Jhansi,Uttar Pradesh,,
284306,Jhansi,Uttar Pradesh,25.8470,79.0568
284401,Jhansi,Uttar Pradesh,,
284402,Lalitpur,Uttar Pradesh,24.6923,78.4201
284403,Lalitpur,Uttar Pradesh,24.4698,78.3373
284404,Lalitpur,Uttar Pradesh,,
284405,Lalitpur,Uttar Pradesh,24.5809,78.7809
284406,Lalitpur,Uttar Pradesh,24.4126,78.2501
284419,Jhansi,Uttar Pradesh,,
284501,Lalitpur,Uttar Pradesh,,
285001,Jalaun,Uttar Pradesh,26.0325,79.4515
285121,Jalaun,Uttar Pradesh,26.2115,79.1684
285122,Jalaun,Uttar Pradesh,25.8722,79.4317
285123,Jalaun,Uttar Pradesh,26.1568,79.3327
285124,Jalaun,Uttar Pradesh,26.4089,79.2355
285125,Jalaun,Uttar Pradesh,26.3626,79.4423
285126,Jalaun,Uttar Pradesh,26.2749,79.2176
285127,Jalaun,Uttar Pradesh,26.3514,79.1759
285128,Jalaun,Uttar Pradesh,26.2574,79.3832
285129,Jalaun,Uttar Pradesh,26.3254,79.3281
285130,Jalaun,Uttar Pradesh,26.3082,79.4044
285201,Jalaun,Uttar Pradesh,25.8852,79.1971
285202,Jalaun,Uttar Pradesh,26.0504,79.5846
285203,Jalaun,Uttar Pradesh,26.1913,79.2730
285204,Jalaun,Uttar Pradesh,26.1211,79.6955
285205,Jalaun,Uttar Pradesh,26.0370,79.1561
285206,Jalaun,Uttar Pradesh,26.1212,79.0351
285223,Jalaun,Uttar Pradesh,25.8615,79.2761
301001,Alwar,Rajasthan,27.5551,76.6095
301002,Alwar,Rajasthan,27.5525,76.6103
301018,Alwar,Rajasthan,27.4980,76.8456
301019,Alwar,Rajasthan,,
301020,Alwar,Rajasthan,27.9380,76.3608
301021,Alwar,Rajasthan,27.4383,76.8571
301022,Alwar,Rajasthan,27.3983,76.2804
301023,Alwar,Rajasthan,27.6749,76.6123
301024,Alwar,Rajasthan,27.5644,76.3228
301025,Alwar,Rajasthan,27.6865,76.8522
301026,Alwar,Rajasthan,27.5562,76.7887
301027,Alwar,Rajasthan,27.3706,76.2189
301028,Alwar,Rajasthan,27.6076,76.7077
301030,Alwar,Rajasthan,27.4799,76.6808
301035,Alwar,Rajasthan,27.2863,76.9038
301401,Alwar,Rajasthan,27.9427,76.5813
301402,Alwar,Rajasthan,27.6962,76.3550
301403,Alwar,Rajasthan,27.8856,76.6299
301404,Alwar,Rajasthan,27.7793,76.6239
301405,Alwar,Rajasthan,27.8169,76.7428
301406,Alwar,Rajasthan,27.3925,76.6480
301407,Alwar,Rajasthan,27.8260,76.5055
301408,Alwar,Rajasthan,27.2422,76.6168
301409,Alwar,Rajasthan,27.1826,76.7033
301410,Alwar,Rajasthan,27.2439,76.4505
301411,Alwar,Rajasthan,27.8950,76.8087
301412,Alwar,Rajasthan,27.7884,76.4650
301413,Alwar,Rajasthan,27.2637,76.7596
301414,Alwar,Rajasthan,27.3124,76.6247
301415,Alwar,Rajasthan,27.1895,76.5517
301416,Alwar,Rajasthan,27.5614,76.6122
301427,Alwar,Rajasthan,27.9122,76.4476
301604,Alwar,Rajasthan,27.5134,76.9896
301701,Alwar,Rajasthan,27.8609,76.3023
301702,Alwar,Rajasthan,27.9435,76.7322
301703,Alwar,Rajasthan,27.5500,76.3527
301704,Alwar,Rajasthan,,
301705,Alwar,Rajasthan,,
301706,Alwar,Rajasthan,27.6415,76.5538
301707,Alwar,Rajasthan,,
301708,Alwar,Rajasthan,,
301709,Alwar,Rajasthan,,
301713,Alwar,Rajasthan,27.6216,76.3116
301714,Alwar,Rajasthan,27.9474,76.4319
302001,Jaipur,Rajasthan,26.9179,75.8103
302002,Jaipur,Rajasthan,26.9302,75.8219
302003,Jaipur,Rajasthan,26.9153,75.8268
302004,Jaipur,Rajasthan,26.8953,75.8250
302005,Jaipur,Rajasthan,26.9005,75.8002
302006,Jaipur,Rajasthan,26.9150,75.7854
302012,Jaipur,Rajasthan,27.0145,75.7038
302013,Jaipur,Rajasthan,27.0201,75.7749
302015,Jaipur,Rajasthan,26.8801,75.8009
302016,Jaipur,Rajasthan,26.9383,75.7966
302017,Jaipur,Rajasthan,26.8613,75.8140
302018,Jaipur,Rajasthan,26.8472,75.7933
302019,Jaipur,Rajasthan,26.9193,75.7196
302020,Jaipur,Rajasthan,26.8496,75.7635
302021,Jaipur,Rajasthan,26.9117,75.7400
302022,Jaipur,Rajasthan,26.7546,75.8386
302026,Jaipur,Rajasthan,26.8475,75.6982
302027,Jaipur,Rajasthan,26.9738,75.9478
302028,Jaipur,Rajasthan,27.0751,75.9511
302029,Jaipur,Rajasthan,26.8071,75.7253
302031,Jaipur,Rajasthan,26.8919,75.9022
302033,Jaipur,Rajasthan,26.8430,75.7633
302034,Jaipur,Rajasthan,26.9193,75.7196
302036,Jaipur,Rajasthan,26.9193,75.7196
302037,Jaipur,Rajasthan,26.9193,75.7196
302038,Jaipur,Rajasthan,27.0510,75.9057
302039,Jaipur,Rajasthan,26.9654,75.7728
302040,Jaipur,Rajasthan,26.9756,75.7335
302041,Jaipur,Rajasthan,26.9207,75.7484
302042,Jaipur,Rajasthan,26.8535,75.6364
302043,Jaipur,Rajasthan,26.8069,75.7497
302044,Jaipur,Rajasthan,26.9534,75.7027
302045,Jaipur,Rajasthan,26.9221,75.6877
302046,Jaipur,Rajasthan,26.9210,75.7942
303001,Jaipur,Rajasthan,27.0553,76.1602
303002,Jaipur,Rajasthan,27.1565,75.9596
303003,Jaipur,Rajasthan,,
303004,Dausa,Rajasthan,26.7715,76.2595
303005,Jaipur,Rajasthan,26.6102,75.5823
303006,Jaipur,Rajasthan,26.5393,75.6899
303007,Jaipur,Rajasthan,26.7392,76.1236
303008,Jaipur,Rajasthan,27.1410,75.4141
303009,Jaipur,Rajasthan,26.7237,75.4183
303012,Jaipur,Rajasthan,26.8477,75.9687
303102,Jaipur,Rajasthan,26.6102,75.5131
303103,Jaipur,Rajasthan,,
303104,Jaipur,Rajasthan,26.9193,75.7196
303105,Jaipur,Rajasthan,26.7392,76.1236
303106,Jaipur,Rajasthan,,
303107,Jaipur,Rajasthan,,
303108,Jaipur,Rajasthan,26.6878,75.8504
303109,Jaipur,Rajasthan,27.0004,76.0813
303110,Jaipur,Rajasthan,26.7392,76.1236
303119,Jaipur,Rajasthan,26.7392,76.1236
303120,Jaipur,Rajasthan,26.7392,76.1236
303121,Jaipur,Rajasthan,26.9193,75.7196
303122,Jaipur,Rajasthan,26.9193,75.7196
303123,Jaipur,Rajasthan,26.7326,76.1523
303124,Jaipur,Rajasthan,26.9518,75.6196
303301,Jaipur,Rajasthan,26.9193,75.7196
303302,Dausa,Rajasthan,26.7392,76.1236
303303,Dausa,Rajasthan,26.8924,76.3109
303304,Dausa,Rajasthan,26.9231,76.5228
303305,Jaipur,Rajasthan,26.8319,76.1514
303313,Dausa,Rajasthan,27.0447,76.5763
303315,Dausa,Rajasthan,27.1455,76.5104
303323,Dausa,Rajasthan,27.0628,76.4806
303325,Dausa,Rajasthan,26.9934,76.4266
303326,Dausa,Rajasthan,26.7326,76.1523
303327,Dausa,Rajasthan,26.8909,76.3379
303328,Jaipur,Rajasthan,26.9143,75.3857
303329,Jaipur,Rajasthan,26.9720,75.3807
303338,Jaipur,Rajasthan,26.8756,75.3912
303348,Jaipur,Rajasthan,26.8728,76.1117
303501,Dausa,Rajasthan,26.8068,76.2896
303502,Dausa,Rajasthan,26.8742,76.6581
303503,Dausa,Rajasthan,26.5606,76.2653
303504,Dausa,Rajasthan,26.5116,76.4042
303505,Dausa,Rajasthan,26.7224,76.3162
303506,Dausa,Rajasthan,26.7392,76.1236
303507,Dausa,Rajasthan,26.7392,76.1236
303508,Dausa,Rajasthan,26.9161,76.6933
303509,Dausa,Rajasthan,26.9531,76.6673
303510,Dausa,Rajasthan,26.7392,76.1236
303511,Dausa,Rajasthan,26.6230,76.3739
303601,Jaipur,Rajasthan,27.3225,75.8414
303602,Jaipur,Rajasthan,,
303603,Jaipur,Rajasthan,27.1470,75.4903
303604,Jaipur,Rajasthan,,
303701,Jaipur,Rajasthan,27.0783,75.6470
303702,Jaipur,Rajasthan,26.7392,76.1236
303704,Jaipur,Rajasthan,27.0914,75.7553
303706,Jaipur,Rajasthan,26.9884,75.5757
303712,Jaipur,Rajasthan,26.7392,76.1236
303801,Jaipur,Rajasthan,27.1870,75.6150
303803,Jaipur,Rajasthan,27.3091,75.6666
303804,Jaipur,Rajasthan,26.7392,76.1236
303805,Jaipur,Rajasthan,27.1521,75.8085
303806,Jaipur,Rajasthan,27.2008,75.8097
303807,Jaipur,Rajasthan,27.2198,75.7153
303901,Jaipur,Rajasthan,26.5269,75.8813
303903,Jaipur,Rajasthan,26.7000,75.9182
303904,Jaipur,Rajasthan,26.6822,75.6900
303905,Jaipur,Rajasthan,26.7992,75.8568
303908,Jaipur,Rajasthan,26.6437,76.0943
304001,Tonk,Rajasthan,26.1619,75.7895
304021,Tonk,Rajasthan,26.3077,75.8592
304022,Tonk,Rajasthan,26.4014,75.8389
304023,Tonk,Rajasthan,25.9675,76.0869
304024,Tonk,Rajasthan,25.9502,75.9870
304025,Tonk,Rajasthan,26.3443,76.0603
304026,Tonk,Rajasthan,25.8957,75.8080
304501,Tonk,Rajasthan,26.3097,75.4498
304502,Tonk,Rajasthan,26.1903,75.3733
304503,Tonk,Rajasthan,26.3342,75.2712
304504,Tonk,Rajasthan,26.3528,75.5468
304505,Tonk,Rajasthan,26.0562,75.5801
304507,Tonk,Rajasthan,26.1514,75.4178
304801,Tonk,Rajasthan,26.3583,75.6732
304802,Tonk,Rajasthan,25.9334,75.6127
304803,Tonk,Rajasthan,25.8356,75.5335
304804,Tonk,Rajasthan,25.8908,75.4651
305001,Ajmer,Rajasthan,26.4517,74.6369
305002,Ajmer,Rajasthan,26.3988,74.6583
305003,Ajmer,Rajasthan,26.4219,74.6273
305004,Ajmer,Rajasthan,26.4847,74.6183
305005,Ajmer,Rajasthan,26.4419,74.5756
305007,Ajmer,Rajasthan,26.4524,74.6555
305009,Ajmer,Rajasthan,26.5089,74.6756
305012,Ajmer,Rajasthan,26.3612,74.6470
305021,Ajmer,Rajasthan,26.6003,74.6105
305022,Ajmer,Rajasthan,26.4851,74.5551
305023,Ajmer,Rajasthan,26.5213,74.7403
305024,Ajmer,Rajasthan,26.4808,74.7054
305025,Ajmer,Rajasthan,26.4035,74.7747
305026,Nagaur,Rajasthan,,
305201,Ajmer,Rajasthan,26.2762,74.3498
305202,Ajmer,Rajasthan,26.2100,74.4300
305203,Ajmer,Rajasthan,26.2600,74.5600
305204,Ajmer,Rajasthan,26.3800,74.4010
305205,Ajmer,Rajasthan,26.3240,74.6371
305206,Ajmer,Rajasthan,26.3665,74.5438
305207,Ajmer,Rajasthan,26.3100,74.4450
305401,Ajmer,Rajasthan,26.2933,74.6917
305402,Ajmer,Rajasthan,26.3015,74.7334
305403,Ajmer,Rajasthan,26.0600,75.0100
305404,Ajmer,Rajasthan,,
305405,Ajmer,Rajasthan,26.1600,74.3800
305406,Ajmer,Rajasthan,26.1700,74.9150
305407,Ajmer,Rajasthan,26.0491,74.4986
305408,Ajmer,Rajasthan,26.0250,75.0150
305412,Ajmer,Rajasthan,26.3000,74.7300
305415,Ajmer,Rajasthan,,
305601,Ajmer,Rajasthan,26.3000,74.7300
305621,Ajmer,Rajasthan,26.0519,74.7700
305622,Ajmer,Rajasthan,26.0500,74.7700
305623,Ajmer,Rajasthan,26.0955,74.4730
305624,Ajmer,Rajasthan,25.9700,74.6639
305625,Ajmer,Rajasthan,25.9400,75.0000
305627,Ajmer,Rajasthan,26.3000,74.7300
305628,Ajmer,Rajasthan,26.0500,74.7850
305629,Ajmer,Rajasthan,25.9500,74.6200
305630,Ajmer,Rajasthan,26.0900,74.6100
305631,Ajmer,Rajasthan,26.0900,74.3710
305801,Ajmer,Rajasthan,26.5809,74.8958
305802,Ajmer,Rajasthan,26.4918,74.8566
305811,Ajmer,Rajasthan,26.6315,74.7425
305812,Ajmer,Rajasthan,26.6550,74.9388
305813,Ajmer,Rajasthan,26.4327,75.0782
305814,Ajmer,Rajasthan,26.4579,74.8361
305815,Ajmer,Rajasthan,26.6916,74.8156
305816,Ajmer,Rajasthan,26.6550,74.9389
305817,Ajmer,Rajasthan,26.6321,74.8714
305819,Ajmer,Rajasthan,26.2867,74.8306
305901,Ajmer,Rajasthan,26.1000,74.3247
305921,Rajsamand,Rajasthan,,
305922,Ajmer,Rajasthan,,
305923,Ajmer,Rajasthan,25.9787,74.4253
305924,Ajmer,Rajasthan,26.1221,74.2913
305925,Ajmer,Rajasthan,26.0300,74.3000
305926,Ajmer,Rajasthan,25.9429,74.8194
305927,Ajmer,Rajasthan,,
306001,Pali,Rajasthan,25.7618,73.5991
306021,Pali,Rajasthan,25.6275,73.6367
306022,Pali,Rajasthan,25.4929,73.7502
306023,Pali,Rajasthan,25.6831,73.7812
306101,Pali,Rajasthan,25.7697,73.3233
306102,Pali,Rajasthan,,
306103,Pali,Rajasthan,25.8846,73.7489
306104,Pali,Rajasthan,26.0073,73.6060
306105,Pali,Rajasthan,,
306114,Pali,Rajasthan,25.8956,73.6662
306115,Pali,Rajasthan,25.3621,73.3143
306116,Pali,Rajasthan,,
306119,Pali,Rajasthan,25.5303,73.3376
306126,Pali,Rajasthan,25.5383,73.3881
306301,Pali,Rajasthan,,
306302,Pali,Rajasthan,,
306303,Pali,Rajasthan,,
306304,Pali,Rajasthan,,
306305,Pali,Rajasthan,,
306306,Pali,Rajasthan,25.9822,73.7925
306307,Pali,Rajasthan,26.0042,73.9226
306308,Pali,Rajasthan,,
306401,Pali,Rajasthan,25.7746,73.3233
306421,Pali,Rajasthan,25.9544,73.1333
306422,Pali,Rajasthan,25.6202,73.2955
306501,Pali,Rajasthan,25.7055,73.4393
306502,Pali,Rajasthan,25.4883,73.5697
306503,Pali,Rajasthan,25.5572,73.4514
306504,Pali,Rajasthan,,
306601,Pali,Rajasthan,25.3516,73.3509
306602,Pali,Rajasthan,25.5353,73.1323
306603,Pali,Rajasthan,25.3682,73.4584
306701,Pali,Rajasthan,,
306702,Pali,Rajasthan,,
306703,Pali,Rajasthan,,
306704,Pali,Rajasthan,,
306705,Pali,Rajasthan,,
306706,Pali,Rajasthan,,
306707,Pali,Rajasthan,,
306708,Pali,Rajasthan,,
306709,Pali,Rajasthan,,
306901,Pali,Rajasthan,,
306902,Pali,Rajasthan,,
306912,Pali,Rajasthan,,
307001,Sirohi,Rajasthan,24.8702,72.8058
307019,Sirohi,Rajasthan,24.7068,73.0187
307022,Sirohi,Rajasthan,24.7897,73.0066
307023,Sirohi,Rajasthan,24.6720,72.9040
307024,Sirohi,Rajasthan,24.5910,72.9636
307025,Udaipur,Rajasthan,24.0725,73.6889
307026,Sirohi,Rajasthan,24.4824,72.7670
307027,Sirohi,Rajasthan,24.9916,72.9475
307028,Sirohi,Rajasthan,25.0821,72.9753
307029,Jalore,Rajasthan,,
307030,Jalore,Rajasthan,,
307031,Sirohi,Rajasthan,24.8086,73.1235
307032,Sirohi,Rajasthan,24.5345,72.8836
307043,Sirohi,Rajasthan,25.0249,72.8944
307501,Sirohi,Rajasthan,24.6000,72.7185
307510,Sirohi,Rajasthan,24.5408,72.7927
307511,Sirohi,Rajasthan,24.6826,72.6480
307512,Sirohi,Rajasthan,24.7310,72.5486
307513,Sirohi,Rajasthan,24.6207,72.3607
307514,Sirohi,Rajasthan,24.5976,72.5064
307515,Jalore,Rajasthan,24.8365,72.4303
307801,Sirohi,Rajasthan,25.0219,72.7715
307802,Sirohi,Rajasthan,24.8825,72.5974
307803,Jalore,Rajasthan,25.0150,72.4715
311001,Bhilwara,Rajasthan,25.3437,74.6332
311011,Bhilwara,Rajasthan,25.3607,74.7483
311021,Bhilwara,Rajasthan,25.8722,74.6038
311022,Bhilwara,Rajasthan,25.8625,74.7072
311023,Bhilwara,Rajasthan,25.8367,74.8098
311024,Bhilwara,Rajasthan,25.6791,74.5714
311025,Bhilwara,Rajasthan,25.2129,74.6872
311026,Bhilwara,Rajasthan,25.5799,74.4433
311030,Bhilwara,Rajasthan,25.7423,74.7108
311201,Bhilwara,Rajasthan,25.4915,74.7332
311202,Bhilwara,Rajasthan,25.5229,75.0876
311203,Bhilwara,Rajasthan,25.3463,74.6364
311204,Bhilwara,Rajasthan,25.8278,74.4584
311301,Bhilwara,Rajasthan,25.6853,74.3125
311302,Bhilwara,Rajasthan,25.8042,74.3646
311401,Bhilwara,Rajasthan,25.5068,74.7127
311402,Bhilwara,Rajasthan,25.3511,74.3966
311403,Bhilwara,Rajasthan,25.4357,74.4982
311404,Bhilwara,Rajasthan,25.6097,74.9094
311407,Bhilwara,Rajasthan,25.7812,74.9588
311408,Bhilwara,Rajasthan,25.5983,74.7702
311601,Bhilwara,Rajasthan,25.2479,74.9901
311602,Bhilwara,Rajasthan,25.3463,74.6364
311603,Bhilwara,Rajasthan,25.4239,74.9276
311604,Bhilwara,Rajasthan,25.2286,74.9384
311605,Bhilwara,Rajasthan,25.4223,75.1043
311606,Bhilwara,Rajasthan,,
311801,Bhilwara,Rajasthan,25.2757,74.3114
311802,Bhilwara,Rajasthan,25.2600,74.4879
311803,Bhilwara,Rajasthan,25.4134,74.2590
311804,Bhilwara,Rajasthan,25.5133,74.2692
311805,Bhilwara,Rajasthan,25.2647,74.2707
311806,Bhilwara,Rajasthan,25.2974,74.5428
312001,Chittorgarh,Rajasthan,24.8876,74.6225
312021,Chittorgarh,Rajasthan,24.9277,74.6231
312022,Chittorgarh,Rajasthan,25.0013,74.8032
312023,Chittorgarh,Rajasthan,24.9812,74.9852
312024,Chittorgarh,Rajasthan,24.6981,74.3353
312025,Chittorgarh,Rajasthan,24.8563,74.6203
312027,Chittorgarh,Rajasthan,24.6408,74.4189
312201,Chittorgarh,Rajasthan,24.8574,74.5141
312202,Chittorgarh,Rajasthan,24.8845,74.3267
312203,Chittorgarh,Rajasthan,25.0611,74.3883
312204,Chittorgarh,Rajasthan,24.8403,74.1997
312205,Chittorgarh,Rajasthan,24.7734,74.1952
312206,Chittorgarh,Rajasthan,25.1490,74.4467
312207,Chittorgarh,Rajasthan,24.9376,74.4791
312401,Chittorgarh,Rajasthan,24.8828,74.6225
312402,Chittorgarh,Rajasthan,24.5256,74.3060
312403,Chittorgarh,Rajasthan,24.4660,74.4819
312404,Chittorgarh,Rajasthan,24.4600,74.4071
312601,Chittorgarh,Rajasthan,24.6228,74.6957
312602,Chittorgarh,Rajasthan,24.6822,74.5068
312603,Chittorgarh,Rajasthan,24.5934,74.4555
312604,Pratapgarh,Rajasthan,24.3960,74.7227
312605,Pratapgarh,Rajasthan,24.0069,74.7954
312606,Chittorgarh,Rajasthan,24.6987,74.9042
312612,Chittorgarh,Rajasthan,24.8113,74.6371
312613,Chittorgarh,Rajasthan,24.7561,74.5799
312614,Chittorgarh,Rajasthan,24.5341,74.5647
312615,Pratapgarh,Rajasthan,23.8208,74.8423
312616,Pratapgarh,Rajasthan,24.1685,74.7291
312617,Chittorgarh,Rajasthan,,
312619,Pratapgarh,Rajasthan,23.6829,74.8421
312620,Chittorgarh,Rajasthan,24.7047,74.7046
312622,Chittorgarh,Rajasthan,24.7560,74.6063
312623,Pratapgarh,Rajasthan,24.1566,74.8010
312624,Pratapgarh,Rajasthan,23.7723,74.5847
312625,Pratapgarh,Rajasthan,24.0858,74.3661
312626,Pratapgarh,Rajasthan,23.9519,74.4387
312627,Chittorgarh,Rajasthan,25.1166,74.5915
312901,Chittorgarh,Rajasthan,25.0439,74.5815
313001,Udaipur,Rajasthan,24.5807,73.7100
313002,Udaipur,Rajasthan,24.5673,73.7263
313003,Udaipur,Rajasthan,24.5500,73.7900
313004,Udaipur,Rajasthan,24.5915,73.6919
313011,Udaipur,Rajasthan,24.6550,73.6400
313022,Udaipur,Rajasthan,24.6227,73.9000
313024,Udaipur,Rajasthan,24.5994,73.8200
313026,Udaipur,Rajasthan,24.0150,73.9050
313027,Udaipur,Rajasthan,24.1600,74.0400
313031,Udaipur,Rajasthan,24.5166,73.6200
313038,Udaipur,Rajasthan,24.0650,74.0650
313201,Udaipur,Rajasthan,24.7200,73.8479
313202,Rajsamand,Rajasthan,24.7700,73.7600
313203,Udaipur,Rajasthan,24.7550,73.9771
313204,Udaipur,Rajasthan,24.8019,73.8699
313205,Udaipur,Rajasthan,24.3762,73.9094
313206,Udaipur,Rajasthan,24.0725,73.6889
313207,Rajsamand,Rajasthan,25.0200,74.2100
313211,Rajsamand,Rajasthan,24.9300,74.1000
313301,Rajsamand,Rajasthan,24.9282,73.8100
313321,Rajsamand,Rajasthan,25.0000,73.6300
313322,Rajsamand,Rajasthan,24.9200,73.7200
313323,Rajsamand,Rajasthan,24.9900,73.9100
313324,Rajsamand,Rajasthan,25.0800,73.8300
313325,Rajsamand,Rajasthan,25.0350,73.5500
313327,Rajsamand,Rajasthan,25.1600,74.0200
313328,Rajsamand,Rajasthan,25.0800,74.1000
313329,Rajsamand,Rajasthan,25.0173,74.0550
313330,Rajsamand,Rajasthan,25.2000,73.9500
313331,Rajsamand,Rajasthan,25.4650,73.8924
313332,Rajsamand,Rajasthan,25.3400,73.9200
313333,Rajsamand,Rajasthan,25.2800,73.7400
313334,Rajsamand,Rajasthan,25.1850,73.8250
313341,Rajsamand,Rajasthan,,
313342,Rajsamand,Rajasthan,25.0162,73.9100
313601,Udaipur,Rajasthan,24.6600,74.0300
313602,Udaipur,Rajasthan,24.5851,74.0300
313603,Udaipur,Rajasthan,24.5550,74.1150
313604,Udaipur,Rajasthan,24.3400,74.2050
313701,Udaipur,Rajasthan,24.2400,73.3800
313702,Udaipur,Rajasthan,24.3629,73.4850
313703,Udaipur,Rajasthan,24.3300,73.9350
313704,Udaipur,Rajasthan,,
313705,Udaipur,Rajasthan,24.7100,73.5300
313706,Udaipur,Rajasthan,24.3650,74.0650
313708,Udaipur,Rajasthan,24.4383,73.8255
313801,Udaipur,Rajasthan,24.2650,73.6650
313802,Udaipur,Rajasthan,24.0900,73.6894
313803,Udaipur,Rajasthan,24.0500,73.5600
313804,Udaipur,Rajasthan,24.0725,73.6889
313805,Udaipur,Rajasthan,23.9800,73.7300
313901,Udaipur,Rajasthan,24.3350,73.7580
313902,Udaipur,Rajasthan,24.1400,73.8300
313903,Udaipur,Rajasthan,24.0450,73.8250
313904,Udaipur,Rajasthan,24.2100,73.8200
313905,Udaipur,Rajasthan,24.2200,73.9100
313906,Udaipur,Rajasthan,24.5650,73.3650
314001,Dungarpur,Rajasthan,23.8507,73.7066
314011,Dungarpur,Rajasthan,23.8950,73.6010
314021,Dungarpur,Rajasthan,23.9545,74.0870
314022,Dungarpur,Rajasthan,23.8790,74.2002
314023,Dungarpur,Rajasthan,23.8482,73.9873
314024,Dungarpur,Rajasthan,23.7807,74.0074
314025,Dungarpur,Rajasthan,23.6756,74.0234
314026,Dungarpur,Rajasthan,23.5423,74.0080
314027,Dungarpur,Rajasthan,23.6047,73.9484
314028,Dungarpur,Rajasthan,23.7921,73.9160
314029,Dungarpur,Rajasthan,23.7199,73.9331
314030,Dungarpur,Rajasthan,23.4714,73.9198
314031,Dungarpur,Rajasthan,23.6332,74.0671
314032,Dungarpur,Rajasthan,23.7630,74.0872
314034,Dungarpur,Rajasthan,23.9159,73.9154
314035,Dungarpur,Rajasthan,23.5489,73.9720
314036,Dungarpur,Rajasthan,23.8592,73.8215
314037,Dungarpur,Rajasthan,23.7608,73.8125
314038,Dungarpur,Rajasthan,23.8638,74.0742
314401,Dungarpur,Rajasthan,23.6639,73.8799
314402,Dungarpur,Rajasthan,23.6174,73.7727
314403,Dungarpur,Rajasthan,23.5598,73.6908
314404,Dungarpur,Rajasthan,23.6980,73.7225
314406,Dungarpur,Rajasthan,23.5197,73.7892
314801,Dungarpur,Rajasthan,23.7980,73.5020
314804,Dungarpur,Rajasthan,23.8278,73.5962
321001,Bharatpur,Rajasthan,27.2127,77.5013
321021,Bharatpur,Rajasthan,27.2620,77.5260
321022,Bharatpur,Rajasthan,27.5799,77.2233
321023,Bharatpur,Rajasthan,,
321024,Bharatpur,Rajasthan,27.5161,77.1269
321025,Bharatpur,Rajasthan,27.2985,77.5275
321026,Bharatpur,Rajasthan,27.2315,77.4150
321028,Bharatpur,Rajasthan,27.0955,77.2795
321201,Bharatpur,Rajasthan,27.3134,77.3353
321202,Bharatpur,Rajasthan,27.3689,77.4243
321203,Bharatpur,Rajasthan,27.4801,77.3267
321204,Bharatpur,Rajasthan,27.3385,77.2905
321205,Bharatpur,Rajasthan,27.4428,77.0812
321206,Bharatpur,Rajasthan,27.3792,77.2434
321301,Bharatpur,Rajasthan,27.0566,77.4800
321302,Bharatpur,Rajasthan,27.1110,77.3755
321303,Bharatpur,Rajasthan,27.1700,77.3810
321401,Bharatpur,Rajasthan,26.9425,77.2933
321402,Bharatpur,Rajasthan,26.9851,77.4369
321403,Bharatpur,Rajasthan,26.9488,77.4963
321404,Bharatpur,Rajasthan,27.0034,77.5936
321405,Bharatpur,Rajasthan,26.8776,77.3874
321406,Bharatpur,Rajasthan,27.0158,77.0519
321407,Bharatpur,Rajasthan,27.1257,77.0635
321408,Bharatpur,Rajasthan,27.0295,77.1859
321409,Bharatpur,Rajasthan,26.9264,77.0776
321410,Bharatpur,Rajasthan,26.9492,77.3516
321411,Bharatpur,Rajasthan,26.8663,77.1918
321601,Bharatpur,Rajasthan,27.1056,77.1672
321602,Bharatpur,Rajasthan,27.2291,77.2376
321605,Alwar,Rajasthan,27.3183,76.9816
321606,Alwar,Rajasthan,27.2716,76.7077
321607,Alwar,Rajasthan,27.3624,76.8550
321608,Dausa,Rajasthan,26.8904,76.3333
321609,Dausa,Rajasthan,,
321610,Karauli,Rajasthan,26.9654,76.8339
321611,Karauli,Rajasthan,26.8956,76.8663
321612,Dausa,Rajasthan,,
321613,Dausa,Rajasthan,26.7392,76.1236
321614,Bharatpur,Rajasthan,27.2069,77.1298
321615,Bharatpur,Rajasthan,27.1455,77.0200
321633,Alwar,Rajasthan,27.3629,76.7510
321642,Bharatpur,Rajasthan,27.1558,77.1890
322001,Sawai Madhopur,Rajasthan,26.0061,76.3391
322021,Sawai Madhopur,Rajasthan,25.9931,76.3851
322023,Sawai Madhopur,Rajasthan,26.3261,76.2153
322024,Sawai Madhopur,Rajasthan,26.2424,76.3175
322025,Sawai Madhopur,Rajasthan,26.0278,76.6651
322026,Sawai Madhopur,Rajasthan,25.8682,76.3666
322027,Sawai Madhopur,Rajasthan,26.1119,76.3645
322028,Sawai Madhopur,Rajasthan,26.2465,76.4662
322029,Sawai Madhopur,Rajasthan,26.1267,76.5010
322030,Sawai Madhopur,Rajasthan,26.3543,76.3522
322033,Sawai Madhopur,Rajasthan,26.2262,76.5450
322034,Sawai Madhopur,Rajasthan,26.1677,76.4476
322201,Sawai Madhopur,Rajasthan,26.4847,76.7279
322202,Sawai Madhopur,Rajasthan,26.4535,76.7567
322203,Karauli,Rajasthan,26.3200,76.6823
322204,Karauli,Rajasthan,26.6484,76.7279
322205,Sawai Madhopur,Rajasthan,26.5203,76.7588
322211,Sawai Madhopur,Rajasthan,26.5895,76.5758
322212,Sawai Madhopur,Rajasthan,26.5946,76.4324
322213,Karauli,Rajasthan,26.7903,76.7098
322214,Sawai Madhopur,Rajasthan,26.4252,76.5315
322215,Karauli,Rajasthan,26.7059,76.6342
322216,Karauli,Rajasthan,26.7401,76.7664
322218,Karauli,Rajasthan,26.2987,76.7543
322219,Sawai Madhopur,Rajasthan,26.5078,76.8123
322220,Karauli,Rajasthan,26.6956,76.8992
322230,Karauli,Rajasthan,26.7386,76.9960
322234,Karauli,Rajasthan,26.6281,76.9665
322236,Karauli,Rajasthan,26.7560,77.1269
322238,Karauli,Rajasthan,26.7921,76.8299
322240,Dausa,Rajasthan,26.7906,76.2027
322241,Karauli,Rajasthan,26.5176,77.0171
322242,Karauli,Rajasthan,26.6117,77.2015
322243,Karauli,Rajasthan,26.3651,76.9192
322249,Karauli,Rajasthan,26.4425,77.0838
322251,Karauli,Rajasthan,26.3670,77.1629
322252,Karauli,Rajasthan,26.7977,77.1782
322254,Karauli,Rajasthan,26.8223,76.9729
322255,Karauli,Rajasthan,26.4553,76.8688
322701,Sawai Madhopur,Rajasthan,26.1430,76.2837
322702,Sawai Madhopur,Rajasthan,26.1024,76.1460
322703,Sawai Madhopur,Rajasthan,26.1744,76.0846
322704,Sawai Madhopur,Rajasthan,26.2132,76.0562
323001,Bundi,Rajasthan,25.4293,75.6483
323021,Bundi,Rajasthan,25.2807,75.7662
323022,Bundi,Rajasthan,25.2706,75.6426
323023,Bundi,Rajasthan,25.5490,75.4989
323024,Bundi,Rajasthan,25.5140,75.5582
323025,Bundi,Rajasthan,25.6032,75.4374
323026,Bundi,Rajasthan,25.6344,75.6395
323301,Bundi,Rajasthan,25.4061,76.0131
323303,Chittorgarh,Rajasthan,24.7275,74.3231
323304,Chittorgarh,Rajasthan,24.6137,74.5046
323305,Chittorgarh,Rajasthan,24.8828,74.6225
323306,Chittorgarh,Rajasthan,,
323307,Chittorgarh,Rajasthan,,
323601,Bundi,Rajasthan,25.2998,75.9352
323602,Bundi,Rajasthan,25.3562,75.9155
323603,Bundi,Rajasthan,25.5835,76.1693
323613,Bundi,Rajasthan,25.4383,76.1700
323614,Bundi,Rajasthan,25.7073,76.2146
323615,Bundi,Rajasthan,,
323616,Bundi,Rajasthan,25.6199,76.0334
323801,Bundi,Rajasthan,25.7888,75.8708
323802,Bundi,Rajasthan,25.6666,75.8836
323803,Bundi,Rajasthan,25.5312,75.9376
324001,Kota,Rajasthan,25.2073,75.8603
324002,Kota,Rajasthan,25.2200,75.8878
324003,Kota,Rajasthan,25.1704,75.8750
324004,Kota,Rajasthan,25.1325,75.8942
324005,Kota,Rajasthan,25.1428,75.8533
324006,Kota,Rajasthan,25.1758,75.8400
324007,Kota,Rajasthan,25.1676,75.8533
324008,Kota,Rajasthan,25.2000,75.8289
324009,Kota,Rajasthan,,
324010,Kota,Rajasthan,25.0200,75.7900
325001,Kota,Rajasthan,25.0700,75.9900
325003,Kota,Rajasthan,24.9429,75.9300
325004,Kota,Rajasthan,25.4550,76.3500
325009,Kota,Rajasthan,25.0300,75.8200
325201,Kota,Rajasthan,25.2358,76.0500
325202,Baran,Rajasthan,25.1050,76.3000
325203,Kota,Rajasthan,25.1600,76.1100
325204,Kota,Rajasthan,25.3200,76.1800
325205,Baran,Rajasthan,25.0700,76.5250
325206,Baran,Rajasthan,25.2800,76.3525
325207,Kota,Rajasthan,24.9000,76.4200
325208,Kota,Rajasthan,25.1804,76.1953
325209,Baran,Rajasthan,25.1300,76.3700
325214,Kota,Rajasthan,25.2300,76.4500
325215,Baran,Rajasthan,25.2950,76.5550
325216,Baran,Rajasthan,25.1100,76.6800
325217,Baran,Rajasthan,25.1200,77.0000
325218,Baran,Rajasthan,24.8900,76.6200
325219,Baran,Rajasthan,24.7400,76.6650
325220,Baran,Rajasthan,24.6900,76.8200
325221,Baran,Rajasthan,24.6317,76.6600
325222,Baran,Rajasthan,25.2300,76.4950
325223,Baran,Rajasthan,24.8400,76.5350
325224,Baran,Rajasthan,25.0250,76.8350
325601,Kota,Rajasthan,24.9850,76.2300
325602,Kota,Rajasthan,24.8800,76.1246
326001,Jhalawar,Rajasthan,24.5895,76.2615
326021,Jhalawar,Rajasthan,24.4676,76.3154
326022,Jhalawar,Rajasthan,24.2851,76.2351
326023,Jhalawar,Rajasthan,24.5085,76.1825
326033,Jhalawar,Rajasthan,24.3925,76.4975
326034,Jhalawar,Rajasthan,24.1550,76.0300
326035,Jhalawar,Rajasthan,24.5350,76.4285
326036,Jhalawar,Rajasthan,24.3400,76.1300
326037,Jhalawar,Rajasthan,24.5325,76.3067
326038,Jhalawar,Rajasthan,24.7013,76.3382
326039,Jhalawar,Rajasthan,24.2839,76.4740
326501,Jhalawar,Rajasthan,24.5300,76.0250
326502,Jhalawar,Rajasthan,24.4310,75.8945
326512,Jhalawar,Rajasthan,24.3300,75.8400
326513,Jhalawar,Rajasthan,24.2800,75.9557
326514,Jhalawar,Rajasthan,24.0031,75.8957
326515,Jhalawar,Rajasthan,,
326516,Jhalawar,Rajasthan,24.2810,76.1594
326517,Kota,Rajasthan,24.7293,76.0100
326518,Kota,Rajasthan,24.7800,75.8850
326519,Kota,Rajasthan,,
326520,Kota,Rajasthan,24.7221,75.9400
326529,Kota,Rajasthan,,
326530,Kota,Rajasthan,,
327001,Banswara,Rajasthan,23.5639,74.4789
327021,Banswara,Rajasthan,23.7664,74.2651
327022,Banswara,Rajasthan,23.6245,74.1651
327023,Banswara,Rajasthan,23.7521,74.3866
327024,Banswara,Rajasthan,23.5912,74.1755
327025,Banswara,Rajasthan,23.6242,74.2781
327026,Banswara,Rajasthan,23.6621,74.5053
327027,Banswara,Rajasthan,23.8134,74.4685
327031,Banswara,Rajasthan,23.3969,74.0711
327032,Banswara,Rajasthan,23.4965,74.0759
327034,Banswara,Rajasthan,23.5257,74.2090
327601,Banswara,Rajasthan,23.2770,74.1805
327602,Banswara,Rajasthan,23.2470,74.2968
327603,Banswara,Rajasthan,23.4573,74.2891
327604,Banswara,Rajasthan,23.4267,74.3719
327605,Banswara,Rajasthan,23.7619,74.1739
327606,Banswara,Rajasthan,23.3441,74.2942
327801,Banswara,Rajasthan,23.2107,74.4596
328001,Dholpur,Rajasthan,26.7166,77.8931
328021,Dholpur,Rajasthan,26.6473,77.6117
328022,Dholpur,Rajasthan,26.7649,77.5394
328023,Dholpur,Rajasthan,26.8751,77.8110
328024,Dholpur,Rajasthan,26.8465,77.9195
328025,Dholpur,Rajasthan,26.8659,78.1315
328026,Dholpur,Rajasthan,26.4758,77.4319
328027,Dholpur,Rajasthan,26.8311,77.7183
328028,Dholpur,Rajasthan,26.5737,77.7975
328029,Dholpur,Rajasthan,26.7606,78.0534
328030,Dholpur,Rajasthan,26.7453,77.8225
328031,Dholpur,Rajasthan,26.6152,77.4865
328041,Dholpur,Rajasthan,26.7219,77.7003
331001,Churu,Rajasthan,28.3304,74.9648
331021,Churu,Rajasthan,28.2272,74.9531
331022,Churu,Rajasthan,28.1148,74.6415
331023,Churu,Rajasthan,28.5402,75.2107
331024,Sikar,Rajasthan,,
331025,Jhunjhunu,Rajasthan,28.2760,75.2935
331026,Jhunjhunu,Rajasthan,28.3923,75.2413
331027,Jhunjhunu,Rajasthan,28.2367,75.1837
331028,Jhunjhunu,Rajasthan,28.3416,75.2720
331029,Churu,Rajasthan,28.4638,75.1395
331030,Jhunjhunu,Rajasthan,28.2038,75.0904
331031,Churu,Rajasthan,28.2425,74.8276
331301,Churu,Rajasthan,,
331302,Churu,Rajasthan,28.7863,74.7981
331303,Churu,Rajasthan,,
331304,Churu,Rajasthan,28.6321,74.9296
331305,Churu,Rajasthan,,
331402,Churu,Rajasthan,28.3897,74.6605
331403,Churu,Rajasthan,28.4407,74.5309
331411,Churu,Rajasthan,28.6072,74.4034
331501,Churu,Rajasthan,,
331502,Churu,Rajasthan,,
331503,Churu,Rajasthan,,
331504,Churu,Rajasthan,28.2827,74.6488
331505,Churu,Rajasthan,28.2903,74.9614
331506,Churu,Rajasthan,,
331507,Churu,Rajasthan,,
331517,Churu,Rajasthan,,
331518,Churu,Rajasthan,28.2903,74.9614
331701,Churu,Rajasthan,,
331801,Bikaner,Rajasthan,,
331802,Churu,Rajasthan,28.0605,74.4701
331803,Bikaner,Rajasthan,28.0159,73.3437
331811,Bikaner,Rajasthan,28.0611,73.7867
332001,Sikar,Rajasthan,27.6166,75.1230
332002,Sikar,Rajasthan,27.5082,75.0100
332021,Sikar,Rajasthan,27.5185,75.1503
332023,Sikar,Rajasthan,27.4378,75.0549
332024,Sikar,Rajasthan,27.6938,75.1848
332025,Sikar,Rajasthan,27.3874,74.9326
332026,Sikar,Rajasthan,27.6123,74.8017
332027,Sikar,Rajasthan,27.6538,75.2684
332028,Sikar,Rajasthan,27.5274,74.8566
332029,Sikar,Rajasthan,27.6728,74.7527
332030,Sikar,Rajasthan,27.4650,74.8609
332031,Sikar,Rajasthan,27.7874,75.1925
332041,Sikar,Rajasthan,27.6313,74.9998
332042,Sikar,Rajasthan,27.5685,75.0063
332301,Sikar,Rajasthan,27.9155,74.9740
332302,Sikar,Rajasthan,,
332303,Sikar,Rajasthan,27.9615,75.1258
332304,Sikar,Rajasthan,,
332305,Sikar,Rajasthan,28.0193,75.0790
332307,Sikar,Rajasthan,,
332311,Sikar,Rajasthan,27.8359,75.0262
332312,Sikar,Rajasthan,27.7335,74.8917
332315,Sikar,Rajasthan,27.7211,75.0691
332316,Sikar,Rajasthan,27.8381,75.1863
332317,Sikar,Rajasthan,27.8269,74.9137
332318,Sikar,Rajasthan,27.7770,74.8148
332401,Sikar,Rajasthan,27.9019,75.1158
332402,Sikar,Rajasthan,27.4863,75.3835
332403,Sikar,Rajasthan,27.5294,75.2581
332404,Sikar,Rajasthan,27.3674,75.5309
332405,Sikar,Rajasthan,27.5752,75.3383
332406,Sikar,Rajasthan,27.4327,75.1870
332411,Sikar,Rajasthan,27.4394,75.4709
332601,Sikar,Rajasthan,27.3307,75.3064
332602,Sikar,Rajasthan,27.3817,75.4057
332603,Sikar,Rajasthan,27.3655,75.6233
332701,Sikar,Rajasthan,,
332702,Sikar,Rajasthan,27.3114,75.1866
332703,Sikar,Rajasthan,27.2306,75.2152
332705,Sikar,Rajasthan,,
332706,Sikar,Rajasthan,27.6464,75.6164
332707,Sikar,Rajasthan,,
332708,Sikar,Rajasthan,27.5850,75.6615
332709,Sikar,Rajasthan,27.6037,75.5211
332710,Sikar,Rajasthan,27.2219,75.2771
332711,Sikar,Rajasthan,,
332712,Sikar,Rajasthan,27.4205,75.6927
332713,Sikar,Rajasthan,,
332714,Sikar,Rajasthan,27.6358,75.7197
332715,Sikar,Rajasthan,27.4830,75.6063
332716,Jhunjhunu,Rajasthan,27.8528,75.7048
332718,Sikar,Rajasthan,,
332719,Sikar,Rajasthan,27.5240,75.7081
332721,Sikar,Rajasthan,27.5992,75.4170
332722,Sikar,Rajasthan,27.5101,75.5261
332742,Sikar,Rajasthan,27.1734,75.1673
332746,Jhunjhunu,Rajasthan,28.0450,75.9609
333001,Jhunjhunu,Rajasthan,28.1249,75.3959
333010,Jhunjhunu,Rajasthan,27.9755,75.1856
333011,Jhunjhunu,Rajasthan,28.2065,75.3374
333012,Jhunjhunu,Rajasthan,27.9245,75.5387
333020,Jhunjhunu,Rajasthan,28.2272,75.1785
333021,Jhunjhunu,Rajasthan,28.0015,75.4707
333022,Jhunjhunu,Rajasthan,27.8475,75.5103
333023,Jhunjhunu,Rajasthan,28.2004,75.4722
333024,Jhunjhunu,Rajasthan,28.1231,75.5127
333025,Jhunjhunu,Rajasthan,28.2920,75.4402
333026,Jhunjhunu,Rajasthan,28.2124,75.6567
333027,Jhunjhunu,Rajasthan,28.1704,75.6417
333028,Jhunjhunu,Rajasthan,28.0968,75.5909
333029,Jhunjhunu,Rajasthan,28.3115,75.7562
333030,Jhunjhunu,Rajasthan,28.3456,75.6821
333031,Jhunjhunu,Rajasthan,28.4142,75.6396
333032,Jhunjhunu,Rajasthan,27.8564,75.4367
333033,Jhunjhunu,Rajasthan,28.3135,75.8709
333034,Jhunjhunu,Rajasthan,28.2610,75.9586
333035,Jhunjhunu,Rajasthan,28.3020,75.6015
333036,Jhunjhunu,Rajasthan,27.9896,75.9171
333041,Jhunjhunu,Rajasthan,28.0653,75.3032
333042,Jhunjhunu,Rajasthan,27.8616,75.3004
333053,Jhunjhunu,Rajasthan,27.8571,75.6394
333055,Jhunjhunu,Rajasthan,28.2740,75.7515
333302,Jhunjhunu,Rajasthan,27.7371,75.5946
333303,Jhunjhunu,Rajasthan,27.7411,75.4086
333304,Jhunjhunu,Rajasthan,27.8001,75.3238
333305,Jhunjhunu,Rajasthan,27.9247,75.4149
333307,Jhunjhunu,Rajasthan,27.7454,75.4589
333308,Jhunjhunu,Rajasthan,27.8121,75.3758
333501,Jhunjhunu,Rajasthan,27.9006,75.7430
333502,Jhunjhunu,Rajasthan,28.2074,75.8651
333503,Jhunjhunu,Rajasthan,27.9952,75.8131
333504,Jhunjhunu,Rajasthan,28.0802,75.8090
333514,Jhunjhunu,Rajasthan,28.0489,75.7157
333515,Jhunjhunu,Rajasthan,28.1814,75.9843
333516,Jhunjhunu,Rajasthan,28.1325,75.7924
333517,Jhunjhunu,Rajasthan,28.1403,75.7618
333701,Jhunjhunu,Rajasthan,27.9796,75.1911
333702,Jhunjhunu,Rajasthan,27.9026,75.2276
333704,Jhunjhunu,Rajasthan,28.0697,75.1865
333705,Jhunjhunu,Rajasthan,27.9501,75.2463
333707,Jhunjhunu,Rajasthan,27.9723,75.3353
333801,Jhunjhunu,Rajasthan,27.7548,75.6806
334001,Bikaner,Rajasthan,28.0167,73.3065
334003,Bikaner,Rajasthan,28.0208,73.3158
334004,Bikaner,Rajasthan,28.0281,73.3047
334006,Bikaner,Rajasthan,28.1722,73.0400
334021,Bikaner,Rajasthan,28.0208,73.3158
334022,Bikaner,Rajasthan,28.0832,73.4666
334023,Bikaner,Rajasthan,,
334201,Bikaner,Rajasthan,27.8434,73.5226
334202,Bikaner,Rajasthan,27.9317,73.6639
334302,Bikaner,Rajasthan,27.8574,72.9765
334303,Bikaner,Rajasthan,28.0183,73.3148
334305,Bikaner,Rajasthan,27.8290,73.1745
334401,Bikaner,Rajasthan,27.9831,73.2986
334402,Bikaner,Rajasthan,27.8233,73.2617
334403,Bikaner,Rajasthan,27.9742,73.2986
334601,Bikaner,Rajasthan,28.3611,73.5049
334602,Bikaner,Rajasthan,28.3393,73.6653
334603,Bikaner,Rajasthan,,
334604,Bikaner,Rajasthan,28.0208,73.3158
334801,Bikaner,Rajasthan,27.7321,73.3745
334802,Bikaner,Rajasthan,27.7026,73.6685
334803,Bikaner,Rajasthan,27.7477,73.3286
334804,Bikaner,Rajasthan,27.6043,73.2514
334808,Bikaner,Rajasthan,,
335001,Ganganagar,Rajasthan,29.9222,73.8498
335002,Ganganagar,Rajasthan,29.8411,73.8797
335021,Ganganagar,Rajasthan,29.5064,73.3478
335022,Ganganagar,Rajasthan,29.8245,73.7331
335023,Ganganagar,Rajasthan,29.9205,73.4976
335024,Ganganagar,Rajasthan,29.6692,73.4475
335025,Ganganagar,Rajasthan,29.7655,73.9036
335027,Ganganagar,Rajasthan,29.8936,73.6139
335037,Ganganagar,Rajasthan,29.8267,73.9674
335038,Ganganagar,Rajasthan,29.9350,73.7105
335039,Ganganagar,Rajasthan,29.5221,73.5632
335040,Ganganagar,Rajasthan,29.7847,73.5806
335041,Ganganagar,Rajasthan,29.6874,73.6483
335051,Ganganagar,Rajasthan,29.4801,73.4627
335061,Ganganagar,Rajasthan,29.5862,73.7331
335062,Ganganagar,Rajasthan,29.8575,74.0703
335063,Hanumangarh,Rajasthan,29.6593,74.4921
335064,Hanumangarh,Rajasthan,29.6531,74.2612
335065,Hanumangarh,Rajasthan,29.6442,74.3966
335073,Ganganagar,Rajasthan,29.8420,73.4508
335501,Hanumangarh,Rajasthan,,
335502,Hanumangarh,Rajasthan,,
335503,Hanumangarh,Rajasthan,,
335504,Hanumangarh,Rajasthan,29.2225,74.8814
335511,Hanumangarh,Rajasthan,29.1916,74.7728
335512,Hanumangarh,Rajasthan,29.6244,74.3001
335513,Hanumangarh,Rajasthan,29.5756,74.3358
335522,Hanumangarh,Rajasthan,,
335523,Hanumangarh,Rajasthan,29.1819,74.7161
335524,Hanumangarh,Rajasthan,29.2479,74.3789
335525,Hanumangarh,Rajasthan,29.5117,74.5782
335526,Hanumangarh,Rajasthan,29.5269,74.4936
335701,Ganganagar,Rajasthan,29.6184,73.6353
335702,Ganganagar,Rajasthan,29.3099,73.6985
335703,Ganganagar,Rajasthan,29.5724,73.6628
335704,Ganganagar,Rajasthan,29.2755,73.5889
335705,Ganganagar,Rajasthan,29.3895,73.7875
335707,Ganganagar,Rajasthan,29.9035,73.8797
335708,Ganganagar,Rajasthan,,
335711,Ganganagar,Rajasthan,29.9035,73.8797
335801,Hanumangarh,Rajasthan,29.5103,74.1912
335802,Hanumangarh,Rajasthan,29.6056,74.1192
335803,Hanumangarh,Rajasthan,29.4687,74.0824
335804,Ganganagar,Rajasthan,29.3610,73.8797
335805,Ganganagar,Rajasthan,29.9035,73.8797
335901,Ganganagar,Rajasthan,29.9065,73.8756
341001,Nagaur,Rajasthan,27.2175,73.8522
341020,Nagaur,Rajasthan,,
341021,Nagaur,Rajasthan,,
341022,Nagaur,Rajasthan,27.3679,74.0212
341023,Nagaur,Rajasthan,27.2493,74.1965
341024,Nagaur,Rajasthan,26.9986,74.0316
341025,Nagaur,Rajasthan,,
341026,Nagaur,Rajasthan,,
341027,Nagaur,Rajasthan,27.1915,73.9405
341028,Nagaur,Rajasthan,,
341029,Nagaur,Rajasthan,,
341030,Nagaur,Rajasthan,27.1257,74.1262
341031,Nagaur,Rajasthan,26.6559,74.3246
341301,Nagaur,Rajasthan,27.0335,74.7690
341302,Nagaur,Rajasthan,27.0910,74.4285
341303,Nagaur,Rajasthan,27.3995,74.5756
341304,Nagaur,Rajasthan,,
341305,Nagaur,Rajasthan,27.3553,74.4335
341306,Nagaur,Rajasthan,,
341316,Nagaur,Rajasthan,27.4786,74.2341
341317,Nagaur,Rajasthan,27.3744,74.3294
341318,Nagaur,Rajasthan,27.2664,74.4845
341319,Nagaur,Rajasthan,27.1861,74.5059
341501,Nagaur,Rajasthan,26.8893,74.5112
341502,Nagaur,Rajasthan,27.0427,74.6203
341503,Nagaur,Rajasthan,26.8649,74.3296
341504,Nagaur,Rajasthan,27.0350,74.4585
341505,Nagaur,Rajasthan,27.0375,74.7242
341506,Nagaur,Rajasthan,27.2820,74.6225
341507,Nagaur,Rajasthan,,
341508,Nagaur,Rajasthan,27.1080,74.7908
341509,Nagaur,Rajasthan,27.0592,74.4027
341510,Nagaur,Rajasthan,26.6989,74.1927
341511,Nagaur,Rajasthan,26.7753,74.0006
341512,Nagaur,Rajasthan,26.8501,74.6752
341513,Nagaur,Rajasthan,27.0628,74.8364
341514,Nagaur,Rajasthan,26.8536,74.0970
341515,Nagaur,Rajasthan,26.7028,74.4793
341516,Nagaur,Rajasthan,27.3995,74.5756
341517,Nagaur,Rajasthan,27.2907,74.6661
341518,Nagaur,Rajasthan,,
341519,Nagaur,Rajasthan,27.3804,74.6474
341520,Nagaur,Rajasthan,26.9706,74.5597
341533,Nagaur,Rajasthan,,
341542,Nagaur,Rajasthan,26.9693,74.6980
341551,Nagaur,Rajasthan,27.2291,74.4009
342001,Jodhpur,Rajasthan,26.2872,73.0171
342002,Jodhpur,Rajasthan,26.2430,73.0210
342003,Jodhpur,Rajasthan,26.2765,73.0093
342005,Jodhpur,Rajasthan,26.2285,73.0149
342006,Jodhpur,Rajasthan,26.2906,73.0443
342007,Jodhpur,Rajasthan,26.3211,73.0474
342008,Jodhpur,Rajasthan,26.2501,72.9779
342011,Jodhpur,Rajasthan,26.2665,73.0359
342012,Jodhpur,Rajasthan,26.1910,72.9354
342013,Jodhpur,Rajasthan,26.2572,73.0339
342014,Jodhpur,Rajasthan,26.2390,72.9772
342015,Jodhpur,Rajasthan,26.3285,73.1943
342021,Jodhpur,Rajasthan,,
342022,Jodhpur,Rajasthan,,
342023,Jodhpur,Rajasthan,,
342024,Jodhpur,Rajasthan,26.2390,73.0243
342025,Jodhpur,Rajasthan,,
342026,Jodhpur,Rajasthan,26.3319,73.0425
342027,Jodhpur,Rajasthan,26.3316,73.1485
342028,Jodhpur,Rajasthan,,
342029,Jodhpur,Rajasthan,26.6951,73.2437
342030,Jodhpur,Rajasthan,26.4589,73.1109
342037,Jodhpur,Rajasthan,26.6951,73.2437
342301,Jodhpur,Rajasthan,26.7260,72.9100
342302,Jodhpur,Rajasthan,,
342303,Jodhpur,Rajasthan,26.7260,72.9100
342304,Jodhpur,Rajasthan,26.3517,73.0479
342305,Jodhpur,Rajasthan,26.5362,72.9665
342306,Jodhpur,Rajasthan,26.3379,73.0274
342307,Jodhpur,Rajasthan,,
342308,Jodhpur,Rajasthan,,
342309,Jodhpur,Rajasthan,,
342310,Jaisalmer,Rajasthan,26.9158,70.9083
342311,Jodhpur,Rajasthan,,
342312,Jodhpur,Rajasthan,,
342314,Jodhpur,Rajasthan,,
342601,Jodhpur,Rajasthan,26.2389,73.0243
342602,Jodhpur,Rajasthan,,
342603,Jodhpur,Rajasthan,26.5082,73.2980
342604,Jodhpur,Rajasthan,,
342605,Jodhpur,Rajasthan,,
342606,Jodhpur,Rajasthan,26.3568,73.4248
342801,Jodhpur,Rajasthan,26.3285,73.0803
342802,Jodhpur,Rajasthan,,
342901,Jodhpur,Rajasthan,26.2229,73.0110
342902,Nagaur,Rajasthan,,
343001,Jalore,Rajasthan,25.3404,72.4944
343002,Jalore,Rajasthan,25.3138,72.6373
343021,Jalore,Rajasthan,25.3868,72.4164
343022,Jalore,Rajasthan,25.3229,72.2170
343023,Jalore,Rajasthan,25.2249,72.3109
343024,Jalore,Rajasthan,25.1393,72.6817
343025,Jalore,Rajasthan,25.1986,72.5382
343027,Jalore,Rajasthan,,
343028,Jalore,Rajasthan,25.1817,72.4347
343029,Jalore,Rajasthan,25.0143,72.2702
343030,Jalore,Rajasthan,25.0903,72.1120
343032,Jalore,Rajasthan,25.2175,72.0202
343039,Jalore,Rajasthan,24.7752,72.2875
343040,Jalore,Rajasthan,24.7741,72.0775
343041,Jalore,Rajasthan,24.8895,71.9053
343042,Jalore,Rajasthan,25.4268,72.5175
343048,Jalore,Rajasthan,24.6643,72.2435
343049,Jalore,Rajasthan,24.8892,72.2615
344001,Barmer,Rajasthan,25.7392,71.3937
344011,Barmer,Rajasthan,25.8389,71.3268
344012,Barmer,Rajasthan,25.5232,71.2776
344021,Barmer,Rajasthan,,
344022,Barmer,Rajasthan,,
344024,Barmer,Rajasthan,,
344025,Barmer,Rajasthan,,
344026,Barmer,Rajasthan,,
344027,Barmer,Rajasthan,,
344031,Barmer,Rajasthan,,
344032,Barmer,Rajasthan,,
344033,Barmer,Rajasthan,25.5682,71.9565
344034,Barmer,Rajasthan,25.8704,71.8192
344035,Barmer,Rajasthan,25.9081,71.5343
344037,Barmer,Rajasthan,,
344043,Barmer,Rajasthan,,
344044,Barmer,Rajasthan,25.5863,71.4719
344501,Barmer,Rajasthan,,
344502,Barmer,Rajasthan,25.7036,71.0032
344701,Barmer,Rajasthan,26.1317,71.4253
344702,Barmer,Rajasthan,25.4842,71.0705
344703,Barmer,Rajasthan,25.6501,71.6715
344704,Barmer,Rajasthan,25.3117,71.5266
344705,Barmer,Rajasthan,,
344706,Barmer,Rajasthan,25.8651,71.5494
344708,Barmer,Rajasthan,25.4926,71.4141
344801,Barmer,Rajasthan,,
345001,Jaisalmer,Rajasthan,26.9158,70.9083
345021,Jaisalmer,Rajasthan,26.9158,70.9083
345022,Jaisalmer,Rajasthan,,
345023,Jaisalmer,Rajasthan,,
345024,Jaisalmer,Rajasthan,26.9158,70.9083
345025,Jaisalmer,Rajasthan,26.9158,70.9083
345026,Jaisalmer,Rajasthan,26.9158,70.9083
345027,Jaisalmer,Rajasthan,26.9158,70.9083
345028,Jaisalmer,Rajasthan,,
345031,Jaisalmer,Rajasthan,26.9142,70.9135
345033,Jaisalmer,Rajasthan,27.0248,70.7955
345034,Jaisalmer,Rajasthan,26.9158,70.9083
360001,Rajkot,Gujarat,22.3002,70.7992
360002,Rajkot,Gujarat,22.2834,70.8032
360003,Rajkot,Gujarat,22.3393,70.8033
360004,Rajkot,Gujarat,22.2569,70.7811
360005,Rajkot,Gujarat,22.2739,70.7504
360006,Rajkot,Gujarat,22.3277,70.7630
360007,Rajkot,Gujarat,22.2995,70.7754
360020,Rajkot,Gujarat,22.2097,70.9209
360021,Rajkot,Gujarat,22.2785,70.5595
360022,Rajkot,Gujarat,22.1930,70.8006
360023,Rajkot,Gujarat,22.1935,70.5912
360024,Rajkot,Gujarat,22.1648,70.7954
360025,Rajkot,Gujarat,22.1439,71.0057
360026,Rajkot,Gujarat,22.1557,70.7707
360028,Rajkot,Gujarat,22.3516,70.8029
360030,Rajkot,Gujarat,22.0456,70.8657
360035,Rajkot,Gujarat,22.1352,70.6349
360040,Rajkot,Gujarat,21.9764,71.1342
360045,Rajkot,Gujarat,21.8369,71.0263
360050,Rajkot,Gujarat,22.0584,71.2096
360055,Rajkot,Gujarat,22.0394,71.2089
360060,Rajkot,Gujarat,22.0747,71.0976
360070,Rajkot,Gujarat,22.0790,70.6330
360110,Rajkot,Gujarat,22.4193,70.6087
360311,Rajkot,Gujarat,21.9664,70.7808
360320,Rajkot,Gujarat,21.8721,70.7311
360325,Rajkot,Gujarat,22.0411,70.8653
360330,Rajkot,Gujarat,21.8820,70.8758
360360,Rajkot,Gujarat,21.7141,70.5553
360370,Rajkot,Gujarat,21.7475,70.6185
360375,Rajkot,Gujarat,21.7791,70.6042
360380,Rajkot,Gujarat,21.8282,70.6934
360405,Rajkot,Gujarat,21.9365,70.4961
360410,Rajkot,Gujarat,21.8488,70.4956
360421,Rajkot,Gujarat,,
360430,Rajkot,Gujarat,,
360440,Rajkot,Gujarat,21.8507,70.3720
360450,Rajkot,Gujarat,21.9712,70.5612
360452,Rajkot,Gujarat,21.9856,70.3740
360460,Rajkot,Gujarat,,
360465,Rajkot,Gujarat,21.8189,70.9569
360470,Rajkot,Gujarat,22.2018,70.9040
360480,Jamnagar,Gujarat,21.9549,70.2051
360485,Rajkot,Gujarat,21.7471,70.7559
360490,Rajkot,Gujarat,22.0599,70.7736
360510,Devbhumi Dwarka,Gujarat,21.9400,69.7250
360515,Devbhumi Dwarka,Gujarat,22.0200,69.8800
360520,Jamnagar,Gujarat,22.0400,70.1327
360530,Jamnagar,Gujarat,21.9650,70.0100
360531,Jamnagar,Gujarat,,
360540,Jamnagar,Gujarat,22.0900,70.5100
360545,Porbandar,Gujarat,21.7488,69.6835
360550,Porbandar,Gujarat,21.6913,69.7524
360570,Porbandar,Gujarat,21.6483,69.8747
360575,Porbandar,Gujarat,21.6401,69.6082
360576,Porbandar,Gujarat,21.5165,69.8061
360577,Porbandar,Gujarat,21.6669,69.6814
360578,Porbandar,Gujarat,21.6279,69.6344
360579,Porbandar,Gujarat,21.7342,69.5567
360590,Porbandar,Gujarat,21.8513,69.5669
361001,Jamnagar,Gujarat,22.4677,70.0627
361002,Jamnagar,Gujarat,22.4856,70.1354
361003,Jamnagar,Gujarat,22.4856,70.1354
361004,Jamnagar,Gujarat,22.4552,70.0462
361005,Jamnagar,Gujarat,22.4618,70.0648
361006,Jamnagar,Gujarat,22.4300,69.9900
361007,Jamnagar,Gujarat,22.4800,70.0900
361008,Jamnagar,Gujarat,22.4800,70.0603
361009,Jamnagar,Gujarat,22.4990,70.0426
361010,Devbhumi Dwarka,Gujarat,22.3250,69.7000
361011,Jamnagar,Gujarat,22.6100,70.2900
361012,Jamnagar,Gujarat,22.3250,70.0718
361013,Jamnagar,Gujarat,22.2700,70.2450
361110,Jamnagar,Gujarat,22.4300,70.2400
361120,Jamnagar,Gujarat,22.4928,70.1550
361130,Jamnagar,Gujarat,22.4000,70.3300
361140,Jamnagar,Gujarat,22.3900,69.8600
361142,Jamnagar,Gujarat,22.4856,70.1354
361150,Jamnagar,Gujarat,22.5297,70.0442
361160,Jamnagar,Gujarat,22.1400,70.3100
361162,Jamnagar,Gujarat,22.2300,70.4600
361170,Jamnagar,Gujarat,22.2100,69.9900
361210,Jamnagar,Gujarat,22.5500,70.4186
361220,Jamnagar,Gujarat,22.6232,70.5102
361230,Jamnagar,Gujarat,22.5904,70.1748
361240,Jamnagar,Gujarat,22.6800,70.4200
361250,Jamnagar,Gujarat,22.6600,70.3250
361280,Jamnagar,Gujarat,22.2850,69.8562
361305,Devbhumi Dwarka,Gujarat,22.2035,69.5500
361306,Devbhumi Dwarka,Gujarat,22.0750,69.5900
361310,Devbhumi Dwarka,Gujarat,22.2800,69.5500
361315,Devbhumi Dwarka,Gujarat,22.1100,69.3000
361320,Devbhumi Dwarka,Gujarat,22.0250,69.4250
361325,Devbhumi Dwarka,Gujarat,21.9500,69.5000
361330,Devbhumi Dwarka,Gujarat,22.3894,69.2399
361335,Devbhumi Dwarka,Gujarat,22.2200,69.1050
361345,Devbhumi Dwarka,Gujarat,,
361347,Devbhumi Dwarka,Gujarat,,
361350,Devbhumi Dwarka,Gujarat,,
362001,Junagadh,Gujarat,21.5147,70.4591
362002,Junagadh,Gujarat,21.5477,70.3891
362011,Junagadh,Gujarat,21.6166,70.4059
362015,Junagadh,Gujarat,21.4735,70.4480
362020,Junagadh,Gujarat,21.5426,70.7511
362030,Junagadh,Gujarat,21.5882,70.6275
362037,Junagadh,Gujarat,21.5500,70.4500
362110,Junagadh,Gujarat,21.4438,70.6376
362120,Junagadh,Gujarat,21.3527,70.6199
362130,Junagadh,Gujarat,21.3506,70.7601
362135,Gir Somnath,Gujarat,21.1468,70.5710
362140,Gir Somnath,Gujarat,21.0071,70.6685
362150,Gir Somnath,Gujarat,21.0305,70.5280
362205,Junagadh,Gujarat,21.4613,70.3962
362215,Junagadh,Gujarat,21.3673,70.3517
362220,Junagadh,Gujarat,21.3082,70.1678
362222,Junagadh,Gujarat,21.3920,70.2333
362225,Junagadh,Gujarat,21.1483,70.1410
362226,Junagadh,Gujarat,21.1895,70.0734
362227,Junagadh,Gujarat,21.2299,70.2652
362230,Porbandar,Gujarat,21.3086,69.9402
362240,Junagadh,Gujarat,21.2225,70.0508
362245,Junagadh,Gujarat,21.1624,70.3329
362250,Junagadh,Gujarat,21.0629,70.2316
362255,Gir Somnath,Gujarat,20.9850,70.3049
362260,Junagadh,Gujarat,21.3116,70.4462
362263,Junagadh,Gujarat,21.3974,70.5185
362265,Gir Somnath,Gujarat,20.9310,70.3597
362268,Gir Somnath,Gujarat,20.9053,70.5305
362275,Gir Somnath,Gujarat,20.8222,70.6095
362310,Junagadh,Gujarat,21.6058,70.4948
362315,Junagadh,Gujarat,21.6437,70.5302
362510,Gir Somnath,Gujarat,20.7528,71.0135
362520,Diu,The Dadra and Nagar Haveli and Daman and Diu,20.7189,70.9857
362530,Gir Somnath,Gujarat,20.9270,70.9492
362540,Diu,The Dadra and Nagar Haveli and Daman and Diu,20.7148,70.9857
362550,Gir Somnath,Gujarat,20.8248,71.1346
362560,Gir Somnath,Gujarat,20.8491,71.0398
362565,Gir Somnath,Gujarat,20.9336,71.0957
362570,Diu,The Dadra and Nagar Haveli and Daman and Diu,20.7220,70.9517
362610,Junagadh,Gujarat,21.4780,70.2755
362620,Junagadh,Gujarat,21.5214,70.0260
362625,Junagadh,Gujarat,21.4336,70.1169
362630,Junagadh,Gujarat,21.4937,70.1680
362640,Junagadh,Gujarat,21.5899,70.2019
362650,Porbandar,Gujarat,21.6235,69.9662
362710,Gir Somnath,Gujarat,20.9017,70.7302
362715,Gir Somnath,Gujarat,,
362720,Gir Somnath,Gujarat,20.8190,70.7710
363001,Surendranagar,Gujarat,22.7345,71.6287
363002,Surendranagar,Gujarat,22.7290,71.6405
363020,Surendranagar,Gujarat,22.6812,71.6130
363030,Surendranagar,Gujarat,22.7230,71.7054
363035,Surendranagar,Gujarat,22.7249,71.6273
363040,Surendranagar,Gujarat,22.7982,71.5463
363110,Surendranagar,Gujarat,22.8891,71.6942
363115,Surendranagar,Gujarat,22.9515,71.9034
363310,Surendranagar,Gujarat,23.0008,71.4682
363320,Surendranagar,Gujarat,22.8912,71.6039
363330,Morbi,Gujarat,22.9676,71.1342
363351,Morbi,Gujarat,23.0302,71.0857
363410,Surendranagar,Gujarat,22.4565,71.6317
363421,Surendranagar,Gujarat,22.5729,71.8372
363423,Surendranagar,Gujarat,22.5491,71.9849
363427,Surendranagar,Gujarat,22.7249,71.8572
363430,Surendranagar,Gujarat,22.5235,71.4791
363435,Surendranagar,Gujarat,22.5824,71.5684
363440,Surendranagar,Gujarat,22.3827,71.4216
363510,Surendranagar,Gujarat,22.6978,71.4236
363520,Surendranagar,Gujarat,22.4954,71.2874
363530,Surendranagar,Gujarat,22.6067,71.2111
363621,Morbi,Gujarat,22.6028,70.9634
363623,Morbi,Gujarat,,
363630,Morbi,Gujarat,23.0150,70.8739
363641,Morbi,Gujarat,23.0841,70.5361
363642,Morbi,Gujarat,22.8883,70.8625
363643,Morbi,Gujarat,22.7873,70.8023
363650,Morbi,Gujarat,22.5987,70.6588
363655,Morbi,Gujarat,22.8500,70.5800
363660,Morbi,Gujarat,22.9755,70.5856
363670,Morbi,Gujarat,23.0615,70.7149
363745,Surendranagar,Gujarat,23.0540,71.7595
363750,Surendranagar,Gujarat,22.7249,71.6273
363755,Surendranagar,Gujarat,22.7249,71.6273
363760,Surendranagar,Gujarat,22.7249,71.6273
363765,Surendranagar,Gujarat,23.0868,71.8821
363775,Surendranagar,Gujarat,22.8705,71.8318
363780,Surendranagar,Gujarat,22.7249,71.6273
364001,Bhavnagar,Gujarat,21.7728,72.1467
364002,Bhavnagar,Gujarat,21.7360,72.1584
364003,Bhavnagar,Gujarat,21.7663,72.1179
364004,Bhavnagar,Gujarat,21.7695,72.1121
364005,Bhavnagar,Gujarat,21.7608,72.1904
364006,Bhavnagar,Gujarat,21.7790,72.1345
364050,Bhavnagar,Gujarat,21.5940,72.1530
364060,Bhavnagar,Gujarat,21.7266,72.0641
364070,Bhavnagar,Gujarat,21.6059,72.2460
364081,Bhavnagar,Gujarat,21.4126,72.1698
364110,Bhavnagar,Gujarat,21.6689,72.2312
364120,Bhavnagar,Gujarat,21.4904,72.1495
364130,Bhavnagar,Gujarat,21.1865,71.9637
364135,Bhavnagar,Gujarat,21.2102,72.0808
364140,Bhavnagar,Gujarat,21.3425,72.0235
364145,Bhavnagar,Gujarat,21.3315,71.8746
364150,Bhavnagar,Gujarat,21.4256,72.0745
364210,Bhavnagar,Gujarat,21.7136,71.8384
364230,Bhavnagar,Gujarat,21.7175,71.7088
364240,Bhavnagar,Gujarat,21.6925,71.9356
364250,Bhavnagar,Gujarat,21.7006,71.8896
364260,Bhavnagar,Gujarat,21.5994,71.9738
364265,Bhavnagar,Gujarat,21.5101,71.7224
364270,Bhavnagar,Gujarat,21.5366,71.8157
364275,Bhavnagar,Gujarat,21.5958,71.6453
364280,Bhavnagar,Gujarat,21.2465,71.6549
364290,Bhavnagar,Gujarat,21.1590,71.7586
364295,Bhavnagar,Gujarat,21.2326,71.8535
364310,Bhavnagar,Gujarat,21.9191,71.8767
364313,Bhavnagar,Gujarat,21.9078,71.9839
364320,Bhavnagar,Gujarat,21.8490,71.7313
364330,Bhavnagar,Gujarat,21.8611,71.8064
364505,Bhavnagar,Gujarat,21.5029,71.5764
364510,Bhavnagar,Gujarat,21.3900,71.7142
364515,Amreli,Gujarat,21.3784,71.3119
364521,Amreli,Gujarat,21.4298,71.3401
364522,Amreli,Gujarat,21.2207,71.3525
364525,Amreli,Gujarat,21.3894,71.5357
364530,Amreli,Gujarat,21.1939,71.4576
364710,Botad,Gujarat,22.1229,71.6817
364720,Botad,Gujarat,22.2744,71.5387
364730,Botad,Gujarat,21.8718,71.4947
364740,Botad,Gujarat,21.7602,71.5979
364750,Botad,Gujarat,21.9683,71.5380
364760,Botad,Gujarat,22.0498,71.7420
364765,Botad,Gujarat,22.0234,71.6286
365220,Amreli,Gujarat,21.6563,71.5123
365410,Amreli,Gujarat,21.8431,71.1604
365421,Amreli,Gujarat,21.8025,71.2987
365430,Amreli,Gujarat,21.6546,71.2955
365435,Amreli,Gujarat,21.7677,71.3907
365440,Amreli,Gujarat,21.5052,70.9881
365450,Amreli,Gujarat,21.6853,70.9906
365455,Amreli,Gujarat,21.6603,71.1411
365456,Amreli,Gujarat,21.5700,70.9458
365460,Amreli,Gujarat,21.7401,71.1286
365480,Amreli,Gujarat,21.6454,70.8811
365535,Amreli,Gujarat,21.5347,71.4080
365540,Amreli,Gujarat,21.6019,71.2164
365541,Amreli,Gujarat,21.3951,71.1273
365550,Amreli,Gujarat,21.0956,71.2867
365555,Amreli,Gujarat,21.3056,71.2134
365560,Amreli,Gujarat,21.1396,71.4259
365601,Amreli,Gujarat,21.6037,71.2186
365610,Amreli,Gujarat,21.5204,71.1135
365620,Amreli,Gujarat,21.6867,71.1675
365630,Amreli,Gujarat,21.4270,71.1636
365635,Amreli,Gujarat,21.3027,71.2718
365640,Amreli,Gujarat,21.2894,71.0534
365645,Amreli,Gujarat,21.3761,70.9051
365650,Amreli,Gujarat,21.1222,71.2366
365730,Amreli,Gujarat,21.1589,71.0553
370001,Kachchh,Gujarat,23.3990,69.6907
370015,Kachchh,Gujarat,23.2255,69.6697
370020,Kachchh,Gujarat,23.2563,69.8731
370030,Kachchh,Gujarat,23.2033,69.3768
370040,Kachchh,Gujarat,23.2164,69.6036
370105,Kachchh,Gujarat,23.2096,69.7921
370110,Kachchh,Gujarat,23.1065,69.9878
370115,Kachchh,Gujarat,23.2699,70.0007
370130,Kachchh,Gujarat,23.0535,69.8659
370135,Kachchh,Gujarat,,
370140,Kachchh,Gujarat,23.1122,69.5612
370145,Kachchh,Gujarat,23.0092,69.9576
370150,Kachchh,Gujarat,,
370155,Kachchh,Gujarat,23.2469,69.6732
370160,Kachchh,Gujarat,23.2469,69.6732
370165,Kachchh,Gujarat,23.2031,69.4420
370201,Kachchh,Gujarat,23.2469,69.6732
370203,Kachchh,Gujarat,23.2198,69.7785
370205,Kachchh,Gujarat,23.0478,70.0661
370210,Kachchh,Gujarat,23.2469,69.6732
370230,Kachchh,Gujarat,23.2469,69.6732
370240,Kachchh,Gujarat,23.2469,69.6732
370405,Kachchh,Gujarat,22.8770,69.6118
370410,Kachchh,Gujarat,22.9296,69.8145
370415,Kachchh,Gujarat,22.9032,69.6935
370421,Kachchh,Gujarat,22.8431,69.7421
370425,Kachchh,Gujarat,22.9906,69.7011
370427,Kachchh,Gujarat,23.1133,69.6414
370430,Kachchh,Gujarat,23.0797,69.5883
370435,Kachchh,Gujarat,22.8845,69.5347
370445,Kachchh,Gujarat,23.1010,69.3723
370450,Kachchh,Gujarat,23.0620,69.2323
370455,Kachchh,Gujarat,22.8448,69.4822
370460,Kachchh,Gujarat,22.9012,69.4099
370465,Kachchh,Gujarat,22.9773,69.3533
370475,Kachchh,Gujarat,,
370485,Kachchh,Gujarat,23.0209,69.4857
370490,Kachchh,Gujarat,23.2358,69.4055
370510,Kachchh,Gujarat,23.6693,69.6572
370601,Kachchh,Gujarat,23.2453,69.6509
370605,Kachchh,Gujarat,23.2667,69.3075
370610,Kachchh,Gujarat,23.2328,69.3978
370615,Kachchh,Gujarat,23.2198,69.5902
370620,Kachchh,Gujarat,23.2676,69.2133
370625,Kachchh,Gujarat,23.2198,69.7785
370627,Kachchh,Gujarat,,
370630,Kachchh,Gujarat,,
370641,Kachchh,Gujarat,,
370645,Kachchh,Gujarat,,
370650,Kachchh,Gujarat,23.2252,69.4788
370655,Kachchh,Gujarat,23.4262,69.7735
370660,Kachchh,Gujarat,23.1295,69.6393
370665,Kachchh,Gujarat,23.4045,69.3383
370670,Kachchh,Gujarat,,
370675,Kachchh,Gujarat,23.3198,69.3131
380001,Ahmadabad,Gujarat,23.0244,72.5867
380002,Ahmadabad,Gujarat,23.0262,72.5986
380003,Ahmadabad,Gujarat,23.0400,72.5900
380004,Ahmadabad,Gujarat,23.0478,72.5900
380005,Ahmadabad,Gujarat,23.0960,72.5958
380006,Ahmadabad,Gujarat,23.0073,72.5574
380007,Ahmadabad,Gujarat,23.0100,72.5600
380008,Ahmadabad,Gujarat,22.9988,72.6048
380009,Ahmadabad,Gujarat,23.0384,72.5568
380013,Ahmadabad,Gujarat,23.0521,72.5613
380014,Ahmadabad,Gujarat,23.0439,72.5657
380015,Ahmadabad,Gujarat,23.0270,72.5393
380016,Ahmadabad,Gujarat,23.0498,72.6085
380018,Ahmadabad,Gujarat,23.0300,72.6080
380019,Ahmadabad,Gujarat,23.0661,72.5767
380021,Ahmadabad,Gujarat,23.0167,72.6110
380022,Ahmadabad,Gujarat,23.0086,72.5885
380023,Ahmadabad,Gujarat,23.0165,72.6264
380024,Ahmadabad,Gujarat,23.0299,72.6246
380026,Ahmadabad,Gujarat,22.9993,72.6295
380027,Ahmadabad,Gujarat,23.0282,72.5834
380028,Ahmadabad,Gujarat,22.9978,72.5923
380049,Ahmadabad,Gujarat,23.0400,72.6600
380050,Ahmadabad,Gujarat,23.0282,72.5834
380051,Ahmadabad,Gujarat,23.0049,72.5209
380052,Ahmadabad,Gujarat,23.0467,72.5528
380054,Ahmadabad,Gujarat,23.0484,72.5208
380055,Ahmadabad,Gujarat,22.9955,72.5281
380058,Ahmadabad,Gujarat,23.0300,72.4500
380059,Ahmadabad,Gujarat,23.0545,72.4856
380060,Ahmadabad,Gujarat,23.0694,72.5120
380061,Ahmadabad,Gujarat,23.0687,72.5431
380063,Ahmadabad,Gujarat,23.0577,72.5489
382006,Gandhinagar,Gujarat,23.2164,72.6373
382007,Gandhinagar,Gujarat,23.2096,72.6538
382010,Gandhinagar,Gujarat,23.2203,72.6570
382016,Gandhinagar,Gujarat,23.2300,72.6479
382021,Gandhinagar,Gujarat,23.2310,72.6660
382024,Gandhinagar,Gujarat,23.2398,72.6467
382028,Gandhinagar,Gujarat,23.2584,72.6332
382030,Gandhinagar,Gujarat,23.2410,72.6668
382041,Gandhinagar,Gujarat,23.2512,72.6738
382042,Gandhinagar,Gujarat,23.3963,72.7017
382045,Gandhinagar,Gujarat,23.2494,72.7025
382110,Ahmadabad,Gujarat,22.9200,72.2400
382115,Ahmadabad,Gujarat,23.1891,72.3917
382120,Ahmadabad,Gujarat,23.2200,72.2000
382122,Gandhinagar,Gujarat,23.2579,72.4729
382130,Ahmadabad,Gujarat,23.2600,72.6900
382140,Ahmadabad,Gujarat,23.2550,72.1450
382145,Ahmadabad,Gujarat,23.3800,72.2500
382150,Ahmadabad,Gujarat,23.0900,72.1400
382170,Ahmadabad,Gujarat,23.0250,72.2600
382210,Ahmadabad,Gujarat,22.9500,72.4800
382213,Ahmadabad,Gujarat,22.9293,72.4100
382220,Ahmadabad,Gujarat,22.8276,72.3500
382225,Ahmadabad,Gujarat,22.7200,72.4100
382230,Ahmadabad,Gujarat,22.6800,72.1800
382240,Ahmadabad,Gujarat,22.7100,72.2700
382245,Botad,Gujarat,22.3300,71.7200
382250,Ahmadabad,Gujarat,22.7400,72.3400
382255,Botad,Gujarat,22.2450,71.8050
382260,Ahmadabad,Gujarat,22.8150,72.4700
382265,Ahmadabad,Gujarat,22.6200,72.4562
382305,Gandhinagar,Gujarat,23.1484,72.8308
382308,Gandhinagar,Gujarat,23.1100,72.8977
382315,Gandhinagar,Gujarat,23.2400,72.9000
382320,Gandhinagar,Gujarat,23.3313,72.7152
382321,Gandhinagar,Gujarat,23.3300,72.7800
382330,Ahmadabad,Gujarat,23.0800,72.6837
382340,Ahmadabad,Gujarat,23.0742,72.6374
382345,Ahmadabad,Gujarat,23.0542,72.6309
382350,Ahmadabad,Gujarat,23.0375,72.6415
382355,Gandhinagar,Gujarat,23.2500,72.7300
382405,Ahmadabad,Gujarat,22.9600,72.5800
382415,Ahmadabad,Gujarat,23.0224,72.6612
382418,Ahmadabad,Gujarat,23.0042,72.6907
382421,Gandhinagar,Gujarat,23.1800,72.6100
382422,Gandhinagar,Gujarat,23.2400,72.5950
382423,Gandhinagar,Gujarat,23.1800,72.5031
382424,Ahmadabad,Gujarat,23.1136,72.5824
382425,Ahmadabad,Gujarat,22.8700,72.5400
382426,Gandhinagar,Gujarat,23.1503,72.6400
382427,Ahmadabad,Gujarat,22.9100,72.5929
382428,Ahmadabad,Gujarat,22.8767,72.4636
382430,Ahmadabad,Gujarat,23.0290,72.7300
382433,Ahmadabad,Gujarat,22.9700,72.7900
382435,Ahmadabad,Gujarat,22.9200,72.7124
382443,Ahmadabad,Gujarat,22.9830,72.5971
382445,Ahmadabad,Gujarat,22.9500,72.6400
382449,Ahmadabad,Gujarat,23.2000,72.1900
382450,Ahmadabad,Gujarat,23.2900,72.1300
382455,Ahmadabad,Gujarat,22.9900,72.4650
382460,Ahmadabad,Gujarat,23.0500,72.4500
382463,Ahmadabad,Gujarat,23.0300,72.4800
382465,Ahmadabad,Gujarat,22.9600,72.4650
382470,Ahmadabad,Gujarat,23.2463,72.6269
382475,Ahmadabad,Gujarat,23.0813,72.6226
382480,Ahmadabad,Gujarat,23.0797,72.5724
382481,Ahmadabad,Gujarat,23.0889,72.5506
382610,Gandhinagar,Gujarat,23.3382,72.6337
382620,Gandhinagar,Gujarat,23.2921,72.6398
382630,Gandhinagar,Gujarat,23.3122,72.5956
382640,Gandhinagar,Gujarat,23.2796,72.5712
382650,Gandhinagar,Gujarat,23.3600,72.6800
382721,Gandhinagar,Gujarat,23.2411,72.4995
382722,Gandhinagar,Gujarat,23.1400,72.4300
382725,Gandhinagar,Gujarat,23.2200,72.4600
382729,Gandhinagar,Gujarat,23.2700,72.4400
382735,Gandhinagar,Gujarat,23.3600,72.5500
382740,Gandhinagar,Gujarat,23.1700,72.7600
382810,Gandhinagar,Gujarat,23.5000,72.6500
382835,Gandhinagar,Gujarat,23.4600,72.7400
382845,Gandhinagar,Gujarat,23.4200,72.6100
382855,Gandhinagar,Gujarat,23.5000,72.7400
383001,Sabar Kantha,Gujarat,23.5858,72.9869
383002,Sabar Kantha,Gujarat,23.6010,72.9576
383006,Sabar Kantha,Gujarat,23.7312,72.9842
383010,Sabar Kantha,Gujarat,23.6802,72.9955
383030,Sabar Kantha,Gujarat,23.5828,73.1084
383110,Sabar Kantha,Gujarat,23.7453,72.9608
383120,Sabar Kantha,Gujarat,23.5089,72.8714
383205,Sabar Kantha,Gujarat,23.3976,72.8570
383210,Sabar Kantha,Gujarat,23.4828,72.9726
383215,Sabar Kantha,Gujarat,23.3709,72.9482
383220,Sabar Kantha,Gujarat,23.6414,72.8582
383225,Sabar Kantha,Gujarat,23.7479,72.8397
383230,Sabar Kantha,Gujarat,23.8076,72.8999
383235,Sabar Kantha,Gujarat,23.9462,72.9859
383240,Sabar Kantha,Gujarat,23.6719,73.1685
383245,Arvalli,Gujarat,23.7647,73.2618
383246,Arvalli,Gujarat,23.8122,73.3287
383250,Arvalli,Gujarat,23.6344,73.3112
383251,Arvalli,Gujarat,23.6591,73.4626
383255,Sabar Kantha,Gujarat,24.0549,73.0566
383260,Arvalli,Gujarat,23.2766,73.1355
383270,Sabar Kantha,Gujarat,24.1260,73.0005
383275,Sabar Kantha,Gujarat,24.0001,73.1262
383276,Sabar Kantha,Gujarat,23.5562,73.1704
383305,Sabar Kantha,Gujarat,23.4081,73.0420
383307,Arvalli,Gujarat,23.3498,73.1368
383310,Arvalli,Gujarat,23.3466,73.2098
383315,Arvalli,Gujarat,23.4586,73.3392
383316,Arvalli,Gujarat,23.4793,73.1910
383317,Arvalli,Gujarat,23.5292,73.3179
383320,Arvalli,Gujarat,23.5869,73.2187
383325,Arvalli,Gujarat,23.2188,73.1483
383330,Arvalli,Gujarat,23.1700,73.2175
383335,Arvalli,Gujarat,23.3023,73.3642
383340,Arvalli,Gujarat,23.1700,73.3156
383345,Arvalli,Gujarat,23.3576,73.4653
383350,Arvalli,Gujarat,23.5166,73.5359
383355,Arvalli,Gujarat,23.7057,73.3561
383410,Sabar Kantha,Gujarat,23.8157,73.0570
383421,Sabar Kantha,Gujarat,23.7493,73.0971
383422,Sabar Kantha,Gujarat,23.7511,73.1283
383430,Sabar Kantha,Gujarat,23.8518,72.9859
383434,Sabar Kantha,Gujarat,23.9272,72.8611
383440,Sabar Kantha,Gujarat,23.9038,73.1123
383450,Arvalli,Gujarat,23.7864,73.1851
383460,Sabar Kantha,Gujarat,24.0049,73.3443
383462,Sabar Kantha,Gujarat,23.9466,73.3569
384001,Mahesana,Gujarat,23.5929,72.4277
384002,Mahesana,Gujarat,23.6230,72.2447
384003,Mahesana,Gujarat,23.3500,72.3600
384005,Mahesana,Gujarat,23.6387,72.3326
384012,Mahesana,Gujarat,23.5881,72.3708
384110,Patan,Gujarat,,
384120,Mahesana,Gujarat,23.6949,72.3822
384130,Mahesana,Gujarat,23.8787,72.4524
384135,Mahesana,Gujarat,23.8635,72.3510
384140,Mahesana,Gujarat,23.6954,72.3262
384151,Patan,Gujarat,15.5934,72.3966
384160,Mahesana,Gujarat,23.7581,72.3578
384170,Mahesana,Gujarat,23.8008,72.3962
384220,Patan,Gujarat,15.5934,72.1128
384221,Patan,Gujarat,15.5934,72.5192
384225,Patan,Gujarat,15.5934,72.7225
384229,Patan,Gujarat,15.5934,72.5192
384230,Patan,Gujarat,15.5934,72.5110
384240,Patan,Gujarat,15.5934,72.7228
384241,Patan,Gujarat,15.5934,72.6680
384245,Patan,Gujarat,15.5934,72.6843
384246,Patan,Gujarat,,
384255,Patan,Gujarat,15.5934,71.9752
384260,Mahesana,Gujarat,,
384265,Patan,Gujarat,,
384272,Patan,Gujarat,15.5934,72.7262
384275,Patan,Gujarat,15.5934,72.4279
384285,Patan,Gujarat,15.5934,72.1593
384290,Patan,Gujarat,15.5934,72.3010
384305,Mahesana,Gujarat,23.5916,72.3873
384310,Mahesana,Gujarat,23.7234,72.4654
384315,Mahesana,Gujarat,23.7015,72.5475
384320,Mahesana,Gujarat,23.7767,72.5555
384325,Mahesana,Gujarat,23.9182,72.6170
384330,Mahesana,Gujarat,23.5462,72.8028
384335,Mahesana,Gujarat,23.8336,72.7201
384340,Mahesana,Gujarat,23.6107,72.6672
384345,Mahesana,Gujarat,23.8368,72.5854
384355,Mahesana,Gujarat,23.7736,72.6632
384360,Mahesana,Gujarat,24.0022,72.5024
384410,Mahesana,Gujarat,23.5192,72.2430
384412,Mahesana,Gujarat,23.6049,72.2327
384415,Mahesana,Gujarat,23.5160,72.0807
384421,Mahesana,Gujarat,23.4637,72.3343
384430,Mahesana,Gujarat,23.4671,72.2138
384435,Mahesana,Gujarat,23.5028,72.3592
384440,Mahesana,Gujarat,23.2982,72.3369
384441,Mahesana,Gujarat,23.2190,72.3873
384445,Mahesana,Gujarat,23.1981,72.3141
384450,Mahesana,Gujarat,23.3852,72.4343
384455,Mahesana,Gujarat,23.4398,72.3755
384460,Mahesana,Gujarat,23.5179,72.4480
384465,Mahesana,Gujarat,23.4485,72.5205
384470,Mahesana,Gujarat,23.4968,72.5468
384515,Mahesana,Gujarat,23.5988,72.6951
384520,Mahesana,Gujarat,23.6042,72.6497
384530,Mahesana,Gujarat,23.5841,72.5933
384540,Mahesana,Gujarat,23.4329,72.4400
384550,Mahesana,Gujarat,23.5467,72.7142
384560,Mahesana,Gujarat,23.6791,72.7710
384565,Mahesana,Gujarat,23.5590,72.6085
384570,Mahesana,Gujarat,23.5740,72.7511
385001,Banas Kantha,Gujarat,24.1735,72.4342
385010,Banas Kantha,Gujarat,24.2817,72.4200
385110,Banas Kantha,Gujarat,,
385120,Banas Kantha,Gujarat,,
385130,Banas Kantha,Gujarat,,
385135,Banas Kantha,Gujarat,24.3308,72.5273
385210,Banas Kantha,Gujarat,24.0349,72.4067
385310,Banas Kantha,Gujarat,24.5372,72.0172
385320,Banas Kantha,Gujarat,24.0686,71.6627
385330,Banas Kantha,Gujarat,24.1817,71.7640
385340,Patan,Gujarat,15.5934,71.9730
385350,Patan,Gujarat,,
385360,Patan,Gujarat,15.5934,72.3286
385410,Banas Kantha,Gujarat,24.0896,72.4842
385421,Banas Kantha,Gujarat,24.0222,72.4771
385505,Banas Kantha,Gujarat,24.3851,72.3332
385506,Banas Kantha,Gujarat,24.3205,72.3154
385510,Banas Kantha,Gujarat,24.2185,72.3228
385515,Banas Kantha,Gujarat,24.1063,72.2752
385520,Banas Kantha,Gujarat,24.0853,72.3613
385530,Banas Kantha,Gujarat,24.1937,71.9934
385535,Banas Kantha,Gujarat,24.3054,72.1355
385540,Banas Kantha,Gujarat,24.1892,72.1457
385545,Banas Kantha,Gujarat,24.5173,72.2646
385550,Banas Kantha,Gujarat,24.0613,71.9337
385555,Banas Kantha,Gujarat,23.9663,71.8277
385560,Banas Kantha,Gujarat,23.8923,71.7849
385565,Banas Kantha,Gujarat,24.4248,71.7612
385566,Banas Kantha,Gujarat,,
385570,Banas Kantha,Gujarat,,
385575,Banas Kantha,Gujarat,24.2640,71.6263
387001,Kheda,Gujarat,22.7310,72.8638
387002,Kheda,Gujarat,22.6931,72.8774
387003,Kheda,Gujarat,22.7000,72.8700
387110,Kheda,Gujarat,22.7525,72.6845
387115,Kheda,Gujarat,22.7000,72.8667
387120,Kheda,Gujarat,22.8646,72.6917
387130,Kheda,Gujarat,22.7525,72.6845
387210,Anand,Gujarat,22.5694,72.8310
387220,Anand,Gujarat,22.5479,72.8430
387230,Kheda,Gujarat,22.6849,72.8292
387240,Anand,Gujarat,22.5367,72.7218
387305,Kheda,Gujarat,22.7525,72.6845
387310,Anand,Gujarat,22.5702,72.9506
387315,Kheda,Gujarat,22.7525,72.6845
387320,Kheda,Gujarat,22.7135,72.8398
387325,Kheda,Gujarat,22.7525,72.6845
387330,Kheda,Gujarat,22.7314,72.9388
387335,Kheda,Gujarat,22.8183,72.9390
387340,Kheda,Gujarat,22.7525,72.6845
387345,Kheda,Gujarat,22.6354,72.7992
387350,Kheda,Gujarat,22.9380,72.9050
387355,Kheda,Gujarat,22.6549,72.8415
387360,Kheda,Gujarat,22.7373,72.9049
387365,Kheda,Gujarat,22.9545,72.9965
387370,Kheda,Gujarat,22.6637,72.8828
387375,Anand,Gujarat,22.4766,72.7992
387380,Kheda,Gujarat,22.7084,72.6847
387411,Kheda,Gujarat,22.7525,72.6845
387430,Kheda,Gujarat,22.7523,72.6849
387510,Kheda,Gujarat,22.6821,72.7004
387520,Kheda,Gujarat,22.6114,72.5912
387530,Kheda,Gujarat,22.7070,72.6619
387540,Kheda,Gujarat,22.7940,72.5870
387550,Kheda,Gujarat,22.7090,72.6342
387560,Kheda,Gujarat,22.6895,72.5551
387570,Kheda,Gujarat,22.7525,72.6845
387610,Kheda,Gujarat,23.0929,72.9689
387620,Kheda,Gujarat,23.0477,73.1659
387630,Kheda,Gujarat,22.8982,72.9928
387635,Kheda,Gujarat,22.9839,72.7657
387640,Kheda,Gujarat,22.9166,73.1325
387650,Kheda,Gujarat,23.1198,73.0638
387710,Kheda,Gujarat,22.9664,72.6770
388001,Anand,Gujarat,22.5545,72.9640
388110,Anand,Gujarat,22.5307,72.9745
388120,Anand,Gujarat,22.5490,72.9259
388121,Anand,Gujarat,22.5362,72.9309
388130,Anand,Gujarat,22.5038,72.8700
388140,Anand,Gujarat,22.4050,72.8807
388150,Anand,Gujarat,22.5125,72.7992
388160,Anand,Gujarat,22.4766,72.7992
388170,Anand,Gujarat,22.3131,72.6194
388180,Anand,Gujarat,22.4888,72.6580
388205,Anand,Gujarat,22.6300,73.0500
388210,Anand,Gujarat,22.6227,73.1394
388215,Kheda,Gujarat,22.7390,73.0797
388220,Anand,Gujarat,22.6893,73.0959
388225,Kheda,Gujarat,22.7608,73.1454
388230,Kheda,Gujarat,22.7268,73.2117
388235,Kheda,Gujarat,22.8811,73.2901
388239,Kheda,Gujarat,22.8689,73.3530
388245,Kheda,Gujarat,22.8096,73.3337
388250,Kheda,Gujarat,22.8180,73.2201
388255,Mahisagar,Gujarat,22.9514,73.3264
388260,Mahisagar,Gujarat,23.2200,73.4900
388265,Mahisagar,Gujarat,23.0624,73.4037
388270,Mahisagar,Gujarat,23.1056,73.4808
388305,Anand,Gujarat,22.4699,73.0226
388306,Anand,Gujarat,22.4628,73.0750
388307,Anand,Gujarat,22.4132,73.0229
388310,Anand,Gujarat,22.5592,72.9641
388315,Anand,Gujarat,22.5670,72.9211
388320,Anand,Gujarat,22.5515,73.0019
388325,Anand,Gujarat,22.5469,72.8926
388330,Anand,Gujarat,22.3423,73.0810
388335,Anand,Gujarat,22.5660,73.0213
388340,Anand,Gujarat,22.5427,72.9891
388345,Anand,Gujarat,22.5158,72.9139
388350,Anand,Gujarat,22.4667,72.9808
388355,Anand,Gujarat,22.5169,72.9470
388360,Anand,Gujarat,22.5982,72.9641
388365,Anand,Gujarat,22.5550,73.1084
388370,Anand,Gujarat,22.5190,72.9913
388410,Anand,Gujarat,22.7525,72.6845
388421,Anand,Gujarat,22.6012,72.7903
388430,Anand,Gujarat,22.5592,72.8993
388440,Anand,Gujarat,22.4766,72.7992
388450,Anand,Gujarat,22.4767,72.8016
388460,Anand,Gujarat,22.5488,72.8523
388465,Anand,Gujarat,22.5592,72.9641
388470,Anand,Gujarat,22.5592,72.9641
388480,Anand,Gujarat,22.4537,72.8240
388510,Anand,Gujarat,22.3450,73.0028
388520,Anand,Gujarat,22.3100,72.9800
388530,Anand,Gujarat,22.3250,72.8994
388540,Anand,Gujarat,22.4116,72.9276
388543,Anand,Gujarat,22.3972,72.9444
388545,Anand,Gujarat,22.4589,72.8588
388550,Anand,Gujarat,22.3131,72.6194
388560,Anand,Gujarat,22.4472,72.9232
388570,Anand,Gujarat,22.3594,72.8240
388580,Anand,Gujarat,22.3131,72.6194
388590,Anand,Gujarat,22.3984,72.8993
388610,Anand,Gujarat,22.3131,72.6194
388620,Anand,Gujarat,22.3131,72.6194
388625,Anand,Gujarat,22.3131,72.6194
388630,Anand,Gujarat,22.4593,72.7900
388640,Anand,Gujarat,22.3131,72.6194
388710,Panch Mahals,Gujarat,22.8171,73.8567
388713,Panch Mahals,Gujarat,22.7964,73.4779
389001,Panch Mahals,Gujarat,22.7745,73.6171
389002,Panch Mahals,Gujarat,22.8704,73.5777
389110,Panch Mahals,Gujarat,23.0537,73.8425
389115,Panch Mahals,Gujarat,22.9528,73.8435
389120,Panch Mahals,Gujarat,22.8057,73.7861
389130,Dohad,Gujarat,22.8638,73.9129
389140,Dohad,Gujarat,22.8363,74.0086
389146,Dohad,Gujarat,22.8989,74.0488
389151,Dohad,Gujarat,22.8369,74.2547
389152,Dohad,Gujarat,22.7419,74.1972
389154,Dohad,Gujarat,22.7985,74.3401
389155,Dohad,Gujarat,22.6819,74.2883
389160,Dohad,Gujarat,22.8677,74.2408
389170,Dohad,Gujarat,23.1066,74.1728
389172,Dohad,Gujarat,23.2407,74.0525
389175,Dohad,Gujarat,23.0594,73.9661
389180,Dohad,Gujarat,22.9893,74.1567
389190,Dohad,Gujarat,23.1453,74.0277
389210,Panch Mahals,Gujarat,22.9295,73.5713
389220,Mahisagar,Gujarat,23.0121,73.5108
389230,Mahisagar,Gujarat,23.1614,73.6290
389232,Mahisagar,Gujarat,23.3540,73.6112
389235,Mahisagar,Gujarat,23.1930,73.7337
389250,Mahisagar,Gujarat,23.3271,73.8039
389260,Mahisagar,Gujarat,23.2053,73.9081
389265,Mahisagar,Gujarat,23.2071,73.8016
389310,Panch Mahals,Gujarat,22.6149,73.5240
389320,Panch Mahals,Gujarat,22.6590,73.4596
389330,Panch Mahals,Gujarat,22.5938,73.4590
389340,Panch Mahals,Gujarat,22.7248,73.5661
389341,Panch Mahals,Gujarat,22.6549,73.6634
389350,Panch Mahals,Gujarat,22.4472,73.4775
389360,Panch Mahals,Gujarat,22.4848,73.5640
389365,Panch Mahals,Gujarat,22.5710,73.6470
389370,Panch Mahals,Gujarat,22.4931,73.5954
389380,Dohad,Gujarat,22.6535,73.9108
389382,Dohad,Gujarat,22.6422,74.0808
389390,Panch Mahals,Gujarat,22.3407,73.6984
390001,Vadodara,Gujarat,,
390002,Vadodara,Gujarat,,
390003,Vadodara,Gujarat,15.5900,73.1500
390004,Vadodara,Gujarat,15.5934,73.1802
390006,Vadodara,Gujarat,,
390007,Vadodara,Gujarat,,
390009,Vadodara,Gujarat,15.5934,73.1802
390010,Vadodara,Gujarat,15.5934,72.9091
390011,Vadodara,Gujarat,,
390012,Vadodara,Gujarat,15.5900,73.5700
390013,Vadodara,Gujarat,,
390014,Vadodara,Gujarat,15.5934,72.9091
390016,Vadodara,Gujarat,,
390017,Vadodara,Gujarat,,
390018,Vadodara,Gujarat,,
390019,Vadodara,Gujarat,15.5934,72.9091
390020,Vadodara,Gujarat,,
390021,Vadodara,Gujarat,,
390022,Vadodara,Gujarat,15.5934,73.1125
390023,Vadodara,Gujarat,,
390024,Vadodara,Gujarat,,
390025,Vadodara,Gujarat,,
391101,Vadodara,Gujarat,,
391105,Vadodara,Gujarat,15.5934,73.3674
391107,Vadodara,Gujarat,15.5934,73.3115
391110,Vadodara,Gujarat,15.5934,73.5933
391115,Vadodara,Gujarat,15.5934,73.2578
391120,Narmada,Gujarat,21.9580,73.5896
391125,Chhotaudepur,Gujarat,15.5934,73.4550
391130,Chhotaudepur,Gujarat,15.5934,73.4000
391135,Chhotaudepur,Gujarat,15.5934,73.5717
391140,Chhotaudepur,Gujarat,15.5934,73.2397
391145,Chhotaudepur,Gujarat,15.5934,73.2420
391150,Chhotaudepur,Gujarat,15.5934,73.4152
391152,Chhotaudepur,Gujarat,15.5934,73.2983
391156,Chhotaudepur,Gujarat,15.5934,73.5860
391160,Chhotaudepur,Gujarat,15.5934,73.5860
391165,Chhotaudepur,Gujarat,15.5934,73.9032
391168,Chhotaudepur,Gujarat,,
391170,Chhotaudepur,Gujarat,15.5934,73.3686
391210,Vadodara,Gujarat,15.5900,72.9400
391220,Vadodara,Gujarat,15.5900,73.1800
391240,Vadodara,Gujarat,15.5900,73.3200
391243,Vadodara,Gujarat,15.5900,72.8700
391244,Vadodara,Gujarat,15.5900,73.1600
391250,Vadodara,Gujarat,15.5934,73.0205
391310,Vadodara,Gujarat,,
391320,Vadodara,Gujarat,,
391330,Vadodara,Gujarat,15.5900,73.1100
391340,Vadodara,Gujarat,15.5900,73.4600
391345,Vadodara,Gujarat,,
391350,Vadodara,Gujarat,15.5900,73.5850
391410,Vadodara,Gujarat,15.5900,73.4800
391421,Vadodara,Gujarat,15.5900,73.0400
391430,Vadodara,Gujarat,15.5900,72.8200
391440,Vadodara,Gujarat,15.5900,72.9200
391445,Vadodara,Gujarat,15.5900,73.2000
391450,Vadodara,Gujarat,15.5900,73.0400
391510,Vadodara,Gujarat,15.5900,73.5200
391520,Vadodara,Gujarat,15.5900,73.2600
391530,Vadodara,Gujarat,,
391740,Vadodara,Gujarat,15.5900,72.8700
391745,Vadodara,Gujarat,15.5900,73.1600
391750,Vadodara,Gujarat,,
391760,Vadodara,Gujarat,15.5900,73.3400
391761,Vadodara,Gujarat,15.5900,73.4900
391770,Vadodara,Gujarat,15.5900,73.3600
391774,Vadodara,Gujarat,15.5900,73.3400
391775,Vadodara,Gujarat,15.5900,73.3500
391776,Vadodara,Gujarat,,
391780,Vadodara,Gujarat,15.5900,73.1200
391810,Bharuch,Gujarat,22.1613,72.8548
392001,Bharuch,Gujarat,21.6980,72.9863
392011,Bharuch,Gujarat,21.7141,73.0596
392012,Bharuch,Gujarat,21.7242,72.8886
392015,Bharuch,Gujarat,21.7339,72.9832
392020,Bharuch,Gujarat,21.7988,72.9469
392025,Bharuch,Gujarat,21.9050,72.9412
392030,Bharuch,Gujarat,21.7729,73.1324
392035,Bharuch,Gujarat,22.0096,72.9435
392040,Bharuch,Gujarat,21.9762,72.6415
392110,Bharuch,Gujarat,21.9590,72.8705
392130,Bharuch,Gujarat,21.7125,72.7316
392135,Bharuch,Gujarat,21.7142,72.6523
392140,Bharuch,Gujarat,21.8498,72.7991
392150,Bharuch,Gujarat,22.0869,72.7957
392155,Bharuch,Gujarat,21.9974,72.9049
392160,Bharuch,Gujarat,21.7238,72.9213
392165,Bharuch,Gujarat,21.7972,72.6803
392170,Bharuch,Gujarat,,
392180,Bharuch,Gujarat,,
392210,Bharuch,Gujarat,21.8249,73.0710
392215,Bharuch,Gujarat,21.8344,73.1111
392220,Bharuch,Gujarat,21.9143,73.0519
392230,Bharuch,Gujarat,21.9634,73.0142
392240,Bharuch,Gujarat,21.8737,73.0316
392310,Vadodara,Gujarat,15.5900,73.0400
393001,Bharuch,Gujarat,21.6305,73.0519
393002,Bharuch,Gujarat,21.6064,73.0125
393010,Bharuch,Gujarat,21.6619,73.0300
393017,Bharuch,Gujarat,21.7655,73.1885
393020,Bharuch,Gujarat,21.6166,72.9168
393025,Narmada,Gujarat,21.4936,73.9134
393030,Bharuch,Gujarat,21.5268,72.8092
393040,Narmada,Gujarat,21.6704,73.5964
393041,Narmada,Gujarat,21.5198,73.6211
393050,Narmada,Gujarat,21.4686,73.7664
393105,Vadodara,Gujarat,,
393110,Bharuch,Gujarat,21.6765,73.1546
393115,Bharuch,Gujarat,21.7417,73.2586
393120,Bharuch,Gujarat,21.8008,73.2753
393125,Bharuch,Gujarat,21.5523,73.2524
393130,Bharuch,Gujarat,21.6146,73.3647
393135,Bharuch,Gujarat,21.5591,73.1778
393140,Narmada,Gujarat,21.8436,73.3733
393145,Narmada,Gujarat,21.8984,73.4844
393150,Narmada,Gujarat,21.9405,73.5446
393151,Narmada,Gujarat,21.9051,73.7054
394101,Surat,Gujarat,21.1985,72.8343
394105,Surat,Gujarat,21.2145,72.8491
394107,Surat,Gujarat,21.2402,72.8529
394110,Surat,Gujarat,21.3932,72.9258
394111,Surat,Gujarat,21.1985,72.8343
394112,Surat,Gujarat,21.3963,73.1460
394115,Bharuch,Gujarat,21.5424,72.9635
394120,Surat,Gujarat,21.3154,72.8920
394125,Surat,Gujarat,21.3011,72.9706
394130,Surat,Gujarat,21.3059,72.8696
394140,Surat,Gujarat,21.2817,73.0962
394150,Surat,Gujarat,21.3039,72.9283
394155,Surat,Gujarat,21.3060,73.0213
394160,Surat,Gujarat,21.2542,73.3022
394163,Surat,Gujarat,21.2997,73.2312
394170,Surat,Gujarat,21.3717,73.0558
394180,Surat,Gujarat,21.2703,72.9642
394185,Surat,Gujarat,21.2117,72.7637
394190,Surat,Gujarat,21.2759,72.9339
394210,Surat,Gujarat,21.1489,72.8432
394221,Surat,Gujarat,21.1395,72.8405
394230,Surat,Gujarat,21.1087,72.8314
394235,Surat,Gujarat,21.1985,72.9608
394240,Surat,Gujarat,20.9692,73.1639
394245,Surat,Gujarat,20.9217,73.1161
394246,Surat,Gujarat,21.0209,73.1366
394248,Surat,Gujarat,20.9189,73.2245
394250,Surat,Gujarat,21.0227,73.1432
394270,Surat,Gujarat,21.1645,72.7431
394305,Surat,Gujarat,21.1292,72.9874
394310,Surat,Gujarat,21.0889,72.9774
394315,Surat,Gujarat,21.0718,72.9773
394317,Surat,Gujarat,21.0549,72.5827
394320,Surat,Gujarat,21.2703,72.9625
394325,Surat,Gujarat,21.1927,72.9740
394326,Surat,Gujarat,21.2504,72.9625
394327,Surat,Gujarat,21.1026,72.5733
394330,Surat,Gujarat,21.2703,72.9625
394335,Surat,Gujarat,21.2179,73.2279
394340,Surat,Gujarat,21.1170,73.1077
394345,Surat,Gujarat,21.1319,73.0978
394350,Surat,Gujarat,21.0522,73.0858
394352,Surat,Gujarat,21.0480,73.0249
394355,Surat,Gujarat,21.1708,73.1364
394360,Tapi,Gujarat,21.2700,73.3648
394365,Tapi,Gujarat,20.9755,73.8354
394370,Tapi,Gujarat,,
394375,Tapi,Gujarat,21.1927,73.7491
394380,Tapi,Gujarat,,
394405,Surat,Gujarat,21.2651,72.9268
394410,Surat,Gujarat,21.4859,73.0948
394421,Surat,Gujarat,21.4265,73.1659
394430,Surat,Gujarat,21.3893,73.1816
394440,Surat,Gujarat,21.4092,73.3149
394445,Surat,Gujarat,21.1950,72.8343
394510,Surat,Gujarat,21.1863,72.7494
394515,Surat,Gujarat,21.1673,72.7007
394516,Surat,Gujarat,21.1985,72.8343
394517,Surat,Gujarat,21.1974,72.6614
394518,Surat,Gujarat,21.1985,72.8343
394520,Surat,Gujarat,21.2608,72.8343
394530,Surat,Gujarat,21.3572,72.6762
394540,Surat,Gujarat,21.3698,72.7590
394541,Surat,Gujarat,21.3373,72.7518
394550,Surat,Gujarat,21.0876,72.7289
394601,Surat,Gujarat,21.0823,73.0556
394620,Surat,Gujarat,21.1050,73.1144
394630,Tapi,Gujarat,20.9598,73.2820
394633,Tapi,Gujarat,20.9487,73.3520
394635,Tapi,Gujarat,20.8889,73.2989
394640,Tapi,Gujarat,21.0491,73.2603
394641,Tapi,Gujarat,21.0164,73.3023
394650,Tapi,Gujarat,21.1117,73.4004
394651,Tapi,Gujarat,21.1137,73.3970
394652,Tapi,Gujarat,21.1217,73.4039
394655,Tapi,Gujarat,21.0479,73.3970
394660,Tapi,Gujarat,21.1423,73.4851
394670,Tapi,Gujarat,21.1854,73.5467
394680,Tapi,Gujarat,21.1664,73.5645
394690,Tapi,Gujarat,20.8231,73.2760
394710,Dang,Gujarat,20.7630,73.7918
394715,Dang,Gujarat,21.0885,73.4487
394716,Dang,Gujarat,20.8970,73.7336
394720,Dang,Gujarat,20.7177,73.7052
394730,Dang,Gujarat,20.6258,73.7023
394810,Bharuch,Gujarat,21.4821,72.8304
395001,Surat,Gujarat,21.1879,72.8127
395002,Surat,Gujarat,21.1862,72.8269
395003,Surat,Gujarat,21.1978,72.8325
395004,Surat,Gujarat,21.3124,72.8890
395005,Surat,Gujarat,21.2335,72.7642
395006,Surat,Gujarat,21.2146,72.8529
395007,Surat,Gujarat,21.1486,72.7858
395008,Surat,Gujarat,21.2245,72.8473
395009,Surat,Gujarat,21.2013,72.7947
395010,Surat,Gujarat,21.1923,72.8705
395011,Surat,Gujarat,21.1985,72.8343
395012,Surat,Gujarat,21.1985,72.8508
395013,Surat,Gujarat,21.2100,72.8498
395017,Surat,Gujarat,,
395023,Surat,Gujarat,21.1295,72.8525
396001,Valsad,Gujarat,20.6160,72.9272
396002,Valsad,Gujarat,20.5952,72.9350
396007,Valsad,Gujarat,20.5773,72.9674
396020,Valsad,Gujarat,20.5457,72.9230
396030,Valsad,Gujarat,20.5965,72.9195
396035,Valsad,Gujarat,20.6348,72.9758
396040,Navsari,Gujarat,20.6250,73.1300
396045,Valsad,Gujarat,20.6304,73.0346
396050,Valsad,Gujarat,20.5115,73.1986
396051,Valsad,Gujarat,20.5611,73.2235
396055,Valsad,Gujarat,20.5544,73.0684
396060,Navsari,Gujarat,20.6800,73.2200
396065,Valsad,Gujarat,20.4335,73.1920
396067,Valsad,Gujarat,20.3060,73.2662
396105,Valsad,Gujarat,20.2761,72.8862
396110,Navsari,Gujarat,20.7450,72.9450
396115,Valsad,Gujarat,20.4678,72.8623
396120,Valsad,Gujarat,20.2158,72.7947
396125,Valsad,Gujarat,20.5015,72.9742
396126,Valsad,Gujarat,20.4144,73.1202
396130,Valsad,Gujarat,20.2947,72.7806
396135,Valsad,Gujarat,20.2560,72.7585
396140,Valsad,Gujarat,20.3250,72.7866
396145,Valsad,Gujarat,20.4283,72.9913
396150,Valsad,Gujarat,20.1951,72.8187
396155,Valsad,Gujarat,20.3077,72.8722
396165,Valsad,Gujarat,20.2342,72.8490
396170,Valsad,Gujarat,20.1738,72.7460
396171,Valsad,Gujarat,20.1647,72.7725
396180,Valsad,Gujarat,20.4872,72.8685
396185,Valsad,Gujarat,20.4622,72.9170
396191,Valsad,Gujarat,20.3818,72.9338
396193,Valsad,Gujarat,20.3252,72.9844
396195,Valsad,Gujarat,20.3551,72.9249
396210,Daman,The Dadra and Nagar Haveli and Daman and Diu,20.4385,72.8548
396215,Daman,The Dadra and Nagar Haveli and Daman and Diu,20.4056,72.8778
396220,Daman,The Dadra and Nagar Haveli and Daman and Diu,20.4038,72.8347
396230,Dadra and Nagar Haveli,The Dadra and Nagar Haveli and Daman and Diu,20.1391,73.0703
396235,Valsad,Gujarat,20.2587,72.9461
396240,Dadra and Nagar Haveli,The Dadra and Nagar Haveli and Daman and Diu,20.2126,73.0119
396310,Navsari,Gujarat,20.8000,72.9400
396321,Navsari,Gujarat,20.7700,72.9600
396325,Navsari,Gujarat,20.7500,73.0000
396350,Navsari,Gujarat,20.8600,72.9900
396360,Navsari,Gujarat,20.8100,73.0200
396370,Navsari,Gujarat,20.8400,72.9800
396375,Valsad,Gujarat,20.6944,72.9692
396380,Navsari,Gujarat,20.7900,72.9750
396385,Valsad,Gujarat,20.7099,72.9015
396403,Navsari,Gujarat,20.8900,72.8600
396406,Navsari,Gujarat,20.8550,72.9100
396409,Navsari,Gujarat,20.7900,73.0650
396412,Navsari,Gujarat,20.8350,72.8450
396415,Navsari,Gujarat,21.0400,72.9450
396418,Navsari,Gujarat,20.9850,73.0150
396421,Navsari,Gujarat,20.9500,72.9000
396424,Navsari,Gujarat,20.9500,72.9500
396427,Navsari,Gujarat,20.9700,72.9400
396430,Navsari,Gujarat,20.8600,73.0750
396433,Navsari,Gujarat,20.9100,73.0350
396436,Navsari,Gujarat,21.0050,72.8400
396439,Navsari,Gujarat,20.9100,72.8300
396440,Navsari,Gujarat,20.9250,72.8650
396445,Navsari,Gujarat,20.9500,72.9300
396450,Navsari,Gujarat,20.9250,72.9150
396460,Navsari,Gujarat,20.8200,72.8850
396463,Navsari,Gujarat,20.9250,72.9750
396466,Navsari,Gujarat,20.9200,73.0900
396469,Navsari,Gujarat,20.9600,73.0400
396472,Navsari,Gujarat,20.8850,72.9450
396475,Navsari,Gujarat,21.0200,72.9900
396510,Surat,Gujarat,21.0039,73.1024
396521,Navsari,Gujarat,20.7400,73.0600
396530,Navsari,Gujarat,20.8300,73.0900
396540,Navsari,Gujarat,20.7300,73.2100
396560,Navsari,Gujarat,20.8100,73.1800
396570,Navsari,Gujarat,20.8300,73.2150
396580,Navsari,Gujarat,20.7350,73.3600
396590,Navsari,Gujarat,20.8250,73.3500
400001,Mumbai,Maharashtra,18.9364,72.8355
400002,Mumbai,Maharashtra,18.9455,72.8286
400003,Mumbai,Maharashtra,18.9634,72.8273
400004,Mumbai,Maharashtra,18.9554,72.8194
400005,Mumbai,Maharashtra,18.9109,72.8117
400006,Mumbai,Maharashtra,18.9567,72.8099
400007,Mumbai,Maharashtra,18.9599,72.8155
400008,Mumbai,Maharashtra,18.9677,72.8276
400009,Mumbai,Maharashtra,18.9640,72.8408
400010,Mumbai,Maharashtra,18.9699,72.8409
400011,Mumbai,Maharashtra,18.9769,72.8243
400012,Mumbai,Maharashtra,19.0009,72.8384
400013,Mumbai,Maharashtra,18.9965,72.8256
400014,Mumbai,Maharashtra,19.0160,72.8460
400015,Mumbai,Maharashtra,18.9772,72.8494
400016,Mumbai,Maharashtra,19.0340,72.8425
400017,Mumbai,Maharashtra,19.0423,72.8517
400018,Mumbai,Maharashtra,19.0098,72.8181
400019,Mumbai,Maharashtra,19.0281,72.8523
400020,Mumbai,Maharashtra,18.9402,72.8271
400021,Mumbai,Maharashtra,18.9305,72.8251
400022,Mumbai,Maharashtra,19.0500,72.8655
400024,Mumbai Suburban,Maharashtra,19.0590,72.8807
400025,Mumbai,Maharashtra,19.0105,72.8286
400026,Mumbai,Maharashtra,18.9690,72.8069
400027,Mumbai,Maharashtra,18.9767,72.8319
400028,Mumbai,Maharashtra,19.0221,72.8389
400029,Mumbai Suburban,Maharashtra,19.0244,72.8450
400030,Mumbai,Maharashtra,19.0166,72.8171
400031,Mumbai,Maharashtra,19.0144,72.8529
400032,Mumbai,Maharashtra,18.9481,72.8260
400033,Mumbai,Maharashtra,18.9852,72.8370
400034,Mumbai,Maharashtra,18.9771,72.8171
400035,Mumbai,Maharashtra,18.9677,72.8217
400037,Mumbai,Maharashtra,19.0241,72.8633
400042,Mumbai Suburban,Maharashtra,19.1421,72.9392
400043,Mumbai Suburban,Maharashtra,19.0105,72.8735
400049,Mumbai Suburban,Maharashtra,19.1110,72.8255
400050,Mumbai Suburban,Maharashtra,19.0569,72.8342
400051,Mumbai Suburban,Maharashtra,19.0581,72.8456
400052,Mumbai Suburban,Maharashtra,19.0682,72.8360
400053,Mumbai Suburban,Maharashtra,19.0458,72.8262
400054,Mumbai Suburban,Maharashtra,19.0874,72.8368
400055,Mumbai Suburban,Maharashtra,19.0814,72.8487
400056,Mumbai Suburban,Maharashtra,19.1033,72.8394
400057,Mumbai Suburban,Maharashtra,19.1034,72.8472
400058,Mumbai Suburban,Maharashtra,19.1236,72.8394
400059,Mumbai Suburban,Maharashtra,19.1162,72.8826
400060,Mumbai Suburban,Maharashtra,19.1314,72.8501
400061,Mumbai Suburban,Maharashtra,19.1397,72.8058
400063,Mumbai Suburban,Maharashtra,19.1589,72.8515
400064,Mumbai Suburban,Maharashtra,19.1870,72.8451
400065,Mumbai Suburban,Maharashtra,19.1537,72.8778
400066,Mumbai Suburban,Maharashtra,19.2336,72.8587
400067,Mumbai Suburban,Maharashtra,19.2133,72.8404
400068,Mumbai Suburban,Maharashtra,19.2481,72.8606
400069,Mumbai Suburban,Maharashtra,19.1197,72.8497
400070,Mumbai Suburban,Maharashtra,19.0682,72.8778
400071,Mumbai Suburban,Maharashtra,19.0569,72.8981
400072,Mumbai Suburban,Maharashtra,19.1110,72.8903
400074,Mumbai Suburban,Maharashtra,19.0456,72.8947
400075,Mumbai Suburban,Maharashtra,19.0844,72.9181
400076,Mumbai Suburban,Maharashtra,19.1287,72.9192
400077,Mumbai Suburban,Maharashtra,19.0792,72.9022
400078,Mumbai Suburban,Maharashtra,19.1496,72.9346
400079,Mumbai Suburban,Maharashtra,19.1057,72.9233
400080,Mumbai Suburban,Maharashtra,19.1748,72.9517
400081,Mumbai Suburban,Maharashtra,19.1691,72.9634
400082,Mumbai Suburban,Maharashtra,19.1709,72.9331
400083,Mumbai Suburban,Maharashtra,19.1165,72.9373
400084,Mumbai Suburban,Maharashtra,19.0982,72.9043
400085,Mumbai Suburban,Maharashtra,19.0175,72.8562
400086,Mumbai Suburban,Maharashtra,19.0863,72.9082
400087,Mumbai Suburban,Maharashtra,19.1353,72.9003
400088,Mumbai Suburban,Maharashtra,19.0450,72.9169
400089,Mumbai Suburban,Maharashtra,19.0156,72.8617
400091,Mumbai Suburban,Maharashtra,19.2319,72.8404
400092,Mumbai Suburban,Maharashtra,19.2291,72.8553
400093,Mumbai Suburban,Maharashtra,19.1211,72.8712
400094,Mumbai Suburban,Maharashtra,19.0383,72.9253
400095,Mumbai Suburban,Maharashtra,19.1922,72.8090
400096,Mumbai Suburban,Maharashtra,19.1246,72.8730
400097,Mumbai Suburban,Maharashtra,19.1821,72.8508
400098,Mumbai Suburban,Maharashtra,19.0800,72.8545
400099,Mumbai Suburban,Maharashtra,19.0950,72.8620
400101,Mumbai Suburban,Maharashtra,19.2082,72.8699
400102,Mumbai Suburban,Maharashtra,19.1393,72.8526
400103,Mumbai Suburban,Maharashtra,19.2455,72.8639
400104,Mumbai Suburban,Maharashtra,19.1669,72.8369
400601,Thane,Maharashtra,19.1929,72.9774
400602,Thane,Maharashtra,19.2165,72.9172
400603,Thane,Maharashtra,19.1831,72.9762
400604,Thane,Maharashtra,19.1861,72.9578
400605,Thane,Maharashtra,19.1935,72.9898
400606,Thane,Maharashtra,19.2060,72.9669
400607,Thane,Maharashtra,19.2381,72.9857
400608,Thane,Maharashtra,19.2183,72.9781
400610,Thane,Maharashtra,19.2312,72.9738
400612,Thane,Maharashtra,19.1786,73.0384
400614,Thane,Maharashtra,19.0246,73.0449
400615,Thane,Maharashtra,19.2706,72.9581
400701,Thane,Maharashtra,19.1244,72.9976
400702,Raigad,Maharashtra,,
400703,Thane,Maharashtra,19.0760,73.0068
400704,Raigad,Maharashtra,,
400705,Thane,Maharashtra,19.0719,73.0074
400706,Thane,Maharashtra,19.0375,73.0176
400707,Raigad,Maharashtra,,
400708,Thane,Maharashtra,19.1512,72.9923
400709,Thane,Maharashtra,19.1035,73.0044
400710,Thane,Maharashtra,19.1101,73.0175
401101,Thane,Maharashtra,19.2992,72.8360
401102,Palghar,Maharashtra,19.6042,72.8338
401103,Palghar,Maharashtra,19.8815,72.7540
401105,Palghar,Maharashtra,,
401106,Thane,Maharashtra,19.2871,72.7878
401107,Thane,Maharashtra,19.2763,72.8844
401201,Palghar,Maharashtra,19.3677,72.7972
401202,Palghar,Maharashtra,19.3789,72.8323
401203,Palghar,Maharashtra,19.4177,72.7979
401204,Palghar,Maharashtra,19.4586,73.1278
401206,Thane,Maharashtra,19.4958,73.0157
401207,Palghar,Maharashtra,19.3483,72.8190
401208,Palghar,Maharashtra,19.4005,72.8646
401209,Palghar,Maharashtra,19.4254,72.8274
401301,Palghar,Maharashtra,19.4609,72.7767
401302,Palghar,Maharashtra,19.4601,72.7509
401303,Palghar,Maharashtra,19.4656,72.8851
401304,Palghar,Maharashtra,19.4003,72.7777
401305,Palghar,Maharashtra,19.4687,72.8167
401401,Palghar,Maharashtra,19.6247,72.7910
401402,Palghar,Maharashtra,19.6461,72.7237
401403,Palghar,Maharashtra,19.7224,72.9289
401404,Palghar,Maharashtra,19.6983,72.7689
401405,Palghar,Maharashtra,19.7228,72.7655
401501,Palghar,Maharashtra,19.7903,72.7607
401502,Palghar,Maharashtra,19.8372,72.7079
401503,Palghar,Maharashtra,19.8863,72.6890
401504,Palghar,Maharashtra,19.8131,72.7304
401506,Palghar,Maharashtra,19.7983,72.7445
401601,Palghar,Maharashtra,19.9793,72.7201
401602,Palghar,Maharashtra,19.9812,72.7650
401603,Palghar,Maharashtra,19.9050,73.1844
401604,Palghar,Maharashtra,19.9365,73.3404
401605,Palghar,Maharashtra,19.7999,73.0923
401606,Palghar,Maharashtra,20.1165,72.9195
401607,Palghar,Maharashtra,19.9067,72.9649
401608,Palghar,Maharashtra,19.9714,72.7469
401701,Palghar,Maharashtra,19.8102,72.8908
401702,Palghar,Maharashtra,20.0806,72.7262
401703,Palghar,Maharashtra,20.0577,72.7517
402101,Raigad,Maharashtra,18.0790,73.2009
402102,Raigad,Maharashtra,18.0986,73.3203
402103,Raigad,Maharashtra,18.1449,73.3022
402104,Raigad,Maharashtra,18.2324,73.2805
402105,Raigad,Maharashtra,18.1455,73.0855
402106,Raigad,Maharashtra,18.5708,73.1072
402107,Raigad,Maharashtra,18.7488,73.0733
402108,Raigad,Maharashtra,18.6824,73.0007
402109,Raigad,Maharashtra,18.4386,73.0642
402110,Raigad,Maharashtra,18.0575,73.0505
402111,Raigad,Maharashtra,18.2914,73.1252
402112,Raigad,Maharashtra,18.3280,73.2164
402113,Raigad,Maharashtra,18.0962,73.0030
402114,Raigad,Maharashtra,,
402115,Raigad,Maharashtra,18.0775,73.3344
402116,Raigad,Maharashtra,18.4354,73.1426
402117,Raigad,Maharashtra,18.1976,73.2472
402120,Raigad,Maharashtra,18.3471,73.2971
402122,Raigad,Maharashtra,18.1721,73.1818
402125,Raigad,Maharashtra,18.5784,73.0960
402126,Raigad,Maharashtra,18.4952,73.1766
402201,Raigad,Maharashtra,18.6418,72.8724
402202,Raigad,Maharashtra,18.5298,72.9254
402203,Raigad,Maharashtra,18.5610,72.9797
402204,Raigad,Maharashtra,18.6289,72.9020
402207,Raigad,Maharashtra,,
402208,Raigad,Maharashtra,18.7280,72.8695
402209,Raigad,Maharashtra,18.6724,72.9026
402301,Raigad,Maharashtra,18.0799,73.3898
402302,Raigad,Maharashtra,18.2017,73.4865
402303,Raigad,Maharashtra,18.6824,72.9905
402304,Raigad,Maharashtra,18.4433,73.2056
402305,Raigad,Maharashtra,18.1931,73.4062
402306,Raigad,Maharashtra,,
402307,Raigad,Maharashtra,18.0124,73.1811
402308,Raigad,Maharashtra,18.4047,73.3232
402309,Raigad,Maharashtra,18.1287,73.4529
402401,Raigad,Maharashtra,18.3429,72.9436
402402,Raigad,Maharashtra,18.2604,72.9502
402403,Raigad,Maharashtra,18.2008,72.9605
402404,Raigad,Maharashtra,18.1500,72.9845
403001,North Goa,Goa,15.4941,73.8324
403002,North Goa,Goa,15.4716,73.8119
403004,North Goa,Goa,15.4549,73.8030
403005,North Goa,Goa,15.4819,73.8429
403006,North Goa,Goa,15.5056,73.8648
403101,North Goa,Goa,15.5061,73.8260
403102,North Goa,Goa,15.5532,73.8888
403103,South Goa,Goa,15.4994,73.8324
403104,North Goa,Goa,15.4440,73.9207
403105,North Goa,Goa,15.4781,74.0604
403106,North Goa,Goa,15.5339,73.9511
403107,South Goa,Goa,15.5101,73.9609
403108,North Goa,Goa,15.4430,73.8812
403109,North Goa,Goa,15.5015,73.8044
403110,North Goa,Goa,15.4999,73.9331
403114,North Goa,Goa,15.5080,73.8094
403115,South Goa,Goa,15.4648,73.9717
403201,North Goa,Goa,15.4730,73.8702
403202,North Goa,Goa,15.4643,73.8580
403203,North Goa,Goa,15.4994,73.8324
403204,North Goa,Goa,15.4264,73.8989
403206,North Goa,Goa,15.4574,73.8349
403401,South Goa,Goa,15.4032,74.0041
403402,North Goa,Goa,15.5016,73.9132
403403,North Goa,Goa,15.5276,73.9039
403404,South Goa,Goa,15.4425,73.9742
403406,South Goa,Goa,15.4188,74.0798
403409,South Goa,Goa,15.3856,74.0314
403410,South Goa,Goa,15.3376,74.2429
403501,North Goa,Goa,15.5500,73.8181
403502,North Goa,Goa,15.6230,73.8558
403503,North Goa,Goa,15.6195,73.9032
403504,North Goa,Goa,15.5895,73.9463
403505,North Goa,Goa,15.5623,74.0103
403506,North Goa,Goa,15.5307,74.1381
403507,North Goa,Goa,15.5951,73.8097
403508,North Goa,Goa,15.5894,73.8743
403509,North Goa,Goa,15.5835,73.7475
403510,North Goa,Goa,15.5739,73.7936
403511,North Goa,Goa,15.5465,73.7890
403512,North Goa,Goa,15.7165,73.7977
403513,North Goa,Goa,15.6451,73.8364
403515,North Goa,Goa,15.5186,73.7677
403516,North Goa,Goa,15.5434,73.7671
403517,North Goa,Goa,15.6311,73.7642
403521,North Goa,Goa,15.5257,73.8289
403523,North Goa,Goa,15.5781,73.8753
403524,North Goa,Goa,15.6876,73.7116
403526,North Goa,Goa,15.6141,73.8243
403527,North Goa,Goa,15.6624,73.7267
403529,North Goa,Goa,15.5826,73.9547
403530,North Goa,Goa,15.5490,74.0649
403601,South Goa,Goa,15.2727,73.9646
403602,South Goa,Goa,15.2909,73.9651
403701,South Goa,Goa,15.1806,73.9715
403702,South Goa,Goa,15.0071,74.0494
403703,South Goa,Goa,15.1784,73.9977
403704,South Goa,Goa,15.2275,74.1529
403705,South Goa,Goa,15.2136,74.0708
403706,South Goa,Goa,15.2607,74.1075
403707,South Goa,Goa,15.2579,73.9661
403708,South Goa,Goa,15.2791,73.9232
403709,South Goa,Goa,15.2726,74.0186
403710,South Goa,Goa,15.3950,73.9152
403711,South Goa,Goa,15.3979,73.8487
403712,South Goa,Goa,15.3449,73.8984
403713,South Goa,Goa,15.3134,73.9216
403714,South Goa,Goa,15.2606,74.0419
403715,South Goa,Goa,15.2100,73.9777
403716,South Goa,Goa,15.2589,73.9310
403717,South Goa,Goa,15.2063,73.9508
403718,South Goa,Goa,15.3409,73.9835
403719,South Goa,Goa,15.3095,74.0011
403720,South Goa,Goa,15.3139,73.9860
403721,South Goa,Goa,15.2319,73.9425
403722,South Goa,Goa,15.3496,73.9310
403723,South Goa,Goa,15.1658,73.9728
403724,South Goa,Goa,15.2203,73.9509
403725,South Goa,Goa,15.2336,73.9911
403726,South Goa,Goa,15.3754,73.8801
403728,South Goa,Goa,14.9606,74.0554
403729,South Goa,Goa,15.2581,73.9855
403731,South Goa,Goa,15.1869,73.9473
403801,South Goa,Goa,15.3852,73.8390
403802,South Goa,Goa,15.3969,73.8176
403803,South Goa,Goa,15.4126,73.7904
403804,South Goa,Goa,15.4082,73.7889
403806,South Goa,Goa,15.3701,73.8377
410101,Raigad,Maharashtra,,
410102,Raigad,Maharashtra,,
410201,Raigad,Maharashtra,18.7150,73.2150
410202,Raigad,Maharashtra,18.8193,73.2852
410203,Raigad,Maharashtra,18.7996,73.3270
410204,Raigad,Maharashtra,18.7765,73.3534
410205,Raigad,Maharashtra,18.5765,73.2540
410206,Raigad,Maharashtra,18.8900,73.1000
410207,Raigad,Maharashtra,18.8962,73.1772
410208,Raigad,Maharashtra,,
410209,Raigad,Maharashtra,,
410210,Raigad,Maharashtra,,
410216,Raigad,Maharashtra,18.8044,73.3425
410218,Raigad,Maharashtra,,
410220,Raigad,Maharashtra,18.3600,72.9300
410221,Raigad,Maharashtra,,
410222,Raigad,Maharashtra,18.8968,73.1846
410301,Pune,Maharashtra,,
410302,Pune,Maharashtra,,
410401,Pune,Maharashtra,,
410402,Pune,Maharashtra,,
410403,Pune,Maharashtra,,
410405,Pune,Maharashtra,18.7476,73.5473
410406,Pune,Maharashtra,18.6810,73.5198
410501,Pune,Maharashtra,18.7396,73.8626
410502,Pune,Maharashtra,,
410503,Pune,Maharashtra,,
410504,Pune,Maharashtra,,
410505,Pune,Maharashtra,18.8461,73.9022
410506,Pune,Maharashtra,18.7213,73.6471
410507,Pune,Maharashtra,18.7471,73.6864
410508,Pune,Maharashtra,,
410509,Pune,Maharashtra,,
410510,Pune,Maharashtra,18.8776,74.0913
410511,Pune,Maharashtra,,
410512,Pune,Maharashtra,18.9564,73.9018
410513,Pune,Maharashtra,18.6941,73.5329
410515,Pune,Maharashtra,18.7497,73.8007
410516,Pune,Maharashtra,,
411001,Pune,Maharashtra,18.5115,73.8782
411002,Pune,Maharashtra,18.5150,73.8568
411003,Pune,Maharashtra,18.5579,73.8597
411004,Pune,Maharashtra,18.5130,73.8374
411005,Pune,Maharashtra,18.5275,73.8505
411006,Pune,Maharashtra,18.5554,73.8900
411007,Pune,Maharashtra,18.5526,73.8201
411008,Pune,Maharashtra,18.5429,73.8191
411009,Pune,Maharashtra,18.4954,73.8563
411011,Pune,Maharashtra,18.5203,73.8632
411012,Pune,Maharashtra,18.5812,73.8323
411013,Pune,Maharashtra,,
411014,Pune,Maharashtra,18.5436,73.9251
411015,Pune,Maharashtra,18.5719,73.8782
411016,Pune,Maharashtra,18.5317,73.8326
411017,Pune,Maharashtra,18.6169,73.7061
411018,Pune,Maharashtra,18.6325,73.8132
411019,Pune,Maharashtra,18.6543,73.7975
411020,Pune,Maharashtra,18.5589,73.8342
411021,Pune,Maharashtra,18.5367,73.7951
411022,Pune,Maharashtra,18.5021,73.9085
411023,Pune,Maharashtra,18.4694,73.7779
411024,Pune,Maharashtra,18.4452,73.7858
411025,Pune,Maharashtra,18.3894,73.7004
411026,Pune,Maharashtra,18.6348,73.8397
411027,Pune,Maharashtra,18.5766,73.8120
411028,Pune,Maharashtra,18.4982,73.9308
411030,Pune,Maharashtra,18.5140,73.8495
411031,Pune,Maharashtra,,
411032,Pune,Maharashtra,,
411033,Pune,Maharashtra,,
411034,Pune,Maharashtra,18.6040,73.8261
411035,Pune,Maharashtra,18.6539,73.7814
411036,Pune,Maharashtra,18.5322,73.9289
411037,Pune,Maharashtra,18.6527,73.8672
411038,Pune,Maharashtra,18.5093,73.8146
411039,Pune,Maharashtra,18.6203,73.8482
411040,Pune,Maharashtra,18.5132,73.8494
411041,Pune,Maharashtra,18.4831,73.8343
411042,Pune,Maharashtra,18.5014,73.8614
411043,Pune,Maharashtra,18.4654,73.8551
411044,Pune,Maharashtra,18.6589,73.7503
411045,Pune,Maharashtra,18.5700,73.7662
411046,Pune,Maharashtra,18.4478,73.8556
411047,Pune,Maharashtra,18.6165,73.9428
411048,Pune,Maharashtra,,
411051,Pune,Maharashtra,,
411052,Pune,Maharashtra,18.4910,73.8232
411057,Pune,Maharashtra,,
411058,Pune,Maharashtra,18.4758,73.7977
411060,Pune,Maharashtra,,
411061,Pune,Maharashtra,,
411062,Pune,Maharashtra,18.6659,73.7784
411067,Pune,Maharashtra,18.5634,73.8129
411068,Pune,Maharashtra,18.4580,73.7919
411069,Pune,Maharashtra,18.5624,73.7868
412101,Pune,Maharashtra,18.6798,73.7398
412102,Pune,Maharashtra,,
412103,Pune,Maharashtra,18.5093,74.3246
412104,Pune,Maharashtra,18.3802,74.1756
412105,Pune,Maharashtra,18.6794,73.9179
412106,Pune,Maharashtra,18.7277,73.6324
412107,Pune,Maharashtra,18.3505,73.6197
412108,Pune,Maharashtra,18.5281,73.5348
412109,Pune,Maharashtra,18.7370,73.7600
412110,Pune,Maharashtra,18.5417,74.0252
412112,Pune,Maharashtra,18.5203,73.8567
412115,Pune,Maharashtra,18.5031,73.6886
412201,Pune,Maharashtra,18.4844,74.0407
412202,Pune,Maharashtra,18.5030,74.1577
412203,Pune,Maharashtra,18.5194,74.3285
412204,Pune,Maharashtra,,
412205,Pune,Maharashtra,18.2904,73.8702
412206,Pune,Maharashtra,18.1458,73.8430
412207,Pune,Maharashtra,18.5462,74.0029
412208,Pune,Maharashtra,18.6573,74.1376
412209,Pune,Maharashtra,18.7258,74.1886
412210,Pune,Maharashtra,,
412211,Pune,Maharashtra,18.6184,74.3291
412212,Pune,Maharashtra,18.3013,73.6490
412213,Pune,Maharashtra,18.2489,73.8374
412214,Pune,Maharashtra,18.5093,74.2578
412215,Pune,Maharashtra,,
412216,Pune,Maharashtra,18.6096,74.0888
412218,Pune,Maharashtra,18.8151,74.1534
412219,Pune,Maharashtra,,
412220,Pune,Maharashtra,18.6136,74.1922
412301,Pune,Maharashtra,18.3424,74.0276
412303,Pune,Maharashtra,18.2874,74.1607
412304,Pune,Maharashtra,,
412305,Pune,Maharashtra,18.2245,74.1181
412306,Pune,Maharashtra,,
412307,Pune,Maharashtra,18.4798,73.9309
412308,Pune,Maharashtra,18.4563,73.9771
412311,Pune,Maharashtra,18.2156,74.0245
412312,Pune,Maharashtra,18.1455,74.0776
412401,Pune,Maharashtra,18.3677,73.7739
412402,Pune,Maharashtra,18.8405,73.9072
412403,Pune,Maharashtra,18.8287,74.0600
412404,Pune,Maharashtra,18.9310,73.7654
412405,Pune,Maharashtra,18.8744,74.0109
412406,Pune,Maharashtra,18.8786,73.8336
412408,Pune,Maharashtra,,
412409,Pune,Maharashtra,,
412410,Pune,Maharashtra,18.2963,73.6794
412411,Pune,Maharashtra,,
412412,Pune,Maharashtra,18.7387,73.6427
412801,Satara,Maharashtra,18.0919,73.9440
412802,Satara,Maharashtra,18.0637,73.9896
412803,Satara,Maharashtra,17.9605,73.8823
412804,Satara,Maharashtra,18.0072,73.8850
412805,Satara,Maharashtra,17.9459,73.8121
412806,Satara,Maharashtra,17.7920,73.7197
413001,Solapur,Maharashtra,17.6703,75.8983
413002,Solapur,Maharashtra,17.6832,75.8950
413003,Solapur,Maharashtra,17.6642,75.9014
413004,Solapur,Maharashtra,17.5733,75.6757
413005,Solapur,Maharashtra,17.6776,75.9178
413006,Solapur,Maharashtra,17.6774,75.9288
413007,Solapur,Maharashtra,,
413008,Solapur,Maharashtra,17.5314,75.8933
413101,Solapur,Maharashtra,17.4775,75.2986
413102,Pune,Maharashtra,18.5364,74.2646
413103,Pune,Maharashtra,18.8114,73.8478
413104,Pune,Maharashtra,,
413105,Pune,Maharashtra,,
413106,Pune,Maharashtra,,
413107,Solapur,Maharashtra,,
413108,Solapur,Maharashtra,18.0354,75.2450
413109,Solapur,Maharashtra,,
413110,Pune,Maharashtra,,
413111,Solapur,Maharashtra,,
413112,Solapur,Maharashtra,17.8367,75.1261
413113,Solapur,Maharashtra,17.7971,75.0451
413114,Pune,Maharashtra,,
413115,Pune,Maharashtra,,
413116,Pune,Maharashtra,18.5204,73.8567
413118,Solapur,Maharashtra,17.5152,75.4467
413120,Pune,Maharashtra,,
413130,Pune,Maharashtra,,
413132,Pune,Maharashtra,18.1673,74.0109
413133,Pune,Maharashtra,,
413201,Ahmednagar,Maharashtra,,
413202,Solapur,Maharashtra,17.7940,75.5352
413203,Solapur,Maharashtra,17.7243,75.5071
413204,Ahmednagar,Maharashtra,,
413205,Ahmednagar,Maharashtra,19.4860,74.9699
413206,Solapur,Maharashtra,,
413207,Beed,Maharashtra,18.9485,75.3697
413208,Solapur,Maharashtra,18.0806,75.4144
413209,Solapur,Maharashtra,18.0308,75.5313
413210,Solapur,Maharashtra,18.0259,75.2643
413211,Solapur,Maharashtra,17.9506,75.2729
413212,Solapur,Maharashtra,17.7509,75.9599
413213,Solapur,Maharashtra,17.8097,75.6462
413214,Solapur,Maharashtra,17.8972,75.5796
413215,Solapur,Maharashtra,,
413216,Solapur,Maharashtra,,
413217,Solapur,Maharashtra,17.4593,75.2971
413218,Solapur,Maharashtra,18.1068,75.7775
413219,Solapur,Maharashtra,17.5152,75.4467
413220,Solapur,Maharashtra,,
413221,Solapur,Maharashtra,17.4763,75.7526
413222,Solapur,Maharashtra,17.6970,75.8537
413223,Solapur,Maharashtra,18.1545,75.2867
413224,Solapur,Maharashtra,17.6872,75.9323
413226,Solapur,Maharashtra,17.6592,75.9064
413227,Solapur,Maharashtra,17.6599,75.9070
413228,Solapur,Maharashtra,17.5944,75.3150
413229,Beed,Maharashtra,18.9435,75.4465
413248,Solapur,Maharashtra,17.8061,75.6411
413249,Beed,Maharashtra,19.0612,75.4534
413250,Solapur,Maharashtra,18.1096,75.4954
413251,Solapur,Maharashtra,,
413252,Solapur,Maharashtra,18.1757,75.4141
413253,Solapur,Maharashtra,17.8061,75.6411
413255,Solapur,Maharashtra,18.1068,75.7775
413301,Solapur,Maharashtra,17.9319,75.3641
413302,Solapur,Maharashtra,17.8612,75.3296
413303,Solapur,Maharashtra,17.5152,75.4467
413304,Solapur,Maharashtra,17.6891,75.3951
413305,Solapur,Maharashtra,17.4952,75.4467
413306,Solapur,Maharashtra,17.6078,75.1025
413307,Solapur,Maharashtra,17.4815,75.1893
413308,Solapur,Maharashtra,17.6599,75.9664
413309,Solapur,Maharashtra,,
413310,Solapur,Maharashtra,17.6694,75.1744
413314,Solapur,Maharashtra,17.4414,75.1969
413315,Solapur,Maharashtra,17.7684,75.2660
413317,Solapur,Maharashtra,17.5332,75.2625
413319,Solapur,Maharashtra,17.4387,75.5440
413322,Solapur,Maharashtra,17.3599,75.4170
413324,Solapur,Maharashtra,17.9063,75.4292
413401,Solapur,Maharashtra,18.0712,75.6179
413402,Solapur,Maharashtra,18.0624,75.7999
413403,Solapur,Maharashtra,17.8264,75.6049
413404,Solapur,Maharashtra,17.6597,75.9664
413405,Osmanabad,Maharashtra,18.1861,76.0419
413406,Solapur,Maharashtra,,
413409,Solapur,Maharashtra,17.5875,75.6765
413410,Solapur,Maharashtra,18.0200,75.6393
413411,Solapur,Maharashtra,17.5152,75.4467
413412,Solapur,Maharashtra,17.9350,75.2974
413501,Osmanabad,Maharashtra,18.2279,76.0567
413502,Osmanabad,Maharashtra,,
413503,Osmanabad,Maharashtra,18.2279,76.0567
413504,Osmanabad,Maharashtra,18.4495,75.6758
413505,Osmanabad,Maharashtra,18.2279,76.0567
413506,Osmanabad,Maharashtra,18.1861,76.0419
413507,Osmanabad,Maharashtra,18.5717,76.0177
413508,Osmanabad,Maharashtra,18.2787,76.0536
413509,Osmanabad,Maharashtra,18.1926,76.0552
413510,Osmanabad,Maharashtra,,
413511,Latur,Maharashtra,18.5096,76.8457
413512,Latur,Maharashtra,18.4265,76.5736
413513,Latur,Maharashtra,17.9569,76.6495
413514,Latur,Maharashtra,18.4085,76.5599
413515,Latur,Maharashtra,18.7000,76.9333
413516,Latur,Maharashtra,18.0731,76.5932
413517,Latur,Maharashtra,18.4085,76.5599
413518,Latur,Maharashtra,18.3934,77.1127
413519,Latur,Maharashtra,18.2621,77.0823
413520,Latur,Maharashtra,18.2500,76.5000
413521,Latur,Maharashtra,18.1287,76.7503
413522,Latur,Maharashtra,18.1158,76.7528
413523,Latur,Maharashtra,18.7000,76.9333
413524,Latur,Maharashtra,18.4189,76.8419
413525,Osmanabad,Maharashtra,18.5717,76.0177
413526,Osmanabad,Maharashtra,,
413527,Latur,Maharashtra,18.4085,76.5599
413528,Osmanabad,Maharashtra,18.5717,76.0177
413529,Latur,Maharashtra,18.3898,76.4113
413530,Latur,Maharashtra,18.1158,76.7528
413531,Latur,Maharashtra,18.3779,76.5027
413532,Latur,Maharashtra,18.4085,76.5599
413534,Osmanabad,Maharashtra,,
413544,Latur,Maharashtra,18.4085,76.5599
413581,Latur,Maharashtra,18.4189,76.8419
413582,Osmanabad,Maharashtra,18.1910,76.0333
413601,Osmanabad,Maharashtra,18.0200,76.0655
413602,Osmanabad,Maharashtra,17.8046,76.2162
413603,Osmanabad,Maharashtra,18.0100,76.0711
413604,Osmanabad,Maharashtra,,
413605,Osmanabad,Maharashtra,,
413606,Osmanabad,Maharashtra,,
413607,Latur,Maharashtra,18.1287,76.7503
413608,Osmanabad,Maharashtra,,
413623,Osmanabad,Maharashtra,17.8809,75.9422
413624,Osmanabad,Maharashtra,18.0100,76.0711
413701,Ahmednagar,Maharashtra,,
413702,Ahmednagar,Maharashtra,,
413703,Ahmednagar,Maharashtra,18.8900,74.6800
413704,Ahmednagar,Maharashtra,19.3100,74.7500
413705,Ahmednagar,Maharashtra,19.3994,74.6662
413706,Ahmednagar,Maharashtra,19.4399,74.4974
413707,Ahmednagar,Maharashtra,19.6210,74.8375
413708,Ahmednagar,Maharashtra,,
413709,Ahmednagar,Maharashtra,19.5510,74.8228
413710,Ahmednagar,Maharashtra,19.5302,74.5643
413711,Ahmednagar,Maharashtra,19.5228,74.4738
413712,Ahmednagar,Maharashtra,19.5894,74.5118
413713,Ahmednagar,Maharashtra,19.4860,74.9699
413714,Ahmednagar,Maharashtra,19.5247,74.3866
413715,Ahmednagar,Maharashtra,19.5594,74.6419
413716,Ahmednagar,Maharashtra,19.4596,74.6679
413717,Ahmednagar,Maharashtra,19.5588,74.7074
413718,Ahmednagar,Maharashtra,19.6828,74.6547
413719,Ahmednagar,Maharashtra,19.6911,74.5505
413720,Ahmednagar,Maharashtra,19.5862,74.6332
413721,Ahmednagar,Maharashtra,19.5189,74.7184
413722,Ahmednagar,Maharashtra,19.3497,74.6333
413723,Ahmednagar,Maharashtra,19.7224,74.6224
413725,Ahmednagar,Maharashtra,19.5726,74.8050
413726,Ahmednagar,Maharashtra,19.4860,74.9699
413728,Ahmednagar,Maharashtra,,
413736,Ahmednagar,Maharashtra,19.5778,74.4320
413737,Ahmednagar,Maharashtra,19.6129,74.5405
413738,Ahmednagar,Maharashtra,19.4829,74.3735
413739,Ahmednagar,Maharashtra,19.6229,74.7615
413801,Pune,Maharashtra,,
413802,Pune,Maharashtra,,
414001,Ahmednagar,Maharashtra,19.0955,74.7362
414002,Ahmednagar,Maharashtra,19.0700,74.7750
414003,Ahmednagar,Maharashtra,19.1162,74.7354
414005,Ahmednagar,Maharashtra,19.0800,74.7300
414006,Ahmednagar,Maharashtra,19.0650,74.8250
414101,Ahmednagar,Maharashtra,,
414102,Ahmednagar,Maharashtra,19.4860,74.9699
414103,Ahmednagar,Maharashtra,19.0700,74.5500
414105,Ahmednagar,Maharashtra,19.4200,74.7600
414106,Ahmednagar,Maharashtra,19.1881,75.0674
414110,Ahmednagar,Maharashtra,19.1500,74.7100
414111,Ahmednagar,Maharashtra,19.1500,74.7100
414113,Ahmednagar,Maharashtra,,
414201,Ahmednagar,Maharashtra,19.0500,74.8250
414202,Beed,Maharashtra,18.9956,75.7919
414203,Beed,Maharashtra,18.9531,75.7456
414204,Beed,Maharashtra,18.8477,75.5604
414205,Beed,Maharashtra,19.0010,75.6063
414208,Beed,Maharashtra,18.9956,75.7919
414301,Ahmednagar,Maharashtra,18.9200,74.4500
414302,Ahmednagar,Maharashtra,18.9800,74.4300
414303,Ahmednagar,Maharashtra,19.0500,74.4100
414304,Ahmednagar,Maharashtra,19.1100,74.3400
414305,Ahmednagar,Maharashtra,,
414306,Ahmednagar,Maharashtra,,
414401,Ahmednagar,Maharashtra,,
414402,Ahmednagar,Maharashtra,19.4860,74.9699
414403,Ahmednagar,Maharashtra,,
414501,Ahmednagar,Maharashtra,19.2300,74.9300
414502,Ahmednagar,Maharashtra,19.1100,75.0000
414503,Ahmednagar,Maharashtra,,
414504,Ahmednagar,Maharashtra,19.3830,74.7400
414505,Ahmednagar,Maharashtra,,
414601,Ahmednagar,Maharashtra,19.2450,74.8100
414602,Ahmednagar,Maharashtra,19.4317,74.9059
414603,Ahmednagar,Maharashtra,19.5575,74.9611
414604,Ahmednagar,Maharashtra,19.4089,75.0685
414605,Ahmednagar,Maharashtra,19.4521,75.0411
414606,Ahmednagar,Maharashtra,19.3600,74.9200
414607,Ahmednagar,Maharashtra,19.2450,74.6400
414609,Ahmednagar,Maharashtra,19.4841,74.9480
414701,Ahmednagar,Maharashtra,,
415001,Satara,Maharashtra,17.6882,74.0068
415002,Satara,Maharashtra,17.6914,73.9917
415003,Satara,Maharashtra,17.6909,74.0269
415004,Satara,Maharashtra,17.6609,74.0467
415010,Satara,Maharashtra,17.7282,74.1492
415011,Satara,Maharashtra,17.7797,74.0682
415012,Satara,Maharashtra,17.7742,73.8254
415013,Satara,Maharashtra,17.6914,74.0009
415014,Satara,Maharashtra,17.3770,73.9013
415015,Satara,Maharashtra,17.7337,73.9848
415019,Satara,Maharashtra,17.5904,74.1095
415020,Satara,Maharashtra,17.7900,73.9877
415021,Satara,Maharashtra,17.7413,74.1704
415022,Satara,Maharashtra,17.7309,73.9310
415023,Satara,Maharashtra,17.6794,74.4165
415101,Kolhapur,Maharashtra,16.4311,74.1414
415102,Satara,Maharashtra,17.6544,74.3675
415103,Satara,Maharashtra,17.2656,74.0941
415104,Satara,Maharashtra,17.5904,74.4531
415105,Satara,Maharashtra,17.7106,73.9636
415106,Satara,Maharashtra,17.4028,74.2019
415107,Satara,Maharashtra,17.5507,74.2972
415108,Satara,Maharashtra,17.4890,74.0912
415109,Satara,Maharashtra,17.2865,74.1814
415110,Satara,Maharashtra,17.2891,74.1805
415111,Satara,Maharashtra,17.2865,74.1814
415112,Satara,Maharashtra,,
415114,Satara,Maharashtra,17.3081,74.1398
415115,Satara,Maharashtra,17.3021,74.1596
415116,Satara,Maharashtra,17.5182,74.2073
415122,Satara,Maharashtra,17.5904,74.4531
415124,Satara,Maharashtra,17.3228,74.1575
415202,Ratnagiri,Maharashtra,,
415203,Ratnagiri,Maharashtra,17.7196,73.3968
415205,Satara,Maharashtra,17.3651,73.9827
415206,Satara,Maharashtra,17.3915,73.9013
415207,Satara,Maharashtra,17.3770,73.9013
415208,Ratnagiri,Maharashtra,17.5333,73.5167
415209,Satara,Maharashtra,17.3270,74.0263
415211,Satara,Maharashtra,17.3212,73.9553
415212,Satara,Maharashtra,17.5904,74.4531
415213,Raigad,Maharashtra,18.0432,73.2940
415214,Ratnagiri,Maharashtra,17.4216,73.2947
415301,Sangli,Maharashtra,,
415302,Sangli,Maharashtra,17.1700,74.2900
415303,Sangli,Maharashtra,17.2100,74.3650
415304,Sangli,Maharashtra,17.2900,74.3315
415305,Sangli,Maharashtra,17.3050,74.4000
415306,Sangli,Maharashtra,17.3693,74.8862
415307,Sangli,Maharashtra,17.2700,74.7150
415308,Sangli,Maharashtra,17.3398,74.8000
415309,Sangli,Maharashtra,17.2600,74.7100
415310,Sangli,Maharashtra,17.2600,74.7100
415311,Sangli,Maharashtra,17.2772,74.5393
415312,Satara,Maharashtra,,
415313,Sangli,Maharashtra,17.1200,74.3600
415315,Sangli,Maharashtra,,
415401,Sangli,Maharashtra,16.9700,74.2051
415402,Sangli,Maharashtra,,
415403,Sangli,Maharashtra,17.0018,74.2237
415404,Sangli,Maharashtra,,
415405,Sangli,Maharashtra,,
415406,Sangli,Maharashtra,17.0907,74.2060
415407,Sangli,Maharashtra,17.0300,74.2100
415408,Sangli,Maharashtra,,
415409,Sangli,Maharashtra,17.0200,74.2800
415410,Sangli,Maharashtra,17.0900,74.2900
415411,Sangli,Maharashtra,16.9400,74.2900
415412,Sangli,Maharashtra,17.0995,74.1898
415413,Sangli,Maharashtra,17.0274,74.4109
415414,Sangli,Maharashtra,17.0733,74.2836
415415,Sangli,Maharashtra,,
415501,Satara,Maharashtra,17.6983,74.1651
415502,Satara,Maharashtra,17.6655,74.3617
415503,Satara,Maharashtra,17.6544,74.3675
415504,Satara,Maharashtra,17.5749,74.1624
415505,Satara,Maharashtra,17.6544,74.3648
415506,Satara,Maharashtra,17.6290,74.3950
415507,Satara,Maharashtra,17.5439,74.5205
415508,Satara,Maharashtra,17.7631,74.5189
415509,Satara,Maharashtra,17.7077,74.5439
415510,Satara,Maharashtra,17.5327,74.3311
415511,Satara,Maharashtra,17.6458,74.1870
415512,Satara,Maharashtra,17.4577,74.3289
415513,Satara,Maharashtra,17.8341,74.2554
415514,Satara,Maharashtra,17.7122,74.1806
415515,Satara,Maharashtra,17.9010,73.9614
415516,Satara,Maharashtra,17.5904,74.4531
415517,Satara,Maharashtra,17.9775,73.9875
415518,Satara,Maharashtra,17.6914,74.0645
415519,Satara,Maharashtra,17.5651,74.0374
415520,Satara,Maharashtra,17.4199,74.0009
415521,Satara,Maharashtra,18.0723,74.1368
415522,Satara,Maharashtra,17.8658,74.1553
415523,Satara,Maharashtra,17.9845,74.4360
415524,Satara,Maharashtra,17.8568,74.1479
415525,Satara,Maharashtra,17.7201,74.1442
415526,Satara,Maharashtra,18.1155,74.0693
415527,Satara,Maharashtra,17.6296,74.3646
415528,Satara,Maharashtra,18.0134,74.3239
415530,Satara,Maharashtra,17.8508,73.9992
415536,Satara,Maharashtra,17.7675,73.9082
415537,Satara,Maharashtra,17.9222,74.2184
415538,Satara,Maharashtra,17.6544,74.3675
415539,Satara,Maharashtra,17.2865,74.1814
415540,Satara,Maharashtra,17.5876,74.5507
415601,Ratnagiri,Maharashtra,17.4358,73.6593
415602,Ratnagiri,Maharashtra,17.4470,73.6364
415603,Ratnagiri,Maharashtra,17.5797,73.4939
415604,Ratnagiri,Maharashtra,17.5333,73.5167
415605,Ratnagiri,Maharashtra,17.5333,73.5167
415606,Ratnagiri,Maharashtra,17.5333,73.5167
415607,Ratnagiri,Maharashtra,17.3571,73.5890
415608,Ratnagiri,Maharashtra,17.2972,73.5000
415609,Ratnagiri,Maharashtra,17.2725,73.5475
415610,Ratnagiri,Maharashtra,16.9920,73.2945
415611,Ratnagiri,Maharashtra,17.1682,73.5464
415612,Ratnagiri,Maharashtra,17.0178,73.2748
415613,Ratnagiri,Maharashtra,17.2941,73.2925
415614,Ratnagiri,Maharashtra,17.2914,73.2184
415615,Ratnagiri,Maharashtra,17.1934,73.2767
415616,Ratnagiri,Maharashtra,16.9902,73.3120
415617,Ratnagiri,Maharashtra,17.0864,73.3510
415619,Ratnagiri,Maharashtra,17.0172,73.4139
415620,Ratnagiri,Maharashtra,17.1714,73.3973
415621,Ratnagiri,Maharashtra,17.7285,73.4569
415626,Ratnagiri,Maharashtra,,
415628,Ratnagiri,Maharashtra,17.3619,73.7610
415629,Ratnagiri,Maharashtra,17.3631,73.4686
415634,Ratnagiri,Maharashtra,17.5463,73.1588
415637,Ratnagiri,Maharashtra,17.1252,73.4445
415639,Ratnagiri,Maharashtra,17.0203,73.3302
415640,Ratnagiri,Maharashtra,17.7196,73.3968
415641,Ratnagiri,Maharashtra,17.3831,73.4747
415643,Ratnagiri,Maharashtra,,
415701,Ratnagiri,Maharashtra,17.4778,73.4470
415702,Ratnagiri,Maharashtra,17.4775,73.3576
415703,Ratnagiri,Maharashtra,17.4829,73.1925
415705,Ratnagiri,Maharashtra,17.5422,73.1734
415706,Ratnagiri,Maharashtra,17.5932,73.1625
415708,Ratnagiri,Maharashtra,17.6529,73.4698
415709,Ratnagiri,Maharashtra,17.7196,73.3968
415710,Ratnagiri,Maharashtra,17.7284,73.3146
415711,Ratnagiri,Maharashtra,17.7521,73.2977
415712,Ratnagiri,Maharashtra,17.5727,73.3560
415713,Ratnagiri,Maharashtra,,
415714,Ratnagiri,Maharashtra,,
415715,Ratnagiri,Maharashtra,17.7096,73.5493
415716,Ratnagiri,Maharashtra,,
415717,Ratnagiri,Maharashtra,,
415718,Ratnagiri,Maharashtra,17.5868,73.6613
415719,Ratnagiri,Maharashtra,17.5491,73.2815
415720,Ratnagiri,Maharashtra,,
415722,Ratnagiri,Maharashtra,17.7196,73.3968
415724,Ratnagiri,Maharashtra,17.4829,73.2588
415726,Ratnagiri,Maharashtra,17.3571,73.3543
415727,Ratnagiri,Maharashtra,17.6214,73.3510
415728,Ratnagiri,Maharashtra,17.3381,73.2476
415729,Ratnagiri,Maharashtra,17.3789,73.2113
415730,Ratnagiri,Maharashtra,17.7196,73.3968
415801,Ratnagiri,Maharashtra,16.9766,73.7315
415802,Ratnagiri,Maharashtra,16.9242,73.6324
415803,Ratnagiri,Maharashtra,17.0140,73.5066
415804,Ratnagiri,Maharashtra,17.0936,73.6579
415805,Ratnagiri,Maharashtra,,
415806,Ratnagiri,Maharashtra,,
415807,Ratnagiri,Maharashtra,16.9837,73.5859
416001,Kolhapur,Maharashtra,16.4210,74.1410
416002,Kolhapur,Maharashtra,16.5663,74.1854
416003,Kolhapur,Maharashtra,16.4311,74.1414
416004,Kolhapur,Maharashtra,16.4058,74.1529
416005,Kolhapur,Maharashtra,16.7052,74.2606
416006,Kolhapur,Maharashtra,16.7342,74.2444
416007,Kolhapur,Maharashtra,16.6612,74.2091
416008,Kolhapur,Maharashtra,16.6896,74.2451
416010,Kolhapur,Maharashtra,16.6924,74.1974
416011,Kolhapur,Maharashtra,16.6735,74.2026
416012,Kolhapur,Maharashtra,16.6881,74.2182
416013,Kolhapur,Maharashtra,16.4311,74.1414
416101,Kolhapur,Maharashtra,16.7792,74.5507
416102,Kolhapur,Maharashtra,16.7267,74.5448
416103,Kolhapur,Maharashtra,16.7376,74.6028
416104,Kolhapur,Maharashtra,16.6958,74.6002
416105,Kolhapur,Maharashtra,16.4311,74.1414
416106,Kolhapur,Maharashtra,16.4311,74.1414
416107,Kolhapur,Maharashtra,16.5886,74.5795
416108,Kolhapur,Maharashtra,16.6142,74.6220
416109,Kolhapur,Maharashtra,16.4443,74.2537
416110,Kolhapur,Maharashtra,16.8092,74.4213
416111,Kolhapur,Maharashtra,,
416112,Kolhapur,Maharashtra,16.4311,74.1414
416113,Kolhapur,Maharashtra,16.6455,74.1707
416114,Kolhapur,Maharashtra,16.8678,74.1873
416115,Kolhapur,Maharashtra,16.6853,74.4519
416116,Kolhapur,Maharashtra,16.2806,74.4421
416118,Kolhapur,Maharashtra,16.7259,74.3573
416119,Kolhapur,Maharashtra,16.4311,74.1414
416120,Kolhapur,Maharashtra,16.7524,74.5947
416121,Kolhapur,Maharashtra,16.7078,74.4781
416122,Kolhapur,Maharashtra,16.7623,74.2659
416138,Kolhapur,Maharashtra,16.7030,74.4420
416143,Kolhapur,Maharashtra,16.6192,74.4853
416144,Kolhapur,Maharashtra,16.7712,74.5702
416146,Kolhapur,Maharashtra,16.7263,74.4843
416201,Kolhapur,Maharashtra,16.8069,74.1113
416202,Kolhapur,Maharashtra,16.6569,74.3672
416203,Kolhapur,Maharashtra,16.6250,74.3979
416204,Kolhapur,Maharashtra,16.6905,74.1178
416205,Kolhapur,Maharashtra,16.4311,74.1414
416206,Kolhapur,Maharashtra,16.5449,73.8299
416207,Kolhapur,Maharashtra,16.5722,74.2048
416208,Kolhapur,Maharashtra,16.4311,74.1376
416209,Kolhapur,Maharashtra,16.3157,74.1374
416210,Kolhapur,Maharashtra,16.2169,74.0722
416211,Kolhapur,Maharashtra,16.5309,74.1088
416212,Kolhapur,Maharashtra,,
416213,Kolhapur,Maharashtra,16.8714,74.0411
416214,Kolhapur,Maharashtra,16.9104,74.0457
416215,Kolhapur,Maharashtra,,
416216,Kolhapur,Maharashtra,16.5766,74.3146
416218,Kolhapur,Maharashtra,16.3351,74.2831
416219,Kolhapur,Maharashtra,16.3982,74.1905
416220,Kolhapur,Maharashtra,16.2452,74.2518
416221,Kolhapur,Maharashtra,,
416223,Kolhapur,Maharashtra,16.3290,74.1287
416229,Kolhapur,Maharashtra,16.4311,74.1414
416230,Kolhapur,Maharashtra,16.7784,74.0516
416231,Kolhapur,Maharashtra,16.3603,74.0128
416232,Kolhapur,Maharashtra,16.5426,74.2568
416234,Kolhapur,Maharashtra,16.3829,74.1689
416235,Kolhapur,Maharashtra,16.4254,74.2994
416236,Kolhapur,Maharashtra,16.4311,74.1414
416301,Sangli,Maharashtra,16.9500,74.4003
416302,Sangli,Maharashtra,16.8550,74.5109
416303,Sangli,Maharashtra,16.9800,74.4700
416304,Sangli,Maharashtra,16.9059,74.6007
416305,Sangli,Maharashtra,16.8850,74.5374
416306,Sangli,Maharashtra,16.9376,74.6450
416307,Sangli,Maharashtra,16.9850,74.6213
416308,Sangli,Maharashtra,17.0877,74.4500
416309,Sangli,Maharashtra,17.1000,74.4500
416310,Sangli,Maharashtra,17.0923,74.4640
416311,Sangli,Maharashtra,17.1300,74.7450
416312,Sangli,Maharashtra,17.0400,74.6100
416313,Sangli,Maharashtra,17.0267,74.3736
416314,Sangli,Maharashtra,17.0574,74.6109
416315,Sangli,Maharashtra,16.9580,74.5142
416316,Sangli,Maharashtra,17.0004,74.4535
416401,Sangli,Maharashtra,16.8200,74.6400
416402,Sangli,Maharashtra,,
416403,Sangli,Maharashtra,17.1400,74.9700
416404,Sangli,Maharashtra,,
416405,Sangli,Maharashtra,17.0500,74.8700
416406,Sangli,Maharashtra,16.8864,74.5888
416407,Sangli,Maharashtra,16.8693,74.7155
416408,Sangli,Maharashtra,17.0266,74.6849
416409,Sangli,Maharashtra,16.7834,74.6715
416410,Sangli,Maharashtra,16.8344,74.6422
416411,Sangli,Maharashtra,16.9900,74.9650
416412,Sangli,Maharashtra,,
416413,Sangli,Maharashtra,,
416414,Sangli,Maharashtra,16.8600,74.7200
416415,Sangli,Maharashtra,16.8150,74.5700
416416,Sangli,Maharashtra,16.8539,74.5790
416417,Sangli,Maharashtra,16.8794,74.4633
416418,Sangli,Maharashtra,16.8919,74.9091
416419,Sangli,Maharashtra,16.6600,74.5500
416420,Sangli,Maharashtra,16.8600,74.6250
416436,Sangli,Maharashtra,16.8700,74.6200
416437,Sangli,Maharashtra,17.0348,74.6018
416501,Kolhapur,Maharashtra,16.2432,74.3889
416502,Kolhapur,Maharashtra,16.2239,74.3532
416503,Kolhapur,Maharashtra,16.4311,74.1414
416504,Kolhapur,Maharashtra,,
416505,Kolhapur,Maharashtra,16.1205,74.2100
416506,Kolhapur,Maharashtra,16.1672,74.4676
416507,Kolhapur,Maharashtra,,
416508,Kolhapur,Maharashtra,,
416509,Kolhapur,Maharashtra,,
416510,Sindhudurg,Maharashtra,15.9108,73.8231
416511,Sindhudurg,Maharashtra,15.8407,73.8857
416512,Sindhudurg,Maharashtra,,
416513,Sindhudurg,Maharashtra,15.7458,73.7322
416514,Sindhudurg,Maharashtra,15.7943,73.8121
416515,Sindhudurg,Maharashtra,15.8560,73.6902
416516,Sindhudurg,Maharashtra,15.8807,73.6525
416517,Sindhudurg,Maharashtra,15.7458,73.6731
416518,Sindhudurg,Maharashtra,15.8248,73.7009
416519,Sindhudurg,Maharashtra,16.0153,73.8087
416520,Sindhudurg,Maharashtra,15.9910,73.6965
416521,Sindhudurg,Maharashtra,16.1315,73.7677
416522,Sindhudurg,Maharashtra,15.9388,73.5460
416523,Sindhudurg,Maharashtra,15.9779,73.5028
416524,Sindhudurg,Maharashtra,16.0025,73.5828
416525,Sindhudurg,Maharashtra,16.0178,73.6316
416526,Kolhapur,Maharashtra,16.4311,74.1414
416527,Kolhapur,Maharashtra,,
416528,Sindhudurg,Maharashtra,15.9837,73.6939
416529,Sindhudurg,Maharashtra,15.8576,73.7285
416531,Sindhudurg,Maharashtra,15.9946,73.9348
416534,Sindhudurg,Maharashtra,16.1023,73.6363
416549,Sindhudurg,Maharashtra,,
416550,Sindhudurg,Maharashtra,15.9108,73.9586
416551,Kolhapur,Maharashtra,16.2129,74.4296
416552,Kolhapur,Maharashtra,,
416601,Sindhudurg,Maharashtra,16.3860,73.7361
416602,Sindhudurg,Maharashtra,16.2797,73.6673
416603,Sindhudurg,Maharashtra,16.1621,73.6370
416604,Sindhudurg,Maharashtra,16.0851,73.5866
416605,Sindhudurg,Maharashtra,16.0365,73.5024
416606,Sindhudurg,Maharashtra,16.0578,73.4673
416608,Sindhudurg,Maharashtra,16.1707,73.5402
416609,Sindhudurg,Maharashtra,16.2546,73.8135
416610,Sindhudurg,Maharashtra,16.3769,73.5905
416611,Sindhudurg,Maharashtra,16.3441,73.4951
416612,Sindhudurg,Maharashtra,16.3781,73.4101
416613,Sindhudurg,Maharashtra,16.4098,73.4146
416614,Sindhudurg,Maharashtra,16.2187,73.4824
416615,Sindhudurg,Maharashtra,16.2988,73.4126
416616,Sindhudurg,Maharashtra,16.2561,73.5692
416620,Sindhudurg,Maharashtra,16.2241,73.7589
416623,Sindhudurg,Maharashtra,16.4148,73.4535
416626,Sindhudurg,Maharashtra,16.0979,73.4587
416628,Sindhudurg,Maharashtra,16.1754,73.7213
416630,Sindhudurg,Maharashtra,16.2820,73.4517
416632,Sindhudurg,Maharashtra,16.1755,73.8578
416701,Ratnagiri,Maharashtra,,
416702,Ratnagiri,Maharashtra,17.5422,73.5033
416703,Sindhudurg,Maharashtra,16.5375,73.6208
416704,Ratnagiri,Maharashtra,17.5378,73.3450
416705,Ratnagiri,Maharashtra,,
416707,Ratnagiri,Maharashtra,,
416709,Ratnagiri,Maharashtra,,
416712,Ratnagiri,Maharashtra,16.9006,73.5033
416713,Ratnagiri,Maharashtra,,
416801,Sindhudurg,Maharashtra,16.4418,73.6274
416803,Sindhudurg,Maharashtra,16.4938,73.4780
416804,Sindhudurg,Maharashtra,16.4873,73.4117
416805,Sindhudurg,Maharashtra,16.1855,73.6124
416806,Sindhudurg,Maharashtra,,
416807,Sindhudurg,Maharashtra,,
416810,Sindhudurg,Maharashtra,16.4655,73.7630
416811,Sindhudurg,Maharashtra,16.4838,73.5333
416812,Sindhudurg,Maharashtra,16.0805,73.6886
416813,Sindhudurg,Maharashtra,16.5423,73.7044
421002,Thane,Maharashtra,19.2355,73.1618
421004,Thane,Maharashtra,19.2110,73.1577
421005,Thane,Maharashtra,19.1986,73.1609
421101,Thane,Maharashtra,19.3665,73.1746
421102,Thane,Maharashtra,19.2698,73.1962
421103,Thane,Maharashtra,19.2412,73.1291
421201,Thane,Maharashtra,19.2120,73.0866
421202,Thane,Maharashtra,19.2216,73.0831
421203,Thane,Maharashtra,19.2149,73.1059
421204,Thane,Maharashtra,19.1728,73.0687
421301,Thane,Maharashtra,19.2411,73.1287
421302,Thane,Maharashtra,19.2901,73.0483
421303,Palghar,Maharashtra,19.6591,73.1448
421305,Thane,Maharashtra,19.1714,73.0819
421306,Thane,Maharashtra,19.2175,73.1695
421308,Thane,Maharashtra,19.1810,73.0819
421311,Thane,Maharashtra,19.2576,73.0745
421312,Palghar,Maharashtra,19.6014,73.1017
421401,Thane,Maharashtra,19.2515,73.3879
421402,Thane,Maharashtra,19.1997,72.9813
421403,Thane,Maharashtra,19.4137,73.3987
421501,Thane,Maharashtra,19.2073,73.1827
421502,Thane,Maharashtra,19.2149,73.1837
421503,Thane,Maharashtra,19.1500,73.2667
421505,Thane,Maharashtra,19.1992,73.2053
421506,Thane,Maharashtra,19.1882,73.1914
421601,Thane,Maharashtra,19.3718,73.3001
421602,Thane,Maharashtra,19.1993,72.9793
421603,Thane,Maharashtra,19.5176,73.4047
421605,Thane,Maharashtra,19.2683,73.1655
422001,Nashik,Maharashtra,20.0082,73.8064
422002,Nashik,Maharashtra,19.9967,73.7787
422003,Nashik,Maharashtra,20.0680,73.8103
422004,Nashik,Maharashtra,20.1345,73.8252
422005,Nashik,Maharashtra,19.9884,73.7207
422006,Nashik,Maharashtra,20.0051,73.7862
422007,Nashik,Maharashtra,20.0082,73.8064
422008,Nashik,Maharashtra,19.9861,73.7862
422009,Nashik,Maharashtra,19.9884,73.7207
422010,Nashik,Maharashtra,19.9498,73.7842
422011,Nashik,Maharashtra,19.9884,73.7207
422012,Nashik,Maharashtra,19.9884,73.7207
422013,Nashik,Maharashtra,20.0302,73.6953
422101,Nashik,Maharashtra,19.9642,73.8705
422102,Nashik,Maharashtra,19.8975,73.9459
422103,Nashik,Maharashtra,19.8708,74.1098
422104,Nashik,Maharashtra,19.8500,74.2018
422105,Nashik,Maharashtra,19.9416,73.8348
422112,Nashik,Maharashtra,19.8356,74.0542
422113,Nashik,Maharashtra,19.9122,73.9120
422201,Nashik,Maharashtra,20.0358,73.9722
422202,Nashik,Maharashtra,20.2248,73.8272
422203,Nashik,Maharashtra,19.9975,73.7898
422204,Nashik,Maharashtra,19.9929,73.7553
422205,Nashik,Maharashtra,20.2350,73.8934
422206,Nashik,Maharashtra,20.0785,74.1049
422207,Nashik,Maharashtra,20.1008,73.8839
422208,Nashik,Maharashtra,,
422209,Nashik,Maharashtra,20.1096,74.1098
422210,Nashik,Maharashtra,20.0428,74.0322
422211,Nashik,Maharashtra,20.4593,73.7501
422212,Nashik,Maharashtra,,
422213,Nashik,Maharashtra,19.9622,73.8684
422214,Nashik,Maharashtra,,
422215,Nashik,Maharashtra,20.3356,73.6751
422221,Nashik,Maharashtra,19.9884,73.7207
422222,Nashik,Maharashtra,19.9622,73.8684
422301,Nashik,Maharashtra,19.9622,73.8684
422302,Nashik,Maharashtra,19.9622,73.8684
422303,Nashik,Maharashtra,20.0365,74.0995
422304,Nashik,Maharashtra,20.1181,74.1215
422305,Nashik,Maharashtra,20.0801,74.1812
422306,Nashik,Maharashtra,20.1750,74.2747
422308,Nashik,Maharashtra,19.9622,73.8684
422401,Nashik,Maharashtra,19.9388,73.8317
422402,Nashik,Maharashtra,,
422403,Nashik,Maharashtra,,
422501,Nashik,Maharashtra,19.9272,73.8331
422502,Nashik,Maharashtra,19.8885,73.8327
422601,Ahmednagar,Maharashtra,,
422602,Ahmednagar,Maharashtra,,
422603,Ahmednagar,Maharashtra,,
422604,Ahmednagar,Maharashtra,,
422605,Ahmednagar,Maharashtra,19.5432,74.2674
422606,Nashik,Maharashtra,,
422608,Ahmednagar,Maharashtra,,
422610,Ahmednagar,Maharashtra,,
422611,Ahmednagar,Maharashtra,19.6616,74.3170
422620,Ahmednagar,Maharashtra,19.3617,74.1948
422622,Ahmednagar,Maharashtra,19.3515,74.2986
423101,Nashik,Maharashtra,20.3300,74.2438
423102,Nashik,Maharashtra,20.4457,74.1926
423104,Nashik,Maharashtra,20.2978,74.4398
423105,Nashik,Maharashtra,,
423106,Nashik,Maharashtra,20.1477,74.1812
423107,Ahmednagar,Maharashtra,19.6809,74.4788
423108,Nashik,Maharashtra,20.3300,74.2438
423109,Ahmednagar,Maharashtra,19.7614,74.5225
423110,Nashik,Maharashtra,20.4174,74.3184
423111,Nashik,Maharashtra,20.2821,74.0322
423117,Nashik,Maharashtra,20.2947,74.1231
423201,Nashik,Maharashtra,20.5334,74.4068
423202,Nashik,Maharashtra,,
423203,Nashik,Maharashtra,,
423204,Nashik,Maharashtra,20.5905,74.1987
423205,Nashik,Maharashtra,20.2369,74.3974
423206,Nashik,Maharashtra,,
423208,Nashik,Maharashtra,20.4173,74.4195
423212,Nashik,Maharashtra,,
423213,Nashik,Maharashtra,20.5719,74.2472
423301,Nashik,Maharashtra,20.5905,74.1987
423302,Nashik,Maharashtra,20.5905,74.1987
423303,Nashik,Maharashtra,20.5905,74.1987
423401,Nashik,Maharashtra,20.0259,74.4296
423402,Nashik,Maharashtra,,
423403,Nashik,Maharashtra,20.2042,73.8272
423501,Nashik,Maharashtra,20.5055,74.0456
423502,Nashik,Maharashtra,20.4970,73.9036
423601,Ahmednagar,Maharashtra,,
423602,Ahmednagar,Maharashtra,,
423603,Ahmednagar,Maharashtra,,
423604,Ahmednagar,Maharashtra,,
423605,Ahmednagar,Maharashtra,,
423607,Ahmednagar,Maharashtra,,
423701,Aurangabad,Maharashtra,19.8952,75.1662
423702,Aurangabad,Maharashtra,19.8353,75.2814
423703,Aurangabad,Maharashtra,19.8952,75.1662
424001,Dhule,Maharashtra,20.9042,74.7596
424002,Dhule,Maharashtra,20.9042,74.7749
424004,Dhule,Maharashtra,20.8965,74.8434
424005,Dhule,Maharashtra,20.9358,74.7793
424006,Dhule,Maharashtra,20.8157,74.7494
424101,Jalgaon,Maharashtra,,
424102,Jalgaon,Maharashtra,20.5303,75.1224
424103,Jalgaon,Maharashtra,20.6248,75.1561
424104,Jalgaon,Maharashtra,20.6018,75.2475
424105,Jalgaon,Maharashtra,21.0429,75.0615
424106,Jalgaon,Maharashtra,20.5677,74.9296
424107,Jalgaon,Maharashtra,20.6878,74.9978
424108,Jalgaon,Maharashtra,,
424109,Nashik,Maharashtra,20.2042,73.8272
424119,Jalgaon,Maharashtra,20.5043,74.9540
424201,Jalgaon,Maharashtra,20.6688,75.3480
424202,Jalgaon,Maharashtra,20.6751,75.4025
424203,Jalgaon,Maharashtra,20.6655,75.3480
424204,Jalgaon,Maharashtra,,
424205,Jalgaon,Maharashtra,,
424206,Jalgaon,Maharashtra,,
424207,Jalgaon,Maharashtra,,
424208,Jalgaon,Maharashtra,,
424301,Dhule,Maharashtra,20.8879,74.8307
424302,Dhule,Maharashtra,20.9042,74.7749
424303,Dhule,Maharashtra,20.9042,74.7239
424304,Dhule,Maharashtra,21.0872,74.3601
424305,Dhule,Maharashtra,20.9907,74.3601
424306,Dhule,Maharashtra,20.9907,74.3127
424307,Dhule,Maharashtra,21.0273,74.7732
424308,Dhule,Maharashtra,20.9042,74.7749
424309,Dhule,Maharashtra,21.1029,74.7973
424310,Dhule,Maharashtra,20.9907,74.3127
424311,Dhule,Maharashtra,21.0154,74.8991
424318,Dhule,Maharashtra,20.9042,74.7749
425001,Jalgaon,Maharashtra,20.9994,75.5686
425002,Jalgaon,Maharashtra,21.0133,75.5640
425003,Jalgaon,Maharashtra,20.9892,75.5697
425004,Jalgaon,Maharashtra,21.0036,75.4917
425101,Jalgaon,Maharashtra,21.0073,75.5625
425102,Jalgaon,Maharashtra,21.0073,75.5625
425103,Jalgaon,Maharashtra,20.9993,75.4502
425104,Jalgaon,Maharashtra,21.0073,75.3089
425105,Jalgaon,Maharashtra,20.9868,75.2441
425107,Jalgaon,Maharashtra,,
425108,Jalgaon,Maharashtra,,
425109,Jalgaon,Maharashtra,20.9175,75.3320
425110,Jalgaon,Maharashtra,20.8042,75.2846
425111,Jalgaon,Maharashtra,20.8760,75.1359
425112,Jalgaon,Maharashtra,20.8760,75.1184
425113,Jalgaon,Maharashtra,21.0133,75.5640
425114,Jalgaon,Maharashtra,,
425115,Jalgaon,Maharashtra,20.7727,75.4502
425116,Jalgaon,Maharashtra,20.8483,75.4436
425201,Jalgaon,Maharashtra,,
425203,Jalgaon,Maharashtra,20.9016,74.7824
425301,Jalgaon,Maharashtra,20.9016,74.7824
425302,Jalgaon,Maharashtra,20.9016,74.7824
425303,Jalgaon,Maharashtra,,
425304,Jalgaon,Maharashtra,20.9016,74.7824
425305,Jalgaon,Maharashtra,20.9016,74.7824
425306,Jalgaon,Maharashtra,20.9016,74.7824
425307,Jalgaon,Maharashtra,20.9016,74.7824
425308,Jalgaon,Maharashtra,20.9016,74.7824
425309,Jalgaon,Maharashtra,20.9016,74.7824
425310,Jalgaon,Maharashtra,20.9016,74.7824
425311,Jalgaon,Maharashtra,20.9016,74.7824
425327,Jalgaon,Maharashtra,20.9016,74.7824
425401,Jalgaon,Maharashtra,21.0429,75.0615
425402,Jalgaon,Maharashtra,21.0429,75.0615
425403,Dhule,Maharashtra,,
425404,Dhule,Maharashtra,21.2099,74.8307
425405,Dhule,Maharashtra,21.3502,74.8787
425406,Dhule,Maharashtra,21.2795,74.7384
425407,Dhule,Maharashtra,21.3437,74.6107
425408,Dhule,Maharashtra,21.3421,74.6107
425409,Nandurbar,Maharashtra,21.5456,74.4675
425410,Nandurbar,Maharashtra,21.4564,74.5346
425411,Nandurbar,Maharashtra,21.3756,74.2428
425412,Nandurbar,Maharashtra,21.3756,74.2428
425413,Nandurbar,Maharashtra,21.6106,74.2154
425414,Nandurbar,Maharashtra,21.8229,74.2166
425415,Nandurbar,Maharashtra,21.2099,74.4311
425416,Nandurbar,Maharashtra,21.2977,74.0428
425417,Nandurbar,Maharashtra,21.1860,73.9104
425418,Nandurbar,Maharashtra,,
425419,Nandurbar,Maharashtra,21.5318,73.9751
425420,Jalgaon,Maharashtra,21.0429,75.0615
425421,Dhule,Maharashtra,21.3502,74.8787
425422,Nandurbar,Maharashtra,21.5456,74.4675
425423,Nandurbar,Maharashtra,21.5456,74.4675
425424,Nandurbar,Maharashtra,21.5589,74.5652
425426,Nandurbar,Maharashtra,21.1581,74.0157
425427,Dhule,Maharashtra,21.3502,74.8787
425428,Dhule,Maharashtra,21.3502,74.8787
425432,Nandurbar,Maharashtra,21.6251,74.5584
425442,Nandurbar,Maharashtra,21.5600,74.2104
425444,Nandurbar,Maharashtra,21.5456,74.4675
425452,Nandurbar,Maharashtra,21.8031,74.1333
425501,Jalgaon,Maharashtra,20.9016,74.7824
425502,Jalgaon,Maharashtra,20.9016,74.7824
425503,Jalgaon,Maharashtra,20.9016,74.7824
425504,Jalgaon,Maharashtra,20.9016,74.7824
425505,Jalgaon,Maharashtra,20.9016,74.7824
425506,Jalgaon,Maharashtra,20.9016,74.7824
425507,Jalgaon,Maharashtra,20.9016,74.7824
425508,Jalgaon,Maharashtra,20.9016,74.7824
425524,Jalgaon,Maharashtra,20.9016,74.7824
431001,Aurangabad,Maharashtra,19.8769,75.3439
431002,Aurangabad,Maharashtra,19.8762,75.2814
431003,Aurangabad,Maharashtra,,
431004,Aurangabad,Maharashtra,,
431005,Aurangabad,Maharashtra,19.8760,75.3430
431006,Aurangabad,Maharashtra,,
431007,Aurangabad,Maharashtra,19.8762,75.3439
431008,Aurangabad,Maharashtra,19.8762,75.3433
431009,Aurangabad,Maharashtra,,
431010,Aurangabad,Maharashtra,,
431011,Aurangabad,Maharashtra,19.8359,75.2917
431101,Aurangabad,Maharashtra,20.0117,75.2356
431102,Aurangabad,Maharashtra,20.0776,75.1833
431103,Aurangabad,Maharashtra,20.2667,75.1333
431104,Aurangabad,Maharashtra,20.2667,75.1333
431105,Aurangabad,Maharashtra,19.6548,75.3696
431107,Aurangabad,Maharashtra,19.5094,75.4417
431109,Aurangabad,Maharashtra,19.6988,75.0085
431110,Aurangabad,Maharashtra,19.6988,75.0085
431111,Aurangabad,Maharashtra,,
431112,Aurangabad,Maharashtra,20.0213,75.2858
431113,Aurangabad,Maharashtra,20.1183,75.4686
431114,Jalna,Maharashtra,20.3026,75.7519
431115,Aurangabad,Maharashtra,20.0839,75.0055
431116,Aurangabad,Maharashtra,,
431117,Aurangabad,Maharashtra,,
431118,Aurangabad,Maharashtra,20.1155,75.0290
431120,Aurangabad,Maharashtra,,
431121,Aurangabad,Maharashtra,19.7102,75.5306
431122,Beed,Maharashtra,18.9915,75.7639
431123,Beed,Maharashtra,18.7280,76.0373
431124,Beed,Maharashtra,18.9152,76.0798
431125,Beed,Maharashtra,18.8130,75.7919
431126,Beed,Maharashtra,18.7138,75.7430
431127,Beed,Maharashtra,19.3138,75.8118
431128,Beed,Maharashtra,18.9744,76.2592
431129,Beed,Maharashtra,19.2080,75.9978
431130,Beed,Maharashtra,19.2327,75.5859
431131,Beed,Maharashtra,19.0478,76.1617
431132,Jalna,Maharashtra,20.2541,75.7690
431133,Aurangabad,Maharashtra,19.6988,75.0085
431134,Aurangabad,Maharashtra,,
431135,Aurangabad,Maharashtra,20.1183,75.4686
431136,Aurangabad,Maharashtra,,
431137,Aurangabad,Maharashtra,,
431142,Beed,Maharashtra,19.1878,76.1516
431143,Beed,Maharashtra,19.1499,75.7459
431144,Beed,Maharashtra,18.9868,76.0464
431147,Aurangabad,Maharashtra,20.2667,75.1333
431148,Aurangabad,Maharashtra,19.5485,75.4273
431150,Aurangabad,Maharashtra,,
431151,Aurangabad,Maharashtra,20.2161,75.4485
431152,Aurangabad,Maharashtra,19.9387,75.3572
431153,Beed,Maharashtra,19.0446,75.8665
431154,Aurangabad,Maharashtra,19.8762,75.3433
431202,Jalna,Maharashtra,19.8692,75.7226
431203,Jalna,Maharashtra,19.8400,75.8900
431204,Jalna,Maharashtra,19.6148,75.7850
431205,Jalna,Maharashtra,19.6143,75.7850
431206,Jalna,Maharashtra,20.2712,76.0224
431207,Jalna,Maharashtra,19.8524,75.8065
431208,Jalna,Maharashtra,19.8391,75.8904
431209,Jalna,Maharashtra,19.8391,75.8904
431211,Jalna,Maharashtra,19.8391,75.8904
431212,Jalna,Maharashtra,19.8639,75.6720
431213,Jalna,Maharashtra,20.3326,75.7138
431214,Jalna,Maharashtra,20.3326,75.7138
431215,Jalna,Maharashtra,20.3026,75.7519
431401,Parbhani,Maharashtra,,
431402,Parbhani,Maharashtra,20.2311,75.4485
431501,Jalna,Maharashtra,20.2311,75.4485
431502,Jalna,Maharashtra,20.2311,75.4485
431503,Parbhani,Maharashtra,20.2311,75.4485
431504,Jalna,Maharashtra,20.2311,75.4485
431505,Parbhani,Maharashtra,,
431506,Parbhani,Maharashtra,20.2311,75.4485
431507,Jalna,Maharashtra,20.2311,75.4485
431508,Parbhani,Maharashtra,20.2311,75.4485
431509,Parbhani,Maharashtra,20.2311,75.4485
431510,Parbhani,Maharashtra,20.2311,75.4485
431511,Parbhani,Maharashtra,20.2311,75.4485
431512,Hingoli,Maharashtra,,
431513,Hingoli,Maharashtra,19.7040,77.1622
431514,Parbhani,Maharashtra,20.2311,75.4485
431515,Beed,Maharashtra,18.9956,75.7919
431516,Parbhani,Maharashtra,20.2311,75.4485
431517,Beed,Maharashtra,18.6333,76.1117
431518,Beed,Maharashtra,18.9524,75.6991
431519,Beed,Maharashtra,18.9956,75.7919
431520,Beed,Maharashtra,18.9956,75.7919
431521,Parbhani,Maharashtra,20.2311,75.4485
431522,Latur,Maharashtra,18.5896,76.5965
431523,Beed,Maharashtra,,
431530,Beed,Maharashtra,18.9336,75.4024
431536,Parbhani,Maharashtra,20.2311,75.4485
431537,Parbhani,Maharashtra,20.2311,75.4485
431540,Parbhani,Maharashtra,20.2311,75.4485
431541,Parbhani,Maharashtra,20.2311,75.4485
431542,Hingoli,Maharashtra,,
431601,Nanded,Maharashtra,19.2000,77.4000
431602,Nanded,Maharashtra,19.2000,77.4000
431603,Nanded,Maharashtra,19.2000,77.4000
431604,Nanded,Maharashtra,19.2000,77.4000
431605,Nanded,Maharashtra,19.2000,77.4000
431606,Nanded,Maharashtra,19.2000,77.4000
431701,Hingoli,Maharashtra,19.2696,76.7741
431702,Hingoli,Maharashtra,19.7040,77.1622
431703,Hingoli,Maharashtra,,
431704,Nanded,Maharashtra,19.2000,77.4000
431705,Hingoli,Maharashtra,19.5418,77.1074
431707,Nanded,Maharashtra,19.2000,77.4000
431708,Nanded,Maharashtra,19.2000,77.4000
431709,Nanded,Maharashtra,19.2000,77.4000
431710,Nanded,Maharashtra,19.2000,77.4000
431711,Nanded,Maharashtra,19.2000,77.4000
431712,Nanded,Maharashtra,19.2000,77.4000
431713,Nanded,Maharashtra,19.2000,77.4000
431714,Nanded,Maharashtra,19.2000,77.4000
431715,Nanded,Maharashtra,19.2000,77.4000
431716,Nanded,Maharashtra,19.2000,77.4000
431717,Nanded,Maharashtra,19.2000,77.4000
431718,Nanded,Maharashtra,19.2000,77.4000
431719,Nanded,Maharashtra,19.2000,77.4000
431720,Parbhani,Maharashtra,20.2311,75.4485
431721,Nanded,Maharashtra,19.2000,77.4000
431722,Nanded,Maharashtra,19.2000,77.4000
431723,Nanded,Maharashtra,19.2000,77.4000
431731,Nanded,Maharashtra,19.2000,77.4000
431736,Nanded,Maharashtra,19.2000,77.4000
431741,Nanded,Maharashtra,19.2000,77.4000
431742,Nanded,Maharashtra,19.2000,77.4000
431743,Nanded,Maharashtra,19.2000,77.4000
431745,Nanded,Maharashtra,19.2000,77.4000
431746,Nanded,Maharashtra,19.2000,77.4000
431750,Nanded,Maharashtra,19.2000,77.4000
431801,Nanded,Maharashtra,19.2000,77.4000
431802,Nanded,Maharashtra,19.2000,77.4000
431803,Nanded,Maharashtra,19.2000,77.4000
431804,Nanded,Maharashtra,19.2000,77.4000
431805,Nanded,Maharashtra,19.2000,77.4000
431806,Nanded,Maharashtra,19.2000,77.4000
431807,Nanded,Maharashtra,19.2000,77.4000
431808,Nanded,Maharashtra,19.2000,77.4000
431809,Nanded,Maharashtra,19.2000,77.4000
431810,Nanded,Maharashtra,19.2000,77.4000
431811,Nanded,Maharashtra,19.2000,77.4000
440001,Nagpur,Maharashtra,21.1400,79.0698
440002,Nagpur,Maharashtra,21.3726,79.1104
440003,Nagpur,Maharashtra,21.1295,79.0882
440005,Nagpur,Maharashtra,,
440006,Nagpur,Maharashtra,21.1649,79.0524
440007,Nagpur,Maharashtra,21.1647,79.0347
440008,Nagpur,Maharashtra,21.1464,79.1213
440010,Nagpur,Maharashtra,21.1373,79.0599
440012,Nagpur,Maharashtra,21.1391,79.0804
440013,Nagpur,Maharashtra,21.1750,79.0624
440014,Nagpur,Maharashtra,21.1736,79.0901
440015,Nagpur,Maharashtra,21.1159,79.0696
440016,Nagpur,Maharashtra,21.1256,79.0081
440017,Nagpur,Maharashtra,21.1706,79.1077
440018,Nagpur,Maharashtra,21.1513,79.0971
440019,Nagpur,Maharashtra,21.0933,79.0100
440020,Nagpur,Maharashtra,21.1226,79.0733
440021,Nagpur,Maharashtra,21.1293,79.0490
440022,Nagpur,Maharashtra,21.1368,79.0801
440023,Nagpur,Maharashtra,21.1389,78.8734
440024,Nagpur,Maharashtra,21.1215,79.1103
440025,Nagpur,Maharashtra,21.1106,79.0610
440026,Nagpur,Maharashtra,21.1924,79.1039
440027,Nagpur,Maharashtra,21.1166,79.0974
440030,Nagpur,Maharashtra,21.1655,79.0744
440032,Nagpur,Maharashtra,21.1522,79.0692
440033,Nagpur,Maharashtra,21.1522,79.0692
440034,Nagpur,Maharashtra,21.0991,79.1222
440035,Nagpur,Maharashtra,,
440036,Nagpur,Maharashtra,21.1092,79.0219
440037,Nagpur,Maharashtra,21.0988,79.0986
441001,Nagpur,Maharashtra,21.2275,79.1901
441101,Nagpur,Maharashtra,21.2559,78.9602
441102,Nagpur,Maharashtra,21.2716,79.1471
441103,Nagpur,Maharashtra,21.1670,78.6435
441104,Nagpur,Maharashtra,21.1457,79.3402
441105,Nagpur,Maharashtra,21.3707,79.1556
441106,Nagpur,Maharashtra,21.3356,79.3346
441107,Nagpur,Maharashtra,21.3856,78.9218
441108,Nagpur,Maharashtra,20.9483,79.0373
441109,Nagpur,Maharashtra,21.1597,79.0723
441110,Nagpur,Maharashtra,21.0683,78.9613
441111,Nagpur,Maharashtra,21.2678,79.0620
441112,Nagpur,Maharashtra,21.4609,78.8832
441113,Nagpur,Maharashtra,21.3321,79.0198
441122,Nagpur,Maharashtra,20.9448,78.9811
441123,Nagpur,Maharashtra,21.2115,79.0686
441201,Nagpur,Maharashtra,,
441202,Nagpur,Maharashtra,21.0709,79.2944
441203,Nagpur,Maharashtra,20.8489,79.3304
441204,Nagpur,Maharashtra,21.0802,79.1462
441205,Chandrapur,Maharashtra,20.5468,79.3772
441206,Chandrapur,Maharashtra,20.0204,79.2802
441207,Gadchiroli,Maharashtra,19.6710,79.8243
441208,Gadchiroli,Maharashtra,20.4279,79.9696
441209,Gadchiroli,Maharashtra,19.9329,80.0172
441210,Nagpur,Maharashtra,20.9465,79.5133
441212,Chandrapur,Maharashtra,19.9465,79.2986
441214,Nagpur,Maharashtra,21.1466,79.1448
441215,Chandrapur,Maharashtra,19.9465,79.4535
441217,Gadchiroli,Maharashtra,19.6171,79.8449
441221,Chandrapur,Maharashtra,20.4386,79.6446
441222,Chandrapur,Maharashtra,20.2825,79.6262
441223,Chandrapur,Maharashtra,20.3258,79.5846
441224,Chandrapur,Maharashtra,20.0853,79.5674
441225,Chandrapur,Maharashtra,20.0794,79.5862
441226,Chandrapur,Maharashtra,19.9569,79.7049
441301,Nagpur,Maharashtra,,
441302,Nagpur,Maharashtra,21.3070,78.6892
441303,Nagpur,Maharashtra,,
441304,Nagpur,Maharashtra,21.0402,79.1107
441305,Nagpur,Maharashtra,21.3140,78.9758
441306,Nagpur,Maharashtra,21.2721,78.9083
441401,Nagpur,Maharashtra,21.2410,79.2408
441404,Nagpur,Maharashtra,21.2370,79.2079
441501,Nagpur,Maharashtra,21.2305,78.9174
441502,Nagpur,Maharashtra,21.3090,78.8312
441601,Gondia,Maharashtra,21.4883,80.2147
441614,Gondia,Maharashtra,21.4607,80.1516
441701,Gondia,Maharashtra,21.0523,80.1474
441702,Gondia,Maharashtra,20.9228,80.2685
441801,Gondia,Maharashtra,21.3172,80.1677
441802,Bhandara,Maharashtra,21.1096,79.9876
441803,Bhandara,Maharashtra,20.7572,79.8593
441804,Bhandara,Maharashtra,21.0891,79.8045
441805,Bhandara,Maharashtra,20.8754,79.8829
441806,Gondia,Maharashtra,21.0667,80.1854
441807,Gondia,Maharashtra,21.1960,80.2565
441809,Bhandara,Maharashtra,21.0320,79.8479
441901,Gondia,Maharashtra,21.0560,80.3881
441902,Gondia,Maharashtra,21.3045,80.3848
441903,Bhandara,Maharashtra,20.9130,79.6937
441904,Bhandara,Maharashtra,21.1701,79.6548
441905,Bhandara,Maharashtra,21.2394,79.7007
441906,Bhandara,Maharashtra,21.1505,79.5912
441907,Bhandara,Maharashtra,21.5214,79.7242
441908,Bhandara,Maharashtra,20.8846,79.7260
441909,Bhandara,Maharashtra,21.3101,79.6725
441910,Bhandara,Maharashtra,20.7939,79.6368
441911,Gondia,Maharashtra,21.3655,79.9333
441912,Bhandara,Maharashtra,21.4259,79.7119
441913,Bhandara,Maharashtra,21.1788,79.7581
441914,Bhandara,Maharashtra,21.3742,79.5997
441915,Bhandara,Maharashtra,21.4602,79.8381
441916,Gondia,Maharashtra,21.3456,80.4891
441924,Bhandara,Maharashtra,21.1044,79.6791
442001,Wardha,Maharashtra,20.7222,78.6018
442003,Wardha,Maharashtra,20.7341,78.5931
442101,Wardha,Maharashtra,20.6471,78.4865
442102,Wardha,Maharashtra,20.7284,78.7100
442104,Wardha,Maharashtra,20.8365,78.7060
442105,Wardha,Maharashtra,20.8160,78.8852
442106,Wardha,Maharashtra,20.9677,78.4744
442107,Wardha,Maharashtra,,
442111,Wardha,Maharashtra,20.7818,78.6682
442201,Wardha,Maharashtra,20.9487,78.2251
442202,Wardha,Maharashtra,,
442203,Wardha,Maharashtra,21.1551,78.4739
442301,Wardha,Maharashtra,20.5545,78.8362
442302,Wardha,Maharashtra,20.7221,78.3660
442303,Wardha,Maharashtra,20.7153,78.3393
442304,Wardha,Maharashtra,20.5693,78.7474
442305,Wardha,Maharashtra,20.6398,78.6125
442306,Wardha,Maharashtra,20.6198,78.3373
442307,Wardha,Maharashtra,20.4967,78.7428
442401,Chandrapur,Maharashtra,19.9507,79.2932
442402,Chandrapur,Maharashtra,19.9401,79.2955
442403,Chandrapur,Maharashtra,19.9303,79.3393
442404,Chandrapur,Maharashtra,20.0659,79.2987
442406,Chandrapur,Maharashtra,19.9986,79.2298
442501,Chandrapur,Maharashtra,20.1171,79.1494
442502,Chandrapur,Maharashtra,19.9194,79.1098
442503,Chandrapur,Maharashtra,20.1296,79.0305
442504,Gadchiroli,Maharashtra,19.6493,79.9644
442505,Chandrapur,Maharashtra,19.9406,79.1238
442507,Chandrapur,Maharashtra,19.9228,79.3113
442603,Gadchiroli,Maharashtra,19.9300,79.9196
442604,Gadchiroli,Maharashtra,19.8109,80.0786
442605,Gadchiroli,Maharashtra,20.2180,80.0107
442606,Gadchiroli,Maharashtra,20.1255,80.1931
442701,Chandrapur,Maharashtra,19.8801,79.3582
442702,Chandrapur,Maharashtra,20.1857,78.9631
442703,Gadchiroli,Maharashtra,,
442704,Gadchiroli,Maharashtra,20.0131,79.8388
442705,Gadchiroli,Maharashtra,,
442707,Gadchiroli,Maharashtra,19.7226,79.8255
442709,Gadchiroli,Maharashtra,19.7263,79.8105
442710,Gadchiroli,Maharashtra,19.8848,80.2424
442901,Chandrapur,Maharashtra,19.8612,79.3418
442902,Chandrapur,Maharashtra,20.0881,79.1655
442903,Chandrapur,Maharashtra,20.5293,79.4271
442904,Chandrapur,Maharashtra,20.4444,79.4929
442905,Chandrapur,Maharashtra,19.8205,79.2987
442906,Chandrapur,Maharashtra,20.3027,79.2182
442907,Chandrapur,Maharashtra,20.2586,79.0091
442908,Chandrapur,Maharashtra,19.9100,79.2121
442914,Chandrapur,Maharashtra,20.2574,79.0216
442916,Chandrapur,Maharashtra,20.1320,79.1182
442917,Chandrapur,Maharashtra,19.7868,79.1319
442918,Chandrapur,Maharashtra,19.9228,79.6070
442919,Gadchiroli,Maharashtra,19.6788,80.0051
443001,Buldhana,Maharashtra,20.5336,76.1795
443002,Buldhana,Maharashtra,20.5046,76.1843
443101,Buldhana,Maharashtra,20.8824,76.1796
443102,Buldhana,Maharashtra,20.7998,76.2047
443103,Buldhana,Maharashtra,20.6745,76.2059
443104,Buldhana,Maharashtra,20.6677,76.0344
443106,Buldhana,Maharashtra,20.4672,76.1843
443112,Buldhana,Maharashtra,20.8898,76.1965
443201,Buldhana,Maharashtra,20.3123,76.2421
443202,Buldhana,Maharashtra,20.2121,76.3709
443203,Buldhana,Maharashtra,20.7001,76.5679
443204,Buldhana,Maharashtra,20.1792,76.2011
443206,Buldhana,Maharashtra,20.0878,76.2240
443301,Buldhana,Maharashtra,20.1397,76.5636
443302,Buldhana,Maharashtra,20.5204,76.1132
443303,Buldhana,Maharashtra,20.1506,76.5677
443304,Buldhana,Maharashtra,20.2237,76.5676
443308,Buldhana,Maharashtra,,
443401,Buldhana,Maharashtra,20.8851,76.3366
443402,Buldhana,Maharashtra,20.5803,76.2154
443403,Buldhana,Maharashtra,,
443404,Buldhana,Maharashtra,20.8274,76.4593
444001,Akola,Maharashtra,20.7100,77.0000
444002,Akola,Maharashtra,20.7173,76.9803
444003,Akola,Maharashtra,20.8150,77.1200
444004,Akola,Maharashtra,20.6736,77.0113
444005,Akola,Maharashtra,20.7200,77.0300
444006,Akola,Maharashtra,20.7108,76.9900
444007,Akola,Maharashtra,20.6968,76.9757
444101,Akola,Maharashtra,21.0700,77.0700
444102,Akola,Maharashtra,20.7251,77.2150
444103,Akola,Maharashtra,21.1312,76.8747
444104,Akola,Maharashtra,20.7000,77.0500
444105,Washim,Maharashtra,20.4850,77.5174
444106,Akola,Maharashtra,20.7800,77.4800
444107,Akola,Maharashtra,20.7100,77.3600
444108,Akola,Maharashtra,20.9800,76.8700
444109,Akola,Maharashtra,20.7500,76.8700
444110,Washim,Maharashtra,20.5900,77.4700
444111,Akola,Maharashtra,20.9000,77.0500
444117,Akola,Maharashtra,21.0300,76.9928
444126,Akola,Maharashtra,21.1174,76.9500
444201,Buldhana,Maharashtra,,
444202,Buldhana,Maharashtra,20.5336,76.1795
444203,Buldhana,Maharashtra,20.1803,76.2155
444204,Buldhana,Maharashtra,,
444301,Buldhana,Maharashtra,20.3978,76.4639
444302,Akola,Maharashtra,20.6619,76.8550
444303,Buldhana,Maharashtra,20.3485,76.1132
444304,Buldhana,Maharashtra,20.8505,76.5602
444306,Buldhana,Maharashtra,20.7345,76.4485
444311,Akola,Maharashtra,20.8600,76.8100
444312,Buldhana,Maharashtra,20.7036,76.5984
444401,Akola,Maharashtra,20.5500,77.0800
444402,Washim,Maharashtra,20.3600,77.2500
444403,Washim,Maharashtra,20.2650,77.4300
444404,Washim,Maharashtra,20.1800,77.5900
444405,Akola,Maharashtra,20.4800,77.1900
444407,Akola,Maharashtra,20.5684,77.2495
444409,Washim,Maharashtra,20.2100,77.3250
444501,Akola,Maharashtra,20.4900,76.8450
444502,Akola,Maharashtra,20.5997,76.8552
444503,Washim,Maharashtra,20.2550,76.9900
444504,Washim,Maharashtra,20.1100,76.9000
444505,Washim,Maharashtra,20.1400,77.1600
444506,Washim,Maharashtra,20.0300,76.8700
444507,Washim,Maharashtra,20.0400,77.2700
444510,Washim,Maharashtra,20.0350,76.9900
444511,Akola,Maharashtra,20.4250,76.8450
444601,Amravati,Maharashtra,20.9339,77.7480
444602,Amravati,Maharashtra,20.9035,77.6350
444603,Amravati,Maharashtra,20.9299,77.7523
444604,Amravati,Maharashtra,20.9531,77.7595
444605,Amravati,Maharashtra,20.9401,77.7399
444606,Amravati,Maharashtra,20.9285,77.7516
444607,Amravati,Maharashtra,20.8971,77.7439
444701,Amravati,Maharashtra,20.7800,77.7200
444702,Amravati,Maharashtra,21.1300,77.5400
444704,Amravati,Maharashtra,21.2386,77.7150
444705,Amravati,Maharashtra,21.1400,77.3088
444706,Amravati,Maharashtra,20.9300,77.2550
444707,Amravati,Maharashtra,21.2150,77.9500
444708,Amravati,Maharashtra,20.6900,77.8350
444709,Amravati,Maharashtra,20.9400,78.0900
444710,Amravati,Maharashtra,,
444711,Amravati,Maharashtra,20.8800,77.6600
444717,Amravati,Maharashtra,21.3480,77.3650
444719,Amravati,Maharashtra,,
444720,Amravati,Maharashtra,21.3036,77.6343
444723,Amravati,Maharashtra,21.2300,77.6200
444801,Amravati,Maharashtra,21.0400,77.6800
444802,Amravati,Maharashtra,20.9500,77.5200
444803,Amravati,Maharashtra,20.9700,77.3650
444804,Amravati,Maharashtra,21.0600,77.5500
444805,Amravati,Maharashtra,21.2981,77.5161
444806,Amravati,Maharashtra,21.2500,77.5100
444807,Amravati,Maharashtra,21.4050,77.3750
444808,Amravati,Maharashtra,21.2600,77.3678
444809,Amravati,Maharashtra,21.3300,77.6400
444810,Amravati,Maharashtra,21.3378,77.6792
444813,Amravati,Maharashtra,21.3000,77.8300
444901,Amravati,Maharashtra,21.1000,77.8900
444902,Amravati,Maharashtra,21.0400,77.9900
444903,Amravati,Maharashtra,21.0600,78.0700
444904,Amravati,Maharashtra,20.8800,77.9400
444905,Amravati,Maharashtra,21.3000,77.9450
444906,Amravati,Maharashtra,,
444907,Amravati,Maharashtra,,
444908,Amravati,Maharashtra,21.1500,78.1000
444915,Amravati,Maharashtra,21.1450,77.8400
445001,Yavatmal,Maharashtra,20.4131,78.1338
445002,Yavatmal,Maharashtra,20.3942,78.1292
445101,Yavatmal,Maharashtra,,
445102,Yavatmal,Maharashtra,,
445103,Yavatmal,Maharashtra,20.0629,77.9513
445105,Yavatmal,Maharashtra,20.3850,78.1190
445106,Yavatmal,Maharashtra,19.9563,78.1132
445109,Yavatmal,Maharashtra,20.1666,78.1498
445110,Yavatmal,Maharashtra,,
445201,Yavatmal,Maharashtra,20.3476,77.8629
445202,Yavatmal,Maharashtra,20.3127,77.7687
445203,Yavatmal,Maharashtra,20.1052,77.7136
445204,Yavatmal,Maharashtra,,
445205,Yavatmal,Maharashtra,20.3850,78.1190
445206,Yavatmal,Maharashtra,,
445207,Yavatmal,Maharashtra,20.3850,78.1190
445209,Yavatmal,Maharashtra,,
445210,Yavatmal,Maharashtra,,
445211,Yavatmal,Maharashtra,,
445215,Yavatmal,Maharashtra,,
445216,Yavatmal,Maharashtra,,
445230,Yavatmal,Maharashtra,19.7228,77.8762
445301,Yavatmal,Maharashtra,20.1407,78.3126
445302,Yavatmal,Maharashtra,20.0232,78.5459
445303,Yavatmal,Maharashtra,,
445304,Yavatmal,Maharashtra,,
445305,Yavatmal,Maharashtra,,
445306,Yavatmal,Maharashtra,19.9908,78.3394
445307,Yavatmal,Maharashtra,,
445308,Yavatmal,Maharashtra,,
445323,Yavatmal,Maharashtra,,
445324,Yavatmal,Maharashtra,,
445401,Yavatmal,Maharashtra,20.3850,78.1190
445402,Yavatmal,Maharashtra,,
450001,East Nimar,Madhya Pradesh,21.8000,76.3614
450051,East Nimar,Madhya Pradesh,21.8271,76.5777
450110,East Nimar,Madhya Pradesh,21.9220,76.5925
450112,East Nimar,Madhya Pradesh,22.1162,76.4403
450114,East Nimar,Madhya Pradesh,22.1800,76.2797
450116,East Nimar,Madhya Pradesh,21.9815,76.7153
450117,East Nimar,Madhya Pradesh,21.8621,76.6918
450119,East Nimar,Madhya Pradesh,21.8229,76.3519
450221,Burhanpur,Madhya Pradesh,21.4733,76.4838
450331,Burhanpur,Madhya Pradesh,21.3106,76.2518
450332,Burhanpur,Madhya Pradesh,21.3787,76.6277
450337,East Nimar,Madhya Pradesh,21.6416,76.2949
450445,Burhanpur,Madhya Pradesh,21.1972,76.2652
450551,East Nimar,Madhya Pradesh,22.1189,76.2476
450554,East Nimar,Madhya Pradesh,21.8460,76.4954
450661,East Nimar,Madhya Pradesh,21.7002,76.1472
450771,East Nimar,Madhya Pradesh,21.8087,76.2790
450881,East Nimar,Madhya Pradesh,21.6603,76.5296
450991,East Nimar,Madhya Pradesh,21.9684,76.4634
451001,Khargone,Madhya Pradesh,21.8186,75.5888
451111,Khargone,Madhya Pradesh,22.1401,76.0600
451113,Khargone,Madhya Pradesh,21.9999,75.8596
451115,Khargone,Madhya Pradesh,22.2696,76.0174
451220,Khargone,Madhya Pradesh,22.2870,75.8588
451221,Khargone,Madhya Pradesh,22.2291,75.6909
451224,Khargone,Madhya Pradesh,22.2264,75.5666
451225,Khargone,Madhya Pradesh,22.1983,75.7863
451228,Khargone,Madhya Pradesh,22.0922,75.6090
451331,Khargone,Madhya Pradesh,21.8912,75.9009
451332,Khargone,Madhya Pradesh,21.7737,75.9956
451335,Khargone,Madhya Pradesh,21.9083,75.7484
451440,Khargone,Madhya Pradesh,21.8465,75.4228
451441,Khargone,Madhya Pradesh,21.7324,75.6161
451442,Khargone,Madhya Pradesh,21.9132,75.3587
451447,Barwani,Madhya Pradesh,21.8440,75.0333
451449,Barwani,Madhya Pradesh,21.8349,75.2537
451551,Barwani,Madhya Pradesh,22.0217,74.8284
451556,Barwani,Madhya Pradesh,22.0231,75.0935
451660,Barwani,Madhya Pradesh,22.0724,75.2789
451666,Barwani,Madhya Pradesh,21.6707,75.1083
451770,Barwani,Madhya Pradesh,21.7005,74.8261
451881,Barwani,Madhya Pradesh,22.0043,75.3120
452001,Indore,Madhya Pradesh,22.7148,75.8813
452002,Indore,Madhya Pradesh,22.7118,75.8487
452003,Indore,Madhya Pradesh,22.5865,75.6962
452005,Indore,Madhya Pradesh,22.7247,75.8239
452006,Indore,Madhya Pradesh,22.7263,75.8457
452007,Indore,Madhya Pradesh,22.7185,75.8594
452009,Indore,Madhya Pradesh,22.6916,75.8280
452010,Indore,Madhya Pradesh,22.7561,75.8752
452011,Indore,Madhya Pradesh,22.7411,75.8841
452012,Indore,Madhya Pradesh,,
452013,Indore,Madhya Pradesh,22.6694,75.8135
452014,Indore,Madhya Pradesh,22.6990,75.8575
452015,Indore,Madhya Pradesh,22.5884,75.6797
452016,Indore,Madhya Pradesh,22.7180,75.9666
452018,Indore,Madhya Pradesh,22.7175,75.8963
452020,Indore,Madhya Pradesh,22.6200,75.9260
453001,Indore,Madhya Pradesh,22.7248,75.6150
453111,Indore,Madhya Pradesh,22.8291,75.7300
453112,Indore,Madhya Pradesh,22.7078,75.8469
453115,Indore,Madhya Pradesh,22.8500,75.5825
453220,Indore,Madhya Pradesh,22.9706,75.5329
453331,Indore,Madhya Pradesh,22.6191,75.5684
453441,Indore,Madhya Pradesh,22.5517,75.7654
453446,Indore,Madhya Pradesh,,
453551,Indore,Madhya Pradesh,22.8760,75.7531
453552,Indore,Madhya Pradesh,22.5390,75.9114
453555,Indore,Madhya Pradesh,22.7078,75.8792
453556,Indore,Madhya Pradesh,22.7078,75.8792
453661,Indore,Madhya Pradesh,22.5381,75.6841
453771,Indore,Madhya Pradesh,22.8575,75.9550
454001,Dhar,Madhya Pradesh,22.6000,75.3000
454010,Dhar,Madhya Pradesh,22.5506,75.4224
454111,Dhar,Madhya Pradesh,22.7311,75.0517
454116,Dhar,Madhya Pradesh,22.6501,74.9094
454221,Dhar,Madhya Pradesh,22.4400,75.5000
454331,Dhar,Madhya Pradesh,,
454335,Dhar,Madhya Pradesh,,
454441,Dhar,Madhya Pradesh,22.7477,75.1319
454446,Dhar,Madhya Pradesh,22.3307,75.0870
454449,Dhar,Madhya Pradesh,22.2509,75.3117
454552,Dhar,Madhya Pradesh,22.2276,75.4451
454660,Dhar,Madhya Pradesh,23.0211,75.2316
454665,Dhar,Madhya Pradesh,22.8457,75.2304
454773,Dhar,Madhya Pradesh,22.6716,75.4665
454774,Dhar,Madhya Pradesh,22.6102,75.5611
454775,Dhar,Madhya Pradesh,22.6173,75.6865
455001,Dewas,Madhya Pradesh,22.9612,76.0514
455111,Dewas,Madhya Pradesh,22.8977,76.0524
455115,Dewas,Madhya Pradesh,22.9764,76.2214
455116,Dewas,Madhya Pradesh,23.1451,76.2957
455118,Dewas,Madhya Pradesh,22.9611,76.3754
455221,Dewas,Madhya Pradesh,22.7631,76.1914
455223,Dewas,Madhya Pradesh,22.7740,76.2885
455227,Dewas,Madhya Pradesh,22.6423,76.3499
455332,Dewas,Madhya Pradesh,22.9624,76.0496
455336,Dewas,Madhya Pradesh,,
455339,Dewas,Madhya Pradesh,23.1531,76.3956
455440,Dewas,Madhya Pradesh,22.6595,76.5445
455459,Dewas,Madhya Pradesh,,
456001,Ujjain,Madhya Pradesh,23.1809,75.7829
456003,Ujjain,Madhya Pradesh,23.2245,75.7763
456006,Ujjain,Madhya Pradesh,23.1809,75.7797
456010,Ujjain,Madhya Pradesh,23.1674,75.7964
456221,Ujjain,Madhya Pradesh,23.3441,75.5600
456222,Ujjain,Madhya Pradesh,23.1444,75.5309
456224,Ujjain,Madhya Pradesh,23.4319,75.3354
456313,Ujjain,Madhya Pradesh,23.2200,75.3704
456331,Ujjain,Madhya Pradesh,23.4526,75.4052
456335,Ujjain,Madhya Pradesh,23.4487,75.4359
456337,Ujjain,Madhya Pradesh,23.3160,75.4791
456440,Ujjain,Madhya Pradesh,23.5307,75.5801
456441,Ujjain,Madhya Pradesh,23.6296,75.7662
456443,Ujjain,Madhya Pradesh,23.4469,75.7110
456550,Ujjain,Madhya Pradesh,23.3858,75.8667
456661,Ujjain,Madhya Pradesh,23.1809,75.9028
456664,Ujjain,Madhya Pradesh,23.0899,75.8747
456665,Ujjain,Madhya Pradesh,23.3301,76.0420
456668,Ujjain,Madhya Pradesh,23.4726,76.0712
456770,Ujjain,Madhya Pradesh,23.3644,76.1841
456771,Ujjain,Madhya Pradesh,23.0859,75.4286
456776,Ujjain,Madhya Pradesh,23.2591,75.5656
457001,Ratlam,Madhya Pradesh,23.3300,75.0300
457114,Ratlam,Madhya Pradesh,,
457118,Ratlam,Madhya Pradesh,23.7200,75.3700
457119,Ratlam,Madhya Pradesh,23.3312,75.0374
457222,Ratlam,Madhya Pradesh,23.4500,75.0600
457226,Ratlam,Madhya Pradesh,23.6400,75.1200
457331,Ratlam,Madhya Pradesh,23.3600,75.4200
457333,Ratlam,Madhya Pradesh,23.6700,74.9500
457336,Ratlam,Madhya Pradesh,23.7300,75.1800
457339,Ratlam,Madhya Pradesh,23.3300,75.0300
457340,Ratlam,Madhya Pradesh,23.7200,75.0000
457441,Ratlam,Madhya Pradesh,23.2200,75.1400
457550,Ratlam,Madhya Pradesh,23.4500,74.9200
457555,Ratlam,Madhya Pradesh,23.3100,74.6300
457661,Jhabua,Madhya Pradesh,22.7600,74.5900
457770,Jhabua,Madhya Pradesh,22.8847,74.6150
457772,Jhabua,Madhya Pradesh,23.1500,74.5908
457773,Jhabua,Madhya Pradesh,23.0100,74.7900
457775,Jhabua,Madhya Pradesh,22.8978,74.7981
457777,Jhabua,Madhya Pradesh,23.0000,74.5700
457779,Jhabua,Madhya Pradesh,22.9000,74.5400
457882,Alirajpur,Madhya Pradesh,22.5800,74.4100
457885,Alirajpur,Madhya Pradesh,22.5000,74.1400
457887,Alirajpur,Madhya Pradesh,22.3000,74.3500
457888,Alirajpur,Madhya Pradesh,22.1100,74.3700
457990,Alirajpur,Madhya Pradesh,22.4100,74.5600
457993,Jhabua,Madhya Pradesh,22.6400,74.5200
458001,Mandsaur,Madhya Pradesh,,
458002,Mandsaur,Madhya Pradesh,,
458110,Neemuch,Madhya Pradesh,24.4528,75.1532
458113,Neemuch,Madhya Pradesh,24.5495,75.1137
458116,Neemuch,Madhya Pradesh,24.4433,75.2443
458118,Neemuch,Madhya Pradesh,24.4768,75.1437
458220,Neemuch,Madhya Pradesh,24.5942,74.8627
458226,Neemuch,Madhya Pradesh,24.7290,74.9971
458228,Neemuch,Madhya Pradesh,24.5942,74.8627
458330,Neemuch,Madhya Pradesh,24.5942,74.8627
458336,Neemuch,Madhya Pradesh,24.2817,74.8711
458339,Mandsaur,Madhya Pradesh,,
458389,Mandsaur,Madhya Pradesh,,
458441,Neemuch,Madhya Pradesh,24.4500,74.8711
458468,Neemuch,Madhya Pradesh,24.3084,74.8827
458470,Neemuch,Madhya Pradesh,24.5836,74.8068
458553,Mandsaur,Madhya Pradesh,,
458556,Mandsaur,Madhya Pradesh,24.2503,75.1556
458558,Mandsaur,Madhya Pradesh,24.1517,75.2146
458664,Mandsaur,Madhya Pradesh,24.2839,75.4052
458667,Mandsaur,Madhya Pradesh,24.0904,75.4699
458669,Mandsaur,Madhya Pradesh,,
458771,Mandsaur,Madhya Pradesh,,
458775,Mandsaur,Madhya Pradesh,24.4919,75.7179
458778,Mandsaur,Madhya Pradesh,24.4420,75.8389
458880,Mandsaur,Madhya Pradesh,24.3186,75.6420
458883,Mandsaur,Madhya Pradesh,24.1800,75.6063
458888,Mandsaur,Madhya Pradesh,24.0950,75.5924
458895,Mandsaur,Madhya Pradesh,24.0262,75.2122
458990,Mandsaur,Madhya Pradesh,24.0291,75.3355
460001,Betul,Madhya Pradesh,21.9367,77.8682
460004,Betul,Madhya Pradesh,21.8022,77.9310
460110,Betul,Madhya Pradesh,21.5916,77.9425
460220,Betul,Madhya Pradesh,21.7065,78.1479
460225,Betul,Madhya Pradesh,21.8808,77.7978
460330,Betul,Madhya Pradesh,22.0084,77.7000
460440,Betul,Madhya Pradesh,22.1727,78.0138
460443,Betul,Madhya Pradesh,22.0775,78.0000
460447,Betul,Madhya Pradesh,22.1054,78.1782
460449,Betul,Madhya Pradesh,22.1275,78.1447
460551,Betul,Madhya Pradesh,21.9427,78.1807
460553,Betul,Madhya Pradesh,21.9014,78.0745
460554,Betul,Madhya Pradesh,,
460557,Betul,Madhya Pradesh,21.7036,78.0274
460661,Betul,Madhya Pradesh,21.7992,78.2554
460663,Betul,Madhya Pradesh,21.8286,78.4144
460665,Betul,Madhya Pradesh,21.6388,78.2168
460666,Betul,Madhya Pradesh,21.6782,78.1821
460668,Betul,Madhya Pradesh,21.6318,78.0252
461001,Hoshangabad,Madhya Pradesh,22.7456,77.7833
461005,Hoshangabad,Madhya Pradesh,22.7389,77.7142
461110,Hoshangabad,Madhya Pradesh,22.6832,77.7505
461111,Hoshangabad,Madhya Pradesh,22.5718,77.8196
461114,Hoshangabad,Madhya Pradesh,22.5948,77.7821
461115,Hoshangabad,Madhya Pradesh,22.5404,77.7051
461116,Hoshangabad,Madhya Pradesh,22.6419,77.6207
461122,Hoshangabad,Madhya Pradesh,22.5806,77.8504
461221,Hoshangabad,Madhya Pradesh,22.5434,77.5634
461223,Hoshangabad,Madhya Pradesh,22.4506,77.4954
461228,Harda,Madhya Pradesh,22.3485,77.2236
461331,Harda,Madhya Pradesh,22.3370,77.0705
461335,Harda,Madhya Pradesh,22.1542,77.0622
461441,Harda,Madhya Pradesh,22.1502,76.9060
461446,Hoshangabad,Madhya Pradesh,22.7540,77.7356
461551,Hoshangabad,Madhya Pradesh,22.3949,77.4867
461661,Hoshangabad,Madhya Pradesh,22.7244,77.9096
461668,Hoshangabad,Madhya Pradesh,22.7488,78.0481
461771,Hoshangabad,Madhya Pradesh,22.7359,78.2175
461775,Hoshangabad,Madhya Pradesh,22.7441,77.7370
461881,Hoshangabad,Madhya Pradesh,,
461990,Hoshangabad,Madhya Pradesh,22.6382,77.7807
462001,Bhopal,Madhya Pradesh,23.2644,77.4003
462002,Bhopal,Madhya Pradesh,23.2400,77.3900
462003,Bhopal,Madhya Pradesh,23.2280,77.4026
462004,Bhopal,Madhya Pradesh,23.2373,77.4195
462008,Bhopal,Madhya Pradesh,23.2529,77.4175
462010,Bhopal,Madhya Pradesh,23.3300,77.4300
462011,Bhopal,Madhya Pradesh,23.2323,77.4289
462016,Bhopal,Madhya Pradesh,23.2252,77.4213
462020,Bhopal,Madhya Pradesh,23.2000,77.4500
462022,Bhopal,Madhya Pradesh,23.2406,77.4896
462023,Bhopal,Madhya Pradesh,23.2455,77.4457
462024,Bhopal,Madhya Pradesh,23.2100,77.4435
462026,Bhopal,Madhya Pradesh,23.2150,77.4400
462027,Bhopal,Madhya Pradesh,23.2414,77.4266
462030,Bhopal,Madhya Pradesh,23.2700,77.3200
462031,Bhopal,Madhya Pradesh,23.2900,77.3200
462033,Bhopal,Madhya Pradesh,23.3118,77.3619
462036,Bhopal,Madhya Pradesh,23.3300,77.2700
462037,Bhopal,Madhya Pradesh,23.3014,77.4242
462038,Bhopal,Madhya Pradesh,23.3500,77.4200
462039,Bhopal,Madhya Pradesh,23.1918,77.4327
462040,Bhopal,Madhya Pradesh,23.2400,77.4500
462041,Bhopal,Madhya Pradesh,23.1400,77.5300
462042,Bhopal,Madhya Pradesh,23.1500,77.4300
462043,Bhopal,Madhya Pradesh,23.1918,77.4800
462044,Bhopal,Madhya Pradesh,23.1850,77.3200
462045,Bhopal,Madhya Pradesh,23.2500,77.4400
462046,Raisen,Madhya Pradesh,23.5300,78.3000
462047,Bhopal,Madhya Pradesh,23.1820,77.4447
462066,Bhopal,Madhya Pradesh,23.2900,77.2700
462100,Bhopal,Madhya Pradesh,23.2885,77.3942
462101,Bhopal,Madhya Pradesh,23.5008,77.3700
462120,Bhopal,Madhya Pradesh,,
463106,Bhopal,Madhya Pradesh,23.6300,77.4300
463111,Bhopal,Madhya Pradesh,23.6400,77.5200
464001,Vidisha,Madhya Pradesh,23.5313,77.9310
464111,Vidisha,Madhya Pradesh,23.8867,77.6135
464113,Vidisha,Madhya Pradesh,23.6367,77.7023
464114,Vidisha,Madhya Pradesh,23.9431,77.5132
464220,Vidisha,Madhya Pradesh,23.7026,77.9100
464221,Vidisha,Madhya Pradesh,23.9175,77.8767
464224,Vidisha,Madhya Pradesh,24.1683,78.0500
464226,Vidisha,Madhya Pradesh,23.5574,77.6436
464228,Vidisha,Madhya Pradesh,24.1104,77.6877
464240,Vidisha,Madhya Pradesh,,
464258,Vidisha,Madhya Pradesh,23.6746,77.7767
464331,Vidisha,Madhya Pradesh,23.6600,78.1100
464334,Vidisha,Madhya Pradesh,23.7698,78.2419
464337,Vidisha,Madhya Pradesh,23.9223,78.1678
464551,Raisen,Madhya Pradesh,23.3482,77.8660
464570,Raisen,Madhya Pradesh,23.5025,78.5215
464573,Raisen,Madhya Pradesh,23.3170,78.0680
464651,Raisen,Madhya Pradesh,,
464661,Raisen,Madhya Pradesh,,
464665,Raisen,Madhya Pradesh,22.9556,78.0709
464668,Raisen,Madhya Pradesh,22.9847,78.2326
464671,Raisen,Madhya Pradesh,23.1090,78.3398
464672,Raisen,Madhya Pradesh,23.1020,78.3540
464770,Raisen,Madhya Pradesh,23.0973,78.4753
464774,Raisen,Madhya Pradesh,23.3329,77.7840
464776,Raisen,Madhya Pradesh,,
464881,Raisen,Madhya Pradesh,23.5587,78.3404
464884,Raisen,Madhya Pradesh,23.4117,78.2334
464886,Raisen,Madhya Pradesh,23.2798,78.5066
464986,Raisen,Madhya Pradesh,23.1875,77.9710
464990,Raisen,Madhya Pradesh,,
464993,Raisen,Madhya Pradesh,23.2450,77.8560
465001,Shajapur,Madhya Pradesh,23.4662,76.2733
465106,Shajapur,Madhya Pradesh,23.2977,76.1773
465110,Shajapur,Madhya Pradesh,23.3063,76.3620
465113,Shajapur,Madhya Pradesh,23.2349,76.4462
465116,Shajapur,Madhya Pradesh,23.2726,76.5857
465118,Shajapur,Madhya Pradesh,23.1777,76.5777
465220,Shajapur,Madhya Pradesh,23.3729,76.4357
465223,Shajapur,Madhya Pradesh,23.3955,76.5402
465226,Shajapur,Madhya Pradesh,23.6494,76.3575
465227,Shajapur,Madhya Pradesh,23.4822,76.5960
465230,Agar Malwa,Madhya Pradesh,23.6539,76.1727
465333,Shajapur,Madhya Pradesh,23.2452,76.7209
465335,Shajapur,Madhya Pradesh,23.2871,76.7037
465337,Shajapur,Madhya Pradesh,23.2710,76.8512
465339,Shajapur,Madhya Pradesh,23.5055,76.8923
465441,Agar Malwa,Madhya Pradesh,23.6584,75.9800
465445,Agar Malwa,Madhya Pradesh,23.8088,76.1784
465447,Agar Malwa,Madhya Pradesh,23.9395,76.1550
465449,Agar Malwa,Madhya Pradesh,23.7704,76.2390
465550,Agar Malwa,Madhya Pradesh,23.7184,75.8607
465661,Rajgarh,Madhya Pradesh,23.9998,76.7296
465667,Rajgarh,Madhya Pradesh,23.5703,76.9771
465669,Rajgarh,Madhya Pradesh,23.7777,77.0888
465674,Rajgarh,Madhya Pradesh,23.9058,76.9124
465677,Rajgarh,Madhya Pradesh,24.0088,77.0605
465679,Rajgarh,Madhya Pradesh,24.0848,76.5806
465680,Rajgarh,Madhya Pradesh,23.5458,76.7394
465683,Rajgarh,Madhya Pradesh,23.6922,76.6840
465685,Rajgarh,Madhya Pradesh,23.7198,76.9225
465687,Rajgarh,Madhya Pradesh,23.7892,76.6117
465689,Rajgarh,Madhya Pradesh,23.9061,76.4997
465691,Rajgarh,Madhya Pradesh,23.9326,76.3724
465693,Rajgarh,Madhya Pradesh,,
465697,Rajgarh,Madhya Pradesh,23.6238,76.5108
466001,Sehore,Madhya Pradesh,23.2045,77.0757
466111,Sehore,Madhya Pradesh,23.1145,77.2031
466113,Sehore,Madhya Pradesh,23.1467,76.9969
466114,Sehore,Madhya Pradesh,23.0853,76.8231
466115,Sehore,Madhya Pradesh,23.0078,77.0584
466116,Sehore,Madhya Pradesh,22.9943,76.7376
466118,Sehore,Madhya Pradesh,23.2000,77.0000
466120,Sehore,Madhya Pradesh,22.9347,76.6384
466125,Sehore,Madhya Pradesh,23.1704,76.8958
466221,Sehore,Madhya Pradesh,23.1990,77.0871
466331,Sehore,Madhya Pradesh,22.7884,77.2348
466445,Sehore,Madhya Pradesh,,
466446,Sehore,Madhya Pradesh,22.8544,77.3267
466448,Sehore,Madhya Pradesh,,
466554,Sehore,Madhya Pradesh,23.1990,77.0871
466651,Sehore,Madhya Pradesh,23.3328,77.0852
466661,Sehore,Madhya Pradesh,23.4031,77.1816
466665,Sehore,Madhya Pradesh,23.5197,77.1658
470001,Sagar,Madhya Pradesh,23.8388,78.7529
470002,Sagar,Madhya Pradesh,23.8418,78.7320
470003,Sagar,Madhya Pradesh,23.8266,78.7751
470004,Sagar,Madhya Pradesh,23.8446,78.8008
470021,Sagar,Madhya Pradesh,23.8647,78.9352
470051,Sagar,Madhya Pradesh,23.6448,78.7292
470113,Sagar,Madhya Pradesh,,
470115,Sagar,Madhya Pradesh,23.9060,78.5541
470117,Sagar,Madhya Pradesh,24.0147,78.3785
470118,Sagar,Madhya Pradesh,,
470119,Sagar,Madhya Pradesh,23.7398,78.3586
470120,Sagar,Madhya Pradesh,23.8074,78.5831
470124,Sagar,Madhya Pradesh,,
470125,Sagar,Madhya Pradesh,23.6588,78.5821
470221,Sagar,Madhya Pradesh,23.6158,78.8326
470223,Sagar,Madhya Pradesh,23.5235,78.9359
470226,Sagar,Madhya Pradesh,23.4813,78.9338
470227,Sagar,Madhya Pradesh,23.6033,79.1040
470228,Sagar,Madhya Pradesh,23.7242,78.9232
470229,Sagar,Madhya Pradesh,23.7795,79.1436
470232,Sagar,Madhya Pradesh,23.7529,79.1325
470235,Sagar,Madhya Pradesh,23.4237,78.7108
470335,Sagar,Madhya Pradesh,24.0370,78.9345
470337,Sagar,Madhya Pradesh,23.9482,78.8669
470339,Sagar,Madhya Pradesh,24.1678,79.0250
470340,Sagar,Madhya Pradesh,24.1309,79.0149
470441,Sagar,Madhya Pradesh,24.0585,78.7051
470442,Sagar,Madhya Pradesh,24.0645,78.6594
470661,Damoh,Madhya Pradesh,23.8372,79.4422
470663,Damoh,Madhya Pradesh,23.6876,79.6474
470664,Damoh,Madhya Pradesh,23.8101,79.6818
470666,Damoh,Madhya Pradesh,23.9230,79.2056
470669,Sagar,Madhya Pradesh,23.9064,79.0490
470672,Damoh,Madhya Pradesh,23.7976,79.3888
470673,Damoh,Madhya Pradesh,24.0895,79.3690
470675,Damoh,Madhya Pradesh,23.9721,79.3888
470771,Damoh,Madhya Pradesh,23.8709,79.5407
470772,Damoh,Madhya Pradesh,23.9887,79.6249
470775,Damoh,Madhya Pradesh,24.1540,79.6193
470880,Damoh,Madhya Pradesh,23.5657,79.4562
470881,Damoh,Madhya Pradesh,23.5569,79.8001
471001,Chhatarpur,Madhya Pradesh,24.9164,79.5926
471101,Chhatarpur,Madhya Pradesh,24.7334,79.9785
471105,Chhatarpur,Madhya Pradesh,24.9110,79.5878
471111,Chhatarpur,Madhya Pradesh,25.0623,79.4397
471201,Chhatarpur,Madhya Pradesh,24.9655,79.3386
471301,Chhatarpur,Madhya Pradesh,24.6920,79.3354
471311,Chhatarpur,Madhya Pradesh,24.5312,79.3006
471313,Chhatarpur,Madhya Pradesh,24.5962,79.8079
471315,Chhatarpur,Madhya Pradesh,24.9000,79.6000
471318,Chhatarpur,Madhya Pradesh,24.9110,79.5878
471405,Chhatarpur,Madhya Pradesh,24.6222,79.4903
471408,Chhatarpur,Madhya Pradesh,24.7484,79.6089
471411,Chhatarpur,Madhya Pradesh,25.0544,79.6247
471501,Chhatarpur,Madhya Pradesh,24.9497,79.8314
471510,Chhatarpur,Madhya Pradesh,,
471515,Chhatarpur,Madhya Pradesh,24.9951,79.9174
471516,Chhatarpur,Madhya Pradesh,24.9000,79.6000
471525,Chhatarpur,Madhya Pradesh,,
471606,Chhatarpur,Madhya Pradesh,24.8473,79.9317
471625,Chhatarpur,Madhya Pradesh,24.9589,79.9073
472001,Tikamgarh,Madhya Pradesh,24.7408,78.8800
472005,Tikamgarh,Madhya Pradesh,24.6288,78.8115
472010,Tikamgarh,Madhya Pradesh,24.6450,78.9416
472101,Tikamgarh,Madhya Pradesh,24.9691,78.7675
472111,Tikamgarh,Madhya Pradesh,24.8466,79.0420
472115,Tikamgarh,Madhya Pradesh,24.8775,79.0897
472118,Tikamgarh,Madhya Pradesh,25.0097,79.0757
472221,Tikamgarh,Madhya Pradesh,25.0735,79.2152
472246,Niwari,Madhya Pradesh,25.3999,78.6695
472331,Tikamgarh,Madhya Pradesh,25.1073,78.8385
472336,Niwari,Madhya Pradesh,25.2089,78.7894
472337,Niwari,Madhya Pradesh,25.1893,78.6717
472339,Tikamgarh,Madhya Pradesh,24.8610,78.8420
472442,Niwari,Madhya Pradesh,25.4025,78.8071
472445,Niwari,Madhya Pradesh,25.5330,78.9090
472447,Niwari,Madhya Pradesh,25.2810,78.8857
473001,Guna,Madhya Pradesh,24.6653,77.3607
473101,Guna,Madhya Pradesh,24.4000,77.4400
473105,Guna,Madhya Pradesh,24.7700,77.0700
473110,Guna,Madhya Pradesh,24.5700,77.1650
473111,Guna,Madhya Pradesh,24.4850,77.1450
473112,Guna,Madhya Pradesh,24.6653,77.3607
473113,Guna,Madhya Pradesh,24.7400,77.4100
473115,Guna,Madhya Pradesh,24.2900,77.0900
473118,Guna,Madhya Pradesh,24.4326,77.1603
473222,Guna,Madhya Pradesh,24.3700,76.9200
473226,Guna,Madhya Pradesh,24.4000,77.2200
473249,Guna,Madhya Pradesh,24.5600,77.3700
473287,Guna,Madhya Pradesh,24.2300,77.2000
473330,Ashoknagar,Madhya Pradesh,24.6050,77.5650
473331,Ashoknagar,Madhya Pradesh,24.5181,77.7300
473332,Ashoknagar,Madhya Pradesh,24.8100,77.6600
473335,Ashoknagar,Madhya Pradesh,24.7900,77.7800
473440,Ashoknagar,Madhya Pradesh,24.5040,77.9300
473443,Ashoknagar,Madhya Pradesh,24.4050,78.0800
473444,Ashoknagar,Madhya Pradesh,24.5400,78.0800
473445,Ashoknagar,Madhya Pradesh,24.3423,77.9400
473446,Ashoknagar,Madhya Pradesh,24.6600,78.0700
473551,Shivpuri,Madhya Pradesh,25.4592,77.6498
473585,Shivpuri,Madhya Pradesh,25.4730,77.7054
473638,Shivpuri,Madhya Pradesh,25.4730,77.7054
473660,Shivpuri,Madhya Pradesh,25.4650,78.1450
473662,Shivpuri,Madhya Pradesh,25.5450,78.1200
473665,Shivpuri,Madhya Pradesh,25.4100,78.2500
473670,Shivpuri,Madhya Pradesh,25.2900,78.0500
473770,Shivpuri,Madhya Pradesh,25.0100,77.7027
473774,Shivpuri,Madhya Pradesh,25.2150,77.5400
473775,Shivpuri,Madhya Pradesh,25.5400,77.4250
473781,Shivpuri,Madhya Pradesh,25.1000,77.7800
473793,Shivpuri,Madhya Pradesh,25.4489,77.7097
473865,Shivpuri,Madhya Pradesh,25.6850,77.9700
473880,Shivpuri,Madhya Pradesh,25.5800,77.9500
473885,Shivpuri,Madhya Pradesh,25.1000,77.5900
473990,Shivpuri,Madhya Pradesh,25.1000,78.0300
473995,Shivpuri,Madhya Pradesh,25.1900,78.1800
474001,Gwalior,Madhya Pradesh,26.1786,78.1449
474002,Gwalior,Madhya Pradesh,26.2308,78.3219
474003,Gwalior,Madhya Pradesh,26.2316,78.2473
474004,Gwalior,Madhya Pradesh,26.2308,78.3219
474005,Gwalior,Madhya Pradesh,26.2684,78.2179
474006,Gwalior,Madhya Pradesh,26.2308,78.3337
474007,Gwalior,Madhya Pradesh,26.2308,78.3219
474008,Gwalior,Madhya Pradesh,26.2308,78.3219
474009,Gwalior,Madhya Pradesh,26.1786,78.1449
474010,Gwalior,Madhya Pradesh,26.2202,78.1308
474011,Gwalior,Madhya Pradesh,26.2308,78.3219
474012,Gwalior,Madhya Pradesh,26.1786,78.1449
474015,Gwalior,Madhya Pradesh,26.2308,78.3219
474020,Gwalior,Madhya Pradesh,26.2676,78.3026
475001,Gwalior,Madhya Pradesh,26.0726,78.1807
475002,Gwalior,Madhya Pradesh,26.1674,78.3949
475005,Gwalior,Madhya Pradesh,26.0080,78.2305
475110,Gwalior,Madhya Pradesh,25.9010,78.1906
475115,Gwalior,Madhya Pradesh,25.9886,78.4240
475220,Gwalior,Madhya Pradesh,25.8295,78.1051
475330,Gwalior,Madhya Pradesh,26.0433,77.9796
475335,Datia,Madhya Pradesh,25.7583,78.7646
475336,Datia,Madhya Pradesh,25.8838,78.7206
475661,Datia,Madhya Pradesh,25.6940,78.4669
475671,Datia,Madhya Pradesh,25.6495,78.6030
475673,Datia,Madhya Pradesh,25.9838,78.6512
475675,Datia,Madhya Pradesh,25.8835,78.5604
475682,Datia,Madhya Pradesh,26.1116,78.7306
475685,Datia,Madhya Pradesh,25.7623,78.4127
475686,Datia,Madhya Pradesh,25.6948,78.3501
476001,Morena,Madhya Pradesh,26.5177,77.9754
476111,Morena,Madhya Pradesh,26.7394,78.2323
476115,Morena,Madhya Pradesh,26.6613,78.3683
476134,Morena,Madhya Pradesh,26.6370,78.1194
476219,Morena,Madhya Pradesh,26.4716,77.8108
476221,Morena,Madhya Pradesh,26.3760,77.8535
476224,Morena,Madhya Pradesh,26.3436,77.6163
476228,Morena,Madhya Pradesh,26.2392,77.6892
476229,Morena,Madhya Pradesh,26.5050,77.9754
476332,Sheopur,Madhya Pradesh,25.9526,77.2885
476335,Sheopur,Madhya Pradesh,26.0547,76.9970
476337,Sheopur,Madhya Pradesh,25.7561,76.6604
476339,Sheopur,Madhya Pradesh,25.5380,76.6622
476355,Sheopur,Madhya Pradesh,25.5677,77.0421
476444,Morena,Madhya Pradesh,26.4001,78.1068
476554,Morena,Madhya Pradesh,26.5729,78.2189
477001,Bhind,Madhya Pradesh,26.5555,78.7774
477105,Bhind,Madhya Pradesh,26.6090,78.7600
477111,Bhind,Madhya Pradesh,26.7104,78.6556
477116,Bhind,Madhya Pradesh,26.4604,78.4407
477117,Bhind,Madhya Pradesh,26.4358,78.3238
477222,Bhind,Madhya Pradesh,26.2509,78.6390
477227,Bhind,Madhya Pradesh,26.3438,78.7707
477331,Bhind,Madhya Pradesh,26.5182,78.9630
477332,Bhind,Madhya Pradesh,26.5229,78.8624
477333,Bhind,Madhya Pradesh,26.4410,79.0190
477335,Bhind,Madhya Pradesh,26.3627,78.9284
477441,Bhind,Madhya Pradesh,26.3013,79.0154
477445,Bhind,Madhya Pradesh,26.2110,78.9191
477446,Bhind,Madhya Pradesh,26.1241,78.8486
477447,Bhind,Madhya Pradesh,26.0726,78.9010
477449,Bhind,Madhya Pradesh,26.0607,78.8531
477450,Bhind,Madhya Pradesh,26.1100,78.9500
477555,Bhind,Madhya Pradesh,26.6763,78.8083
477557,Bhind,Madhya Pradesh,26.4743,78.6203
477566,Bhind,Madhya Pradesh,26.6492,78.9534
477660,Bhind,Madhya Pradesh,26.5818,78.5214
480001,Chhindwara,Madhya Pradesh,22.0567,78.9500
480003,Chhindwara,Madhya Pradesh,22.0534,78.9379
480105,Chhindwara,Madhya Pradesh,21.9443,78.9726
480106,Chhindwara,Madhya Pradesh,21.6606,78.8259
480107,Chhindwara,Madhya Pradesh,21.8886,78.8584
480108,Chhindwara,Madhya Pradesh,21.8591,79.1016
480109,Chhindwara,Madhya Pradesh,,
480110,Chhindwara,Madhya Pradesh,21.9149,79.1139
480111,Chhindwara,Madhya Pradesh,21.8286,79.1021
480112,Chhindwara,Madhya Pradesh,22.0534,78.9379
480115,Chhindwara,Madhya Pradesh,22.1507,79.2521
480221,Chhindwara,Madhya Pradesh,22.0102,79.1240
480223,Chhindwara,Madhya Pradesh,22.1939,79.0250
480224,Chhindwara,Madhya Pradesh,,
480331,Chhindwara,Madhya Pradesh,21.9518,78.7696
480334,Chhindwara,Madhya Pradesh,22.1858,78.5965
480337,Chhindwara,Madhya Pradesh,,
480338,Chhindwara,Madhya Pradesh,,
480441,Chhindwara,Madhya Pradesh,22.1956,78.8779
480447,Chhindwara,Madhya Pradesh,22.1003,78.6869
480449,Chhindwara,Madhya Pradesh,22.2031,78.6914
480551,Chhindwara,Madhya Pradesh,22.1911,78.5822
480555,Chhindwara,Madhya Pradesh,22.1909,78.4666
480557,Chhindwara,Madhya Pradesh,22.2136,78.7455
480559,Chhindwara,Madhya Pradesh,22.3442,78.5604
480661,Seoni,Madhya Pradesh,22.0812,79.5169
480667,Seoni,Madhya Pradesh,22.0217,79.8073
480771,Seoni,Madhya Pradesh,21.9074,79.7792
480880,Seoni,Madhya Pradesh,,
480881,Seoni,Madhya Pradesh,22.3080,79.7952
480882,Seoni,Madhya Pradesh,22.2878,79.5364
480884,Seoni,Madhya Pradesh,22.3771,79.5435
480886,Seoni,Madhya Pradesh,,
480887,Seoni,Madhya Pradesh,22.5471,79.4575
480888,Seoni,Madhya Pradesh,22.6809,79.6109
480990,Seoni,Madhya Pradesh,22.1989,79.7385
480991,Seoni,Madhya Pradesh,22.2900,79.8951
480994,Seoni,Madhya Pradesh,22.4219,79.8908
480996,Seoni,Madhya Pradesh,22.1154,79.9969
480997,Seoni,Madhya Pradesh,22.1914,79.6586
480999,Seoni,Madhya Pradesh,22.5284,79.8401
481001,Balaghat,Madhya Pradesh,21.8092,80.1878
481051,Balaghat,Madhya Pradesh,,
481102,Balaghat,Madhya Pradesh,21.8412,80.3909
481105,Balaghat,Madhya Pradesh,21.8128,80.1838
481111,Balaghat,Madhya Pradesh,,
481115,Balaghat,Madhya Pradesh,21.6202,80.3398
481116,Balaghat,Madhya Pradesh,,
481117,Balaghat,Madhya Pradesh,21.8114,80.1995
481222,Balaghat,Madhya Pradesh,21.5218,80.2147
481224,Balaghat,Madhya Pradesh,,
481226,Balaghat,Madhya Pradesh,21.7208,80.2516
481331,Balaghat,Madhya Pradesh,21.7440,80.0814
481332,Balaghat,Madhya Pradesh,21.7808,79.9277
481335,Balaghat,Madhya Pradesh,21.6720,80.0842
481337,Balaghat,Madhya Pradesh,21.6032,79.9019
481441,Balaghat,Madhya Pradesh,21.9366,80.0496
481445,Balaghat,Madhya Pradesh,21.7415,79.7958
481449,Balaghat,Madhya Pradesh,21.6241,79.6808
481551,Balaghat,Madhya Pradesh,22.1060,80.0842
481556,Balaghat,Madhya Pradesh,21.8073,80.1177
481661,Mandla,Madhya Pradesh,22.6019,80.3854
481662,Mandla,Madhya Pradesh,22.4131,80.2851
481663,Mandla,Madhya Pradesh,22.7961,80.5244
481664,Mandla,Madhya Pradesh,22.6012,80.6438
481665,Mandla,Madhya Pradesh,22.5817,80.2461
481666,Mandla,Madhya Pradesh,,
481668,Mandla,Madhya Pradesh,22.5145,80.1694
481672,Dindori,Madhya Pradesh,22.9374,80.6688
481768,Mandla,Madhya Pradesh,22.4284,80.2277
481771,Mandla,Madhya Pradesh,22.4852,80.3714
481776,Mandla,Madhya Pradesh,22.4687,80.1819
481778,Dindori,Madhya Pradesh,22.5851,81.2216
481879,Dindori,Madhya Pradesh,23.0208,80.9719
481880,Dindori,Madhya Pradesh,22.8721,81.0120
481882,Dindori,Madhya Pradesh,22.7993,81.4114
481883,Dindori,Madhya Pradesh,22.9426,81.0752
481884,Dindori,Madhya Pradesh,22.9426,81.0751
481885,Mandla,Madhya Pradesh,22.8953,80.3686
481990,Dindori,Madhya Pradesh,23.3101,80.7852
481995,Mandla,Madhya Pradesh,22.3702,79.9066
481996,Mandla,Madhya Pradesh,,
481998,Mandla,Madhya Pradesh,22.5310,80.4563
482001,Jabalpur,Madhya Pradesh,23.1655,79.9546
482002,Jabalpur,Madhya Pradesh,23.1837,79.9259
482003,Jabalpur,Madhya Pradesh,23.1605,79.8779
482004,Jabalpur,Madhya Pradesh,23.2043,79.9431
482005,Jabalpur,Madhya Pradesh,23.2100,80.0319
482008,Jabalpur,Madhya Pradesh,23.1277,79.9305
482009,Jabalpur,Madhya Pradesh,23.2065,79.9814
482010,Jabalpur,Madhya Pradesh,23.2371,79.9757
482011,Jabalpur,Madhya Pradesh,23.1835,79.9742
482020,Jabalpur,Madhya Pradesh,23.1339,79.9626
482021,Jabalpur,Madhya Pradesh,23.0920,80.0022
482051,Jabalpur,Madhya Pradesh,23.0143,79.8888
482056,Jabalpur,Madhya Pradesh,22.9286,79.9080
483001,Jabalpur,Madhya Pradesh,23.0958,80.0521
483053,Jabalpur,Madhya Pradesh,23.1672,79.7933
483105,Jabalpur,Madhya Pradesh,23.1598,79.9544
483110,Jabalpur,Madhya Pradesh,23.2184,80.3432
483113,Jabalpur,Madhya Pradesh,23.1598,79.9544
483119,Jabalpur,Madhya Pradesh,23.4707,80.0451
483220,Jabalpur,Madhya Pradesh,23.2833,79.9909
483222,Jabalpur,Madhya Pradesh,23.3959,80.0283
483225,Jabalpur,Madhya Pradesh,23.4707,80.1065
483330,Katni,Madhya Pradesh,23.6649,80.1024
483331,Katni,Madhya Pradesh,23.7153,80.0083
483332,Katni,Madhya Pradesh,23.4890,80.3237
483334,Jabalpur,Madhya Pradesh,23.4406,80.1973
483336,Jabalpur,Madhya Pradesh,23.4850,79.9526
483440,Katni,Madhya Pradesh,23.6746,80.2266
483442,Katni,Madhya Pradesh,23.6688,80.3267
483501,Katni,Madhya Pradesh,23.8345,80.3927
483504,Katni,Madhya Pradesh,23.8067,80.3947
483770,Katni,Madhya Pradesh,23.7794,80.6909
483773,Katni,Madhya Pradesh,23.6384,80.5536
483775,Katni,Madhya Pradesh,23.9267,80.6216
483880,Katni,Madhya Pradesh,24.0346,80.5355
483990,Katni,Madhya Pradesh,23.8803,80.0451
484001,Shahdol,Madhya Pradesh,23.2800,81.3700
484110,Shahdol,Madhya Pradesh,23.2700,81.6000
484113,Anuppur,Madhya Pradesh,22.9700,81.8734
484114,Shahdol,Madhya Pradesh,23.6900,81.4600
484116,Anuppur,Madhya Pradesh,23.1550,81.6200
484117,Shahdol,Madhya Pradesh,23.2900,81.6800
484120,Anuppur,Madhya Pradesh,,
484220,Anuppur,Madhya Pradesh,23.1734,81.6534
484224,Anuppur,Madhya Pradesh,23.0800,81.7300
484330,Anuppur,Madhya Pradesh,22.8800,81.8900
484334,Anuppur,Madhya Pradesh,23.2900,81.9200
484336,Anuppur,Madhya Pradesh,23.1591,81.9403
484440,Anuppur,Madhya Pradesh,23.2800,82.0600
484444,Anuppur,Madhya Pradesh,23.1600,81.9100
484446,Anuppur,Madhya Pradesh,23.1900,82.1050
484447,Anuppur,Madhya Pradesh,23.1579,82.0603
484551,Umaria,Madhya Pradesh,23.4100,81.1250
484555,Umaria,Madhya Pradesh,23.3916,80.9550
484660,Umaria,Madhya Pradesh,23.5200,80.6600
484661,Umaria,Madhya Pradesh,23.5230,80.8500
484664,Umaria,Madhya Pradesh,23.8900,80.9000
484665,Umaria,Madhya Pradesh,23.7000,81.1300
484669,Shahdol,Madhya Pradesh,23.4500,81.5500
484770,Shahdol,Madhya Pradesh,23.5000,81.4000
484771,Shahdol,Madhya Pradesh,23.7500,81.3900
484774,Shahdol,Madhya Pradesh,23.9600,81.3800
484776,Shahdol,Madhya Pradesh,23.5350,81.2900
484881,Anuppur,Madhya Pradesh,22.9700,81.4800
484886,Anuppur,Madhya Pradesh,22.7850,81.7150
484887,Anuppur,Madhya Pradesh,22.8650,81.6950
485001,Satna,Madhya Pradesh,24.5790,80.8320
485005,Satna,Madhya Pradesh,,
485111,Satna,Madhya Pradesh,24.6009,80.8600
485112,Satna,Madhya Pradesh,24.5764,80.8713
485113,Satna,Madhya Pradesh,24.5790,80.8320
485114,Satna,Madhya Pradesh,,
485115,Satna,Madhya Pradesh,24.5085,81.0564
485221,Satna,Madhya Pradesh,24.7375,80.8722
485226,Satna,Madhya Pradesh,24.7986,80.9674
485331,Satna,Madhya Pradesh,24.5790,80.8320
485334,Satna,Madhya Pradesh,24.5790,80.8320
485441,Satna,Madhya Pradesh,24.6070,80.7384
485446,Satna,Madhya Pradesh,24.5790,80.8320
485447,Satna,Madhya Pradesh,24.3141,80.9690
485551,Satna,Madhya Pradesh,24.5065,80.9576
485661,Satna,Madhya Pradesh,24.3933,80.7853
485666,Satna,Madhya Pradesh,24.5790,80.8320
485771,Satna,Madhya Pradesh,24.5790,80.8320
485772,Satna,Madhya Pradesh,24.5764,80.8714
485773,Satna,Madhya Pradesh,24.5790,80.8320
485774,Satna,Madhya Pradesh,24.5790,80.8320
485775,Satna,Madhya Pradesh,24.5790,80.8320
485778,Satna,Madhya Pradesh,24.5790,80.8320
485881,Satna,Madhya Pradesh,24.5790,80.8320
486001,Rewa,Madhya Pradesh,24.5339,81.3007
486002,Rewa,Madhya Pradesh,,
486003,Rewa,Madhya Pradesh,24.5373,81.3042
486004,Rewa,Madhya Pradesh,24.5362,81.2873
486005,Rewa,Madhya Pradesh,24.5373,81.3042
486006,Rewa,Madhya Pradesh,24.5373,81.3042
486111,Rewa,Madhya Pradesh,24.5373,81.3042
486114,Rewa,Madhya Pradesh,24.5373,81.3042
486115,Rewa,Madhya Pradesh,24.5373,81.3042
486117,Rewa,Madhya Pradesh,24.5373,81.3042
486123,Rewa,Madhya Pradesh,24.5373,81.3042
486220,Rewa,Madhya Pradesh,24.5373,81.3042
486223,Rewa,Madhya Pradesh,24.5373,81.3042
486226,Rewa,Madhya Pradesh,24.5373,81.3042
486331,Rewa,Madhya Pradesh,24.5373,81.3042
486333,Rewa,Madhya Pradesh,24.5373,81.3042
486335,Rewa,Madhya Pradesh,24.5373,81.3042
486338,Rewa,Madhya Pradesh,24.5373,81.3042
486340,Rewa,Madhya Pradesh,24.5373,81.3042
486341,Rewa,Madhya Pradesh,24.5373,81.3042
486440,Rewa,Madhya Pradesh,24.5373,81.3042
486441,Rewa,Madhya Pradesh,24.5373,81.3042
486445,Rewa,Madhya Pradesh,24.5373,81.3042
486446,Rewa,Madhya Pradesh,24.5373,81.3042
486447,Rewa,Madhya Pradesh,24.5373,81.3042
486448,Rewa,Madhya Pradesh,24.5373,81.3042
486450,Rewa,Madhya Pradesh,24.5373,81.3042
486550,Rewa,Madhya Pradesh,24.5373,81.3042
486553,Rewa,Madhya Pradesh,24.5373,81.3042
486556,Rewa,Madhya Pradesh,24.5373,81.3042
486661,Sidhi,Madhya Pradesh,24.3750,81.8864
486666,Sidhi,Madhya Pradesh,24.1600,81.6900
486669,Sidhi,Madhya Pradesh,24.1000,81.8000
486670,Sidhi,Madhya Pradesh,24.5300,82.0600
486675,Sidhi,Madhya Pradesh,24.4295,82.0100
486771,Sidhi,Madhya Pradesh,24.4200,81.7100
486775,Sidhi,Madhya Pradesh,24.3100,81.5300
486776,Sidhi,Madhya Pradesh,24.3150,81.4050
486881,Singrauli,Madhya Pradesh,24.1700,82.2900
486882,Singrauli,Madhya Pradesh,24.4100,82.3700
486884,Singrauli,Madhya Pradesh,23.9984,82.6993
486885,Singrauli,Madhya Pradesh,24.0916,82.6499
486886,Singrauli,Madhya Pradesh,24.0400,82.5200
486887,Singrauli,Madhya Pradesh,24.1596,82.4900
486888,Singrauli,Madhya Pradesh,24.1082,82.6469
486889,Singrauli,Madhya Pradesh,24.1996,82.6850
486890,Singrauli,Madhya Pradesh,24.1445,82.6376
486892,Singrauli,Madhya Pradesh,24.2000,82.6700
487001,Narsinghpur,Madhya Pradesh,22.9461,79.2036
487110,Narsinghpur,Madhya Pradesh,22.8305,79.1882
487114,Narsinghpur,Madhya Pradesh,23.0351,79.3325
487118,Narsinghpur,Madhya Pradesh,23.0132,79.4155
487221,Narsinghpur,Madhya Pradesh,22.9341,79.0654
487225,Narsinghpur,Madhya Pradesh,22.9134,79.0475
487330,Narsinghpur,Madhya Pradesh,23.0473,79.0009
487334,Narsinghpur,Madhya Pradesh,23.0668,78.8949
487337,Narsinghpur,Madhya Pradesh,23.0706,78.8577
487441,Narsinghpur,Madhya Pradesh,22.9301,78.9373
487551,Narsinghpur,Madhya Pradesh,22.9054,78.7807
487555,Narsinghpur,Madhya Pradesh,22.9943,78.8441
487661,Narsinghpur,Madhya Pradesh,22.9559,78.6811
487770,Narsinghpur,Madhya Pradesh,22.8306,78.8245
487881,Narsinghpur,Madhya Pradesh,22.8051,78.6952
488001,Panna,Madhya Pradesh,24.5425,80.0300
488050,Panna,Madhya Pradesh,24.3860,80.0300
488059,Panna,Madhya Pradesh,24.5708,80.1763
488220,Panna,Madhya Pradesh,24.8964,80.2592
488222,Panna,Madhya Pradesh,24.7224,80.1871
488333,Panna,Madhya Pradesh,24.5908,80.3826
488441,Panna,Madhya Pradesh,24.4697,79.9661
488442,Panna,Madhya Pradesh,24.5467,80.2000
488443,Panna,Madhya Pradesh,24.7178,80.1819
488446,Panna,Madhya Pradesh,24.2499,79.8749
488448,Panna,Madhya Pradesh,24.1616,80.0564
490001,Durg,Chhattisgarh,21.1888,81.2847
490006,Durg,Chhattisgarh,21.1136,81.2047
490009,Durg,Chhattisgarh,21.1503,81.2532
490011,Durg,Chhattisgarh,21.1571,81.2628
490020,Durg,Chhattisgarh,21.1604,81.2379
490021,Durg,Chhattisgarh,21.1849,81.4646
490022,Durg,Chhattisgarh,21.1200,81.1844
490023,Durg,Chhattisgarh,21.2153,81.3372
490024,Durg,Chhattisgarh,21.2175,81.3386
490025,Durg,Chhattisgarh,21.2120,81.4193
490026,Durg,Chhattisgarh,21.1909,81.2847
490036,Durg,Chhattisgarh,21.3159,81.4279
490042,Durg,Chhattisgarh,21.1989,81.4974
491001,Durg,Chhattisgarh,21.1865,81.2401
491107,Durg,Chhattisgarh,21.1314,81.4008
491111,Durg,Chhattisgarh,21.1713,81.4704
491221,Durg,Chhattisgarh,21.0602,81.2911
491222,Balod,Chhattisgarh,20.8858,81.3540
491223,Balod,Chhattisgarh,20.9696,81.3362
491225,Balod,Chhattisgarh,21.0042,81.2436
491226,Balod,Chhattisgarh,20.7130,81.2342
491227,Balod,Chhattisgarh,20.6852,81.4032
491228,Balod,Chhattisgarh,20.5999,81.0775
491229,Rajnandgaon,Chhattisgarh,21.1006,81.0350
491230,Balod,Chhattisgarh,20.4808,81.0886
491331,Durg,Chhattisgarh,21.4601,81.3592
491332,Bemetara,Chhattisgarh,21.5374,81.5322
491335,Bemetara,Chhattisgarh,21.7232,81.5596
491336,Kabirdham,Chhattisgarh,21.9235,81.3667
491337,Bemetara,Chhattisgarh,21.9125,81.5596
491338,Bemetara,Chhattisgarh,21.7710,81.3647
491340,Bemetara,Chhattisgarh,21.8195,81.7801
491441,Rajnandgaon,Chhattisgarh,21.1003,81.0302
491444,Rajnandgaon,Chhattisgarh,21.0971,81.0976
491445,Rajnandgaon,Chhattisgarh,21.1884,80.7588
491557,Rajnandgaon,Chhattisgarh,21.0694,80.6733
491558,Rajnandgaon,Chhattisgarh,21.1006,81.0302
491559,Kabirdham,Chhattisgarh,22.2010,81.4100
491661,Rajnandgaon,Chhattisgarh,20.9713,80.8518
491665,Rajnandgaon,Chhattisgarh,20.7938,80.7500
491666,Rajnandgaon,Chhattisgarh,21.1059,81.0225
491668,Rajnandgaon,Chhattisgarh,21.0758,80.8759
491771,Balod,Chhattisgarh,20.8663,81.0720
491881,Rajnandgaon,Chhattisgarh,21.4033,80.9298
491885,Rajnandgaon,Chhattisgarh,21.5225,80.9952
491888,Rajnandgaon,Chhattisgarh,21.1006,81.0175
491993,Bemetara,Chhattisgarh,21.6926,81.3726
491995,Kabirdham,Chhattisgarh,21.9833,81.2519
491996,Kabirdham,Chhattisgarh,21.9681,81.2859
492001,Raipur,Chhattisgarh,21.2390,81.6426
492002,Raipur,Chhattisgarh,21.0931,81.4751
492003,Raipur,Chhattisgarh,21.3083,81.6178
492004,Raipur,Chhattisgarh,21.2546,81.6571
492005,Raipur,Chhattisgarh,21.2434,81.6361
492008,Raipur,Chhattisgarh,21.2572,81.6728
492009,Raipur,Chhattisgarh,21.2520,81.6638
492010,Raipur,Chhattisgarh,21.1948,81.4785
492012,Raipur,Chhattisgarh,21.2378,81.7054
492013,Raipur,Chhattisgarh,21.2378,81.7054
492014,Raipur,Chhattisgarh,21.2378,81.7054
492015,Raipur,Chhattisgarh,21.3689,81.6027
492016,Raipur,Chhattisgarh,21.2434,81.6361
492017,Raipur,Chhattisgarh,21.2514,81.6296
492018,Raipur,Chhattisgarh,,
492099,Raipur,Chhattisgarh,21.3798,81.5387
492101,Raipur,Chhattisgarh,21.2378,81.6030
492109,Dhamtari,Chhattisgarh,21.5000,81.5000
492112,Mahasamund,Chhattisgarh,21.5000,81.5000
493101,Baloda Bazar,Chhattisgarh,21.2378,81.7054
493111,Raipur,Chhattisgarh,21.5000,81.5000
493113,Baloda Bazar,Chhattisgarh,21.5000,81.5000
493114,Raipur,Chhattisgarh,21.5000,81.2000
493116,Raipur,Chhattisgarh,21.5000,81.5000
493118,Baloda Bazar,Chhattisgarh,21.5000,81.5000
493195,Baloda Bazar,Chhattisgarh,21.5000,81.5000
493196,Baloda Bazar,Chhattisgarh,21.5000,81.5000
493221,Raipur,Chhattisgarh,21.5000,81.2000
493222,Baloda Bazar,Chhattisgarh,21.5000,81.2000
493225,Raipur,Chhattisgarh,21.2378,81.7054
493228,Baloda Bazar,Chhattisgarh,21.5000,81.5000
493229,Baloda Bazar,Chhattisgarh,21.5000,81.5000
493331,Baloda Bazar,Chhattisgarh,21.5000,81.5000
493332,Baloda Bazar,Chhattisgarh,21.5000,81.5000
493335,Baloda Bazar,Chhattisgarh,21.5000,81.5000
493338,Baloda Bazar,Chhattisgarh,21.5000,81.2000
493344,Baloda Bazar,Chhattisgarh,21.2378,81.7054
493441,Raipur,Chhattisgarh,21.5000,81.2000
493445,Mahasamund,Chhattisgarh,21.5000,81.5000
493448,Mahasamund,Chhattisgarh,21.5000,81.2000
493449,Mahasamund,Chhattisgarh,21.5000,81.2000
493526,Baloda Bazar,Chhattisgarh,21.5000,81.2000
493551,Mahasamund,Chhattisgarh,21.5000,81.5000
493554,Mahasamund,Chhattisgarh,21.5000,81.5000
493555,Mahasamund,Chhattisgarh,21.5000,81.5000
493558,Mahasamund,Chhattisgarh,21.5000,81.5000
493559,Baloda Bazar,Chhattisgarh,21.2378,81.7054
493661,Raipur,Chhattisgarh,21.5000,81.5000
493662,Dhamtari,Chhattisgarh,21.5000,81.2000
493663,Dhamtari,Chhattisgarh,21.5000,81.2000
493770,Dhamtari,Chhattisgarh,21.5000,81.5000
493773,Dhamtari,Chhattisgarh,21.5000,81.5000
493776,Dhamtari,Chhattisgarh,21.5000,81.5000
493778,Dhamtari,Chhattisgarh,21.5000,81.2000
493881,Raipur,Chhattisgarh,,
493885,Gariyaband,Chhattisgarh,21.5000,81.5000
493887,Gariyaband,Chhattisgarh,,
493888,Gariyaband,Chhattisgarh,21.5000,81.5000
493889,Gariyaband,Chhattisgarh,21.5000,81.5000
493890,Gariyaband,Chhattisgarh,21.5000,81.5000
493891,Gariyaband,Chhattisgarh,21.5000,81.5000
493992,Gariyaband,Chhattisgarh,21.5000,81.5000
493996,Gariyaband,Chhattisgarh,21.5000,81.5000
494001,Bastar,Chhattisgarh,19.0710,82.0030
494010,Bastar,Chhattisgarh,19.1407,81.7390
494111,Sukma,Chhattisgarh,18.3910,81.6500
494114,Sukma,Chhattisgarh,18.5537,81.5421
494115,Sukma,Chhattisgarh,18.6590,81.6630
494122,Sukma,Chhattisgarh,,
494221,Bastar,Chhattisgarh,18.9372,82.1360
494222,Bastar,Chhattisgarh,19.2635,82.1550
494223,Bastar,Chhattisgarh,19.1065,81.9312
494224,Bastar,Chhattisgarh,19.1625,81.9214
494226,Kondagaon,Chhattisgarh,20.1540,81.1855
494228,Kondagaon,Chhattisgarh,19.8140,81.6299
494229,Kondagaon,Chhattisgarh,19.6001,81.6646
494230,Kondagaon,Chhattisgarh,19.9216,81.6951
494237,Kondagaon,Chhattisgarh,19.5841,81.6012
494331,Kondagaon,Chhattisgarh,20.0831,81.5945
494332,Kanker,Chhattisgarh,20.2410,81.4513
494333,Kanker,Chhattisgarh,,
494334,Kanker,Chhattisgarh,20.1560,81.1454
494335,Kanker,Chhattisgarh,,
494336,Kanker,Chhattisgarh,20.2710,81.4721
494337,Kanker,Chhattisgarh,20.1542,81.0244
494347,Kondagaon,Chhattisgarh,20.0771,81.7724
494441,Dantewada,Chhattisgarh,18.9620,81.3730
494442,Bastar,Chhattisgarh,19.0183,81.8540
494444,Bijapur,Chhattisgarh,18.7820,80.8110
494446,Bijapur,Chhattisgarh,,
494447,Bijapur,Chhattisgarh,18.5249,80.7619
494448,Bijapur,Chhattisgarh,18.7550,80.5215
494449,Dantewada,Chhattisgarh,18.8740,81.3390
494450,Bijapur,Chhattisgarh,19.0124,81.0446
494552,Dantewada,Chhattisgarh,18.8785,81.3130
494553,Dantewada,Chhattisgarh,18.7950,81.2850
494556,Dantewada,Chhattisgarh,18.6250,81.2490
494635,Kanker,Chhattisgarh,20.3041,81.0368
494661,Narayanpur,Chhattisgarh,19.4416,81.0725
494665,Kanker,Chhattisgarh,20.0727,80.9477
494669,Kanker,Chhattisgarh,20.1836,81.0415
494670,Kanker,Chhattisgarh,20.3181,81.2712
494771,Kanker,Chhattisgarh,20.1554,81.2946
494776,Kanker,Chhattisgarh,20.0234,80.6339
494777,Kanker,Chhattisgarh,20.0935,81.1575
495001,Bilaspur,Chhattisgarh,22.0851,82.1483
495003,Bilaspur,Chhattisgarh,22.1068,82.0162
495004,Bilaspur,Chhattisgarh,22.0594,82.1683
495006,Bilaspur,Chhattisgarh,22.0969,82.1817
495009,Bilaspur,Chhattisgarh,22.1767,82.1591
495112,Bilaspur,Chhattisgarh,22.2151,82.0271
495113,Bilaspur,Chhattisgarh,22.2866,81.9802
495115,Mungeli,Chhattisgarh,22.2680,81.6309
495116,Bilaspur,Chhattisgarh,22.4288,82.0693
495117,Gaurella Pendra Marwahi,Chhattisgarh,22.7395,81.8689
495118,Gaurella Pendra Marwahi,Chhattisgarh,22.9830,82.0625
495119,Gaurella Pendra Marwahi,Chhattisgarh,22.7994,82.0067
495220,Bilaspur,Chhattisgarh,22.0132,82.0609
495222,Bilaspur,Chhattisgarh,21.9768,82.0434
495224,Bilaspur,Chhattisgarh,21.9357,82.1360
495330,Mungeli,Chhattisgarh,22.1086,81.8361
495334,Mungeli,Chhattisgarh,22.0685,81.6617
495335,Mungeli,Chhattisgarh,22.0059,81.8525
495442,Bilaspur,Chhattisgarh,22.2697,82.1498
495444,Korba,Chhattisgarh,22.4629,82.5610
495445,Korba,Chhattisgarh,22.5031,82.5118
495446,Korba,Chhattisgarh,22.2775,82.5470
495447,Korba,Chhattisgarh,22.4038,82.6103
495448,Korba,Chhattisgarh,22.4925,82.5399
495449,Korba,Chhattisgarh,22.3753,82.3262
495450,Korba,Chhattisgarh,22.4208,82.6535
495452,Korba,Chhattisgarh,22.3543,82.6424
495454,Korba,Chhattisgarh,22.3465,82.6374
495455,Korba,Chhattisgarh,22.3836,82.6488
495550,Bilaspur,Chhattisgarh,22.0533,82.2950
495551,Bilaspur,Chhattisgarh,21.8600,82.2855
495552,Janjgir-champa,Chhattisgarh,22.0513,82.4042
495553,Janjgir-champa,Chhattisgarh,21.9407,82.4327
495554,Janjgir-champa,Chhattisgarh,21.8340,82.4470
495555,Bilaspur,Chhattisgarh,22.1244,82.2730
495556,Janjgir-champa,Chhattisgarh,21.7917,82.5429
495557,Janjgir-champa,Chhattisgarh,21.7826,82.6652
495559,Janjgir-champa,Chhattisgarh,22.1340,82.5267
495660,Janjgir-champa,Chhattisgarh,21.9187,82.7361
495661,Janjgir-champa,Chhattisgarh,21.7579,82.8156
495663,Janjgir-champa,Chhattisgarh,21.9280,82.3464
495668,Janjgir-champa,Chhattisgarh,21.9352,82.5862
495669,Janjgir-champa,Chhattisgarh,22.0229,82.6112
495671,Janjgir-champa,Chhattisgarh,22.0317,82.6537
495674,Korba,Chhattisgarh,22.2677,82.9192
495677,Korba,Chhattisgarh,22.3527,82.7149
495682,Korba,Chhattisgarh,22.3364,82.7321
495683,Korba,Chhattisgarh,22.3588,82.8140
495684,Korba,Chhattisgarh,22.5219,82.7485
495686,Janjgir-champa,Chhattisgarh,21.9723,82.7662
495687,Janjgir-champa,Chhattisgarh,22.0328,82.8168
495688,Janjgir-champa,Chhattisgarh,21.8168,83.0845
495689,Janjgir-champa,Chhattisgarh,22.0131,82.9434
495690,Janjgir-champa,Chhattisgarh,21.8608,82.8519
495691,Janjgir-champa,Chhattisgarh,21.8376,82.9851
495692,Janjgir-champa,Chhattisgarh,21.8211,83.1594
495695,Janjgir-champa,Chhattisgarh,21.9237,83.0845
496001,Raigarh,Chhattisgarh,21.8830,83.4093
496005,Raigarh,Chhattisgarh,21.9244,83.3578
496100,Raigarh,Chhattisgarh,21.7960,83.3175
496107,Raigarh,Chhattisgarh,22.0925,83.5028
496108,Raigarh,Chhattisgarh,21.8976,83.3910
496109,Raigarh,Chhattisgarh,21.8976,83.3910
496111,Raigarh,Chhattisgarh,22.1582,83.3523
496113,Raigarh,Chhattisgarh,22.3080,83.4550
496115,Raigarh,Chhattisgarh,22.3293,83.4579
496116,Raigarh,Chhattisgarh,22.3015,83.1133
496118,Raigarh,Chhattisgarh,,
496220,Jashpur,Chhattisgarh,22.4746,83.6927
496223,Jashpur,Chhattisgarh,22.6639,83.7362
496224,Jashpur,Chhattisgarh,22.9286,83.6455
496225,Jashpur,Chhattisgarh,22.7829,83.9135
496227,Jashpur,Chhattisgarh,22.5020,83.9678
496242,Jashpur,Chhattisgarh,22.4858,83.7969
496245,Jashpur,Chhattisgarh,22.3892,83.8685
496330,Jashpur,Chhattisgarh,23.0765,84.0194
496331,Jashpur,Chhattisgarh,22.8721,84.1277
496334,Jashpur,Chhattisgarh,22.7574,84.0907
496336,Jashpur,Chhattisgarh,23.0855,83.8075
496338,Jashpur,Chhattisgarh,22.9035,84.2042
496440,Raigarh,Chhattisgarh,21.7619,83.4030
496445,Raigarh,Chhattisgarh,21.5928,83.0688
496450,Raigarh,Chhattisgarh,21.6847,83.1314
496551,Raigarh,Chhattisgarh,21.5838,83.2867
496554,Raigarh,Chhattisgarh,21.6373,83.3493
496661,Raigarh,Chhattisgarh,21.9820,83.1461
496665,Raigarh,Chhattisgarh,22.1196,83.1354
497001,Surguja,Chhattisgarh,23.1355,83.1818
497101,Surguja,Chhattisgarh,22.9807,83.4137
497111,Surguja,Chhattisgarh,22.8297,83.2774
497114,Surguja,Chhattisgarh,,
497116,Surguja,Chhattisgarh,23.1160,83.1931
497117,Surguja,Chhattisgarh,23.1160,83.1931
497118,Balrampur,Chhattisgarh,23.3353,83.5207
497119,Balrampur,Chhattisgarh,23.5857,83.7146
497220,Balrampur,Chhattisgarh,23.7837,83.6242
497223,Surajpur,Chhattisgarh,22.9297,83.2037
497224,Balrampur,Chhattisgarh,23.3332,83.8234
497225,Balrampur,Chhattisgarh,23.6624,83.3143
497226,Surajpur,Chhattisgarh,23.1910,82.9678
497229,Surajpur,Chhattisgarh,23.2148,82.8694
497231,Surajpur,Chhattisgarh,23.1910,82.8688
497235,Surajpur,Chhattisgarh,23.1910,82.9678
497331,Korea,Chhattisgarh,23.2714,82.4944
497333,Surajpur,Chhattisgarh,23.1487,82.7185
497335,Korea,Chhattisgarh,23.2605,82.5625
497339,Korea,Chhattisgarh,23.3343,82.5199
497442,Korea,Chhattisgarh,23.3455,82.5259
497446,Korea,Chhattisgarh,,
497447,Korea,Chhattisgarh,23.1250,82.9278
497448,Korea,Chhattisgarh,23.1879,82.1723
497449,Korea,Chhattisgarh,23.2605,82.5625
497450,Korea,Chhattisgarh,23.1880,82.3542
497451,Korea,Chhattisgarh,23.1923,82.3531
497553,Korea,Chhattisgarh,,
497555,Korea,Chhattisgarh,,
497557,Korea,Chhattisgarh,23.1931,82.3812
497559,Korea,Chhattisgarh,23.3488,82.5196
497773,Korea,Chhattisgarh,23.1900,82.3500
497778,Korea,Chhattisgarh,23.3343,82.5199
500001,Hyderabad,Telangana,17.5244,78.6142
500002,Hyderabad,Telangana,17.3699,78.4685
500003,Hyderabad,Telangana,17.7376,78.8312
500004,Hyderabad,Telangana,17.4066,78.4670
500005,Ranga Reddy,Telangana,17.3092,78.4503
500006,Hyderabad,Telangana,17.5020,78.6869
500007,Hyderabad,Telangana,17.4168,78.5283
500008,Hyderabad,Telangana,17.6391,78.6665
500009,Hyderabad,Telangana,17.4691,78.5000
500010,Hyderabad,Telangana,17.5110,78.5180
500011,Hyderabad,Telangana,17.4649,78.4724
500012,Hyderabad,Telangana,17.3789,78.4697
500013,Medchal Malkajgiri,Telangana,17.3992,78.5365
500014,Hyderabad,Telangana,17.5390,78.5183
500015,Hyderabad,Telangana,17.4802,78.5101
500016,Hyderabad,Telangana,17.4414,78.4692
500017,Hyderabad,Telangana,17.4366,78.5357
500018,Medchal Malkajgiri,Telangana,17.7523,78.7021
500019,Ranga Reddy,Telangana,,
500020,Hyderabad,Telangana,17.4103,78.4969
500022,Hyderabad,Telangana,17.4085,78.4707
500023,Hyderabad,Telangana,17.3520,78.4885
500024,Hyderabad,Telangana,17.6186,78.8257
500025,Hyderabad,Telangana,17.4396,78.5105
500026,Hyderabad,Telangana,17.3931,78.4763
500027,Hyderabad,Telangana,17.5278,78.6637
500028,Hyderabad,Telangana,17.6526,78.7357
500029,Hyderabad,Telangana,17.6745,78.7959
500030,Ranga Reddy,Telangana,17.4739,78.5119
500031,Hyderabad,Telangana,17.5355,78.6608
500032,Ranga Reddy,Telangana,17.7025,78.6058
500033,Hyderabad,Telangana,17.4300,78.4174
500034,Hyderabad,Telangana,17.4172,78.4359
500035,Ranga Reddy,Telangana,17.3595,78.5373
500036,Hyderabad,Telangana,17.3721,78.5103
500037,Medchal Malkajgiri,Telangana,17.4886,78.4412
500038,Hyderabad,Telangana,17.5873,78.5895
500039,Medchal Malkajgiri,Telangana,17.4739,78.5119
500040,Hyderabad,Telangana,,
500041,Hyderabad,Telangana,17.3931,78.4763
500042,Medchal Malkajgiri,Telangana,17.3931,78.4763
500043,Medchal Malkajgiri,Telangana,17.6530,78.3971
500044,Hyderabad,Telangana,17.4024,78.5098
500045,Hyderabad,Telangana,17.4430,78.4282
500046,Ranga Reddy,Telangana,17.7648,78.5499
500047,Medchal Malkajgiri,Telangana,,
500048,Ranga Reddy,Telangana,17.3965,78.4823
500049,Medchal Malkajgiri,Telangana,17.6526,78.5542
500050,Ranga Reddy,Telangana,,
500051,Medchal Malkajgiri,Telangana,17.4739,78.5370
500052,Ranga Reddy,Telangana,17.3279,78.4358
500053,Hyderabad,Telangana,17.3411,78.4741
500054,Medchal Malkajgiri,Telangana,17.5026,78.4414
500055,Medchal Malkajgiri,Telangana,17.5207,78.4447
500056,Hyderabad,Telangana,,
500057,Hyderabad,Telangana,17.3931,78.4763
500058,Hyderabad,Telangana,17.3351,78.5020
500059,Hyderabad,Telangana,17.3563,78.5051
500060,Ranga Reddy,Telangana,17.3734,78.5293
500061,Hyderabad,Telangana,17.6856,78.8527
500062,Medchal Malkajgiri,Telangana,,
500063,Hyderabad,Telangana,17.4065,78.4721
500064,Hyderabad,Telangana,17.5856,78.7519
500065,Hyderabad,Telangana,17.3526,78.4787
500066,Hyderabad,Telangana,17.3931,78.4763
500067,Medchal Malkajgiri,Telangana,17.8085,78.4750
500068,Medchal Malkajgiri,Telangana,17.3630,78.5843
500069,Ranga Reddy,Telangana,17.3049,78.5235
500070,Ranga Reddy,Telangana,17.3264,78.5714
500072,Medchal Malkajgiri,Telangana,17.5659,78.5389
500073,Hyderabad,Telangana,17.4297,78.4378
500074,Ranga Reddy,Telangana,17.3521,78.5472
500075,Ranga Reddy,Telangana,17.6612,78.5194
500076,Medchal Malkajgiri,Telangana,17.4279,78.5498
500077,Ranga Reddy,Telangana,17.3159,78.4346
500078,Medchal Malkajgiri,Telangana,17.5634,78.5378
500079,Ranga Reddy,Telangana,17.3354,78.5373
500080,Hyderabad,Telangana,17.3931,78.4763
500081,Hyderabad,Telangana,17.4474,78.3962
500082,Hyderabad,Telangana,17.4218,78.4550
500083,Medchal Malkajgiri,Telangana,17.4739,78.5119
500084,Hyderabad,Telangana,17.4739,78.5119
500085,Medchal Malkajgiri,Telangana,17.4932,78.3925
500086,Ranga Reddy,Telangana,17.3488,78.3769
500087,Medchal Malkajgiri,Telangana,,
500088,Medchal Malkajgiri,Telangana,17.4400,78.6524
500089,Ranga Reddy,Telangana,,
500090,Medchal Malkajgiri,Telangana,17.5176,78.3359
500091,Ranga Reddy,Telangana,17.3931,78.4763
500092,Medchal Malkajgiri,Telangana,17.4201,78.5845
500093,Medchal Malkajgiri,Telangana,17.3931,78.4763
500094,Hyderabad,Telangana,17.4879,78.6419
500095,Hyderabad,Telangana,17.3969,78.4772
500096,Hyderabad,Telangana,17.6997,78.6853
500097,Ranga Reddy,Telangana,17.3275,78.5364
500098,Medchal Malkajgiri,Telangana,17.4082,78.6016
500100,Medchal Malkajgiri,Telangana,17.4739,78.5119
500101,Medchal Malkajgiri,Telangana,17.4739,78.5119
500102,Ranga Reddy,Telangana,17.3551,78.5376
500103,Medchal Malkajgiri,Telangana,17.4876,78.5725
500104,Ranga Reddy,Telangana,17.4156,78.3706
500107,Hyderabad,Telangana,17.4500,78.3102
500108,Ranga Reddy,Telangana,17.2403,78.4294
500109,Hyderabad,Telangana,,
500110,Hyderabad,Telangana,17.4190,78.4017
500111,Ranga Reddy,Telangana,17.4350,78.3390
500112,Ranga Reddy,Telangana,,
500113,Ranga Reddy,Telangana,17.3098,78.5332
500114,Medchal Malkajgiri,Telangana,17.7633,78.7081
500115,Ranga Reddy,Telangana,17.3629,78.5842
501101,Vikarabad,Telangana,17.3385,77.9094
501102,Vikarabad,Telangana,17.3385,77.9094
501106,Vikarabad,Telangana,17.3822,77.7472
501111,Vikarabad,Telangana,,
501121,Vikarabad,Telangana,17.3109,77.7807
501141,Vikarabad,Telangana,17.2529,77.5844
501142,Vikarabad,Telangana,17.3397,77.6595
501143,Vikarabad,Telangana,17.2169,77.4987
501144,Vikarabad,Telangana,17.2141,77.6484
501158,Vikarabad,Telangana,17.2980,77.4812
501202,Vikarabad,Telangana,,
501203,Ranga Reddy,Telangana,17.4145,78.1212
501218,Ranga Reddy,Telangana,17.4739,78.5119
501301,Medchal Malkajgiri,Telangana,17.4518,78.6829
501359,Ranga Reddy,Telangana,17.1712,78.4564
501401,Medchal Malkajgiri,Telangana,17.6364,78.4878
501501,Vikarabad,Telangana,,
501502,Vikarabad,Telangana,17.1558,77.8713
501503,Ranga Reddy,Telangana,17.3104,78.1379
501504,Ranga Reddy,Telangana,17.3268,78.2747
501505,Ranga Reddy,Telangana,17.3289,78.6428
501506,Ranga Reddy,Telangana,17.4739,78.5119
501508,Ranga Reddy,Telangana,17.2038,78.7150
501509,Ranga Reddy,Telangana,16.9954,78.6792
501510,Ranga Reddy,Telangana,17.2278,78.5874
501511,Ranga Reddy,Telangana,17.2676,78.6771
501512,Ranga Reddy,Telangana,17.2962,78.7148
502001,Sangareddy,Telangana,17.9956,78.1424
502032,Sangareddy,Telangana,17.4977,78.2896
502101,Medak,Telangana,18.1181,78.4312
502102,Medak,Telangana,18.0490,78.2673
502103,Siddipet,Telangana,,
502107,Siddipet,Telangana,18.1613,78.8073
502108,Siddipet,Telangana,,
502109,Medak,Telangana,18.0490,78.2673
502110,Medak,Telangana,18.0467,78.2608
502113,Medak,Telangana,18.0857,78.2630
502114,Siddipet,Telangana,18.1094,78.7739
502115,Medak,Telangana,18.1146,78.3995
502117,Medak,Telangana,18.0199,78.2949
502125,Medak,Telangana,18.0340,78.1884
502130,Medak,Telangana,18.0659,78.2292
502205,Sangareddy,Telangana,17.5050,78.1443
502210,Sangareddy,Telangana,17.6003,77.7147
502220,Sangareddy,Telangana,,
502221,Sangareddy,Telangana,,
502228,Sangareddy,Telangana,,
502246,Sangareddy,Telangana,17.7636,77.7111
502247,Siddipet,Telangana,,
502248,Medak,Telangana,18.0449,78.4236
502249,Sangareddy,Telangana,,
502251,Sangareddy,Telangana,,
502255,Medak,Telangana,17.9736,78.4616
502256,Sangareddy,Telangana,,
502257,Sangareddy,Telangana,17.8378,77.7462
502267,Siddipet,Telangana,18.1500,78.9417
502269,Medak,Telangana,17.9661,77.9295
502270,Sangareddy,Telangana,17.8369,78.0717
502271,Medak,Telangana,18.0512,77.9136
502273,Sangareddy,Telangana,17.8191,78.0768
502276,Siddipet,Telangana,18.1607,78.8999
502277,Siddipet,Telangana,18.0093,78.8910
502278,Siddipet,Telangana,17.8491,78.6712
502279,Siddipet,Telangana,17.7724,78.6972
502280,Siddipet,Telangana,18.0620,79.0363
502281,Siddipet,Telangana,17.7673,78.8075
502284,Sangareddy,Telangana,17.5900,78.1200
502285,Sangareddy,Telangana,17.5808,78.1079
502286,Sangareddy,Telangana,,
502287,Sangareddy,Telangana,,
502290,Medak,Telangana,17.9653,77.8729
502291,Sangareddy,Telangana,17.6167,77.9507
502293,Sangareddy,Telangana,17.7606,77.9481
502294,Sangareddy,Telangana,,
502295,Sangareddy,Telangana,17.9691,78.0786
502296,Sangareddy,Telangana,17.6275,78.1582
502300,Sangareddy,Telangana,17.5418,78.2280
502301,Siddipet,Telangana,17.8659,78.7609
502302,Medak,Telangana,17.9733,78.0352
502303,Medak,Telangana,18.0377,78.0866
502305,Sangareddy,Telangana,,
502306,Sangareddy,Telangana,17.6122,77.8919
502307,Sangareddy,Telangana,17.5343,78.1943
502310,Siddipet,Telangana,,
502311,Siddipet,Telangana,17.7706,78.6955
502312,Siddipet,Telangana,17.8334,78.7054
502313,Medak,Telangana,18.0490,78.2673
502314,Medak,Telangana,,
502316,Medak,Telangana,17.8994,78.2066
502318,Sangareddy,Telangana,17.6812,77.6510
502319,Sangareddy,Telangana,17.5317,78.2644
502321,Sangareddy,Telangana,17.6644,77.7093
502324,Sangareddy,Telangana,17.5189,78.2777
502325,Sangareddy,Telangana,17.5535,78.3503
502329,Sangareddy,Telangana,17.5636,78.1663
502331,Medak,Telangana,18.0433,78.1363
502334,Medak,Telangana,17.9052,78.4611
502335,Medak,Telangana,17.9052,78.4611
502336,Medak,Telangana,17.8829,78.2731
502345,Sangareddy,Telangana,17.6491,77.8075
502371,Sangareddy,Telangana,,
502372,Siddipet,Telangana,17.8906,78.7961
502375,Siddipet,Telangana,18.0932,78.9619
502381,Medak,Telangana,17.9462,78.1151
503001,Nizamabad,Telangana,18.6658,78.0997
503002,Nizamabad,Telangana,18.8230,78.1321
503003,Nizamabad,Telangana,18.6772,78.1030
503101,Kamareddy,Telangana,18.1901,78.4019
503102,Kamareddy,Telangana,18.2405,78.3603
503108,Kamareddy,Telangana,18.1053,78.1250
503110,Kamareddy,Telangana,18.2593,78.3008
503111,Kamareddy,Telangana,18.3186,78.3375
503112,Kamareddy,Telangana,18.3258,78.3361
503114,Kamareddy,Telangana,18.3828,78.1053
503120,Kamareddy,Telangana,18.3027,78.2201
503122,Kamareddy,Telangana,18.1947,78.0292
503123,Kamareddy,Telangana,18.2674,78.4560
503124,Kamareddy,Telangana,18.2281,78.1295
503125,Kamareddy,Telangana,18.2121,78.5177
503144,Kamareddy,Telangana,18.4123,78.3871
503145,Kamareddy,Telangana,18.4101,78.2721
503164,Nizamabad,Telangana,18.5455,78.2419
503165,Nizamabad,Telangana,18.5898,78.4278
503174,Nizamabad,Telangana,,
503175,Nizamabad,Telangana,18.6345,78.2089
503180,Nizamabad,Telangana,18.6528,77.9128
503185,Nizamabad,Telangana,18.6749,77.8464
503186,Nizamabad,Telangana,18.7056,78.0523
503187,Kamareddy,Telangana,18.3632,77.9019
503188,Nizamabad,Telangana,18.5833,77.8653
503201,Nizamabad,Telangana,18.5407,77.9195
503202,Nizamabad,Telangana,18.6937,78.0521
503206,Nizamabad,Telangana,18.5982,77.9714
503207,Nizamabad,Telangana,18.5801,77.7838
503212,Nizamabad,Telangana,18.8809,78.1701
503213,Nizamabad,Telangana,18.7821,78.1502
503217,Nizamabad,Telangana,18.8548,78.3379
503218,Nizamabad,Telangana,18.8865,78.3487
503219,Nizamabad,Telangana,18.9585,78.3810
503223,Nizamabad,Telangana,18.7953,78.2856
503224,Nizamabad,Telangana,18.7832,78.2966
503225,Nizamabad,Telangana,18.8091,78.4530
503230,Nizamabad,Telangana,18.6470,78.1334
503235,Nizamabad,Telangana,18.7459,77.9307
503245,Nizamabad,Telangana,18.7766,77.9947
503246,Nizamabad,Telangana,18.8111,78.0631
503301,Kamareddy,Telangana,18.4494,77.8770
503302,Kamareddy,Telangana,18.2298,77.9355
503305,Kamareddy,Telangana,18.3333,77.6984
503306,Kamareddy,Telangana,18.4013,77.7409
503307,Nizamabad,Telangana,18.7002,78.4407
503308,Nizamabad,Telangana,18.8352,78.5107
503309,Kamareddy,Telangana,18.4593,77.7087
503310,Kamareddy,Telangana,18.2598,77.7985
503311,Nizamabad,Telangana,18.7978,78.4076
503321,Kamareddy,Telangana,18.4646,77.8086
503322,Nizamabad,Telangana,18.6171,78.2127
504001,Adilabad,Telangana,19.6776,78.5363
504002,Adilabad,Telangana,19.6612,78.5333
504101,Nirmal,Telangana,18.9323,77.9910
504102,Nirmal,Telangana,19.0149,77.9181
504103,Nirmal,Telangana,19.1928,77.9453
504104,Nirmal,Telangana,19.0300,78.1218
504105,Nirmal,Telangana,19.0212,78.3728
504106,Nirmal,Telangana,19.0888,78.3430
504107,Nirmal,Telangana,,
504109,Nirmal,Telangana,19.1550,78.0880
504110,Nirmal,Telangana,19.1932,78.2789
504201,Mancherial,Telangana,18.8559,79.8009
504202,Nirmal,Telangana,19.0710,78.7522
504203,Nirmal,Telangana,19.0786,78.6590
504204,Mancherial,Telangana,18.8476,79.7035
504205,Mancherial,Telangana,19.0819,79.0490
504206,Mancherial,Telangana,18.9923,79.1412
504207,Mancherial,Telangana,18.8756,79.2810
504208,Mancherial,Telangana,18.8777,79.4468
504209,Mancherial,Telangana,18.8831,79.4262
504214,Mancherial,Telangana,19.0206,79.8227
504215,Mancherial,Telangana,18.9051,79.1958
504216,Mancherial,Telangana,18.8494,79.5843
504218,Mancherial,Telangana,19.0360,79.3579
504219,Mancherial,Telangana,19.0718,79.6320
504220,Mancherial,Telangana,19.1653,79.4097
504231,Mancherial,Telangana,18.9871,79.4791
504251,Mancherial,Telangana,19.0729,79.4912
504272,Mancherial,Telangana,19.1501,79.4605
504273,Kumuram Bheem Asifabad,Telangana,19.2406,79.6496
504292,Kumuram Bheem Asifabad,Telangana,19.2553,79.4145
504293,Kumuram Bheem Asifabad,Telangana,19.3650,79.2931
504294,Kumuram Bheem Asifabad,Telangana,19.2325,79.2627
504295,Kumuram Bheem Asifabad,Telangana,19.4729,79.3219
504296,Kumuram Bheem Asifabad,Telangana,19.3526,79.4838
504297,Kumuram Bheem Asifabad,Telangana,19.1786,79.2705
504299,Kumuram Bheem Asifabad,Telangana,19.4717,79.7484
504301,Mancherial,Telangana,18.9337,79.4607
504302,Mancherial,Telangana,18.8519,79.4879
504303,Mancherial,Telangana,18.8621,79.5097
504304,Adilabad,Telangana,19.4010,78.3167
504306,Nirmal,Telangana,19.0896,78.2552
504307,Adilabad,Telangana,19.4128,78.4525
504308,Adilabad,Telangana,19.5450,78.4791
504309,Adilabad,Telangana,19.7332,78.6796
504310,Nirmal,Telangana,19.0830,78.4997
504311,Adilabad,Telangana,19.4118,78.8114
504312,Adilabad,Telangana,19.6886,78.4228
504313,Kumuram Bheem Asifabad,Telangana,19.2622,79.0195
504323,Adilabad,Telangana,19.2804,78.4098
504346,Adilabad,Telangana,19.4951,78.7363
505001,Karimnagar,Telangana,18.4436,79.1329
505002,Karimnagar,Telangana,18.4513,79.1327
505101,Warangal Urban,Telangana,18.1711,79.4919
505102,Warangal Urban,Telangana,18.1604,79.5599
505122,Karimnagar,Telangana,18.2727,79.4924
505129,Karimnagar,Telangana,18.3173,79.4473
505152,Peddapalli,Telangana,18.4240,79.4657
505153,Peddapalli,Telangana,18.4502,79.5162
505162,Peddapalli,Telangana,18.5155,79.4289
505172,Peddapalli,Telangana,18.6151,79.3801
505174,Peddapalli,Telangana,18.5836,79.3827
505184,Peddapalli,Telangana,18.6425,79.6480
505185,Peddapalli,Telangana,18.5183,79.3171
505186,Peddapalli,Telangana,18.4922,79.2491
505187,Peddapalli,Telangana,18.7112,79.3561
505188,Peddapalli,Telangana,18.6682,79.4786
505208,Peddapalli,Telangana,18.7737,79.4456
505209,Peddapalli,Telangana,18.7595,79.5104
505210,Peddapalli,Telangana,18.7230,79.4966
505211,Peddapalli,Telangana,18.6836,79.5406
505212,Peddapalli,Telangana,18.6309,79.5728
505214,Peddapalli,Telangana,18.7342,79.5196
505215,Peddapalli,Telangana,18.7615,79.4737
505301,Rajanna Sircilla,Telangana,18.4333,78.7644
505302,Rajanna Sircilla,Telangana,18.4548,78.8821
505303,Rajanna Sircilla,Telangana,18.3619,78.6656
505304,Rajanna Sircilla,Telangana,18.2983,78.5831
505305,Rajanna Sircilla,Telangana,18.3972,78.6042
505306,Jagitial,Telangana,18.6920,78.7315
505307,Rajanna Sircilla,Telangana,18.5779,78.7405
505325,Jagitial,Telangana,18.8073,78.6216
505326,Jagitial,Telangana,18.8208,78.7110
505327,Jagitial,Telangana,18.7954,78.9153
505330,Jagitial,Telangana,18.8622,78.7434
505331,Jagitial,Telangana,18.9452,78.6867
505401,Rajanna Sircilla,Telangana,18.3960,78.9757
505402,Rajanna Sircilla,Telangana,18.3213,78.9331
505403,Rajanna Sircilla,Telangana,18.5257,78.7911
505404,Rajanna Sircilla,Telangana,18.2906,78.7158
505405,Rajanna Sircilla,Telangana,18.3229,78.8261
505415,Karimnagar,Telangana,18.5765,79.1600
505416,Peddapalli,Telangana,18.7008,79.2088
505425,Jagitial,Telangana,18.9190,79.0905
505445,Karimnagar,Telangana,18.5568,78.9944
505450,Jagitial,Telangana,18.9204,78.5716
505451,Karimnagar,Telangana,18.5045,79.0723
505452,Jagitial,Telangana,18.7169,78.9642
505453,Jagitial,Telangana,18.8127,78.7830
505454,Jagitial,Telangana,18.9606,78.9988
505455,Jagitial,Telangana,18.7890,78.9128
505460,Jagitial,Telangana,18.9219,78.8216
505462,Jagitial,Telangana,18.7373,78.6977
505466,Siddipet,Telangana,18.0752,79.2215
505467,Siddipet,Telangana,18.1258,79.1415
505468,Karimnagar,Telangana,18.2009,79.3976
505469,Karimnagar,Telangana,18.3636,79.2261
505470,Karimnagar,Telangana,18.3238,79.3543
505471,Warangal Urban,Telangana,18.0445,79.3029
505472,Karimnagar,Telangana,18.1873,79.2666
505473,Siddipet,Telangana,18.1693,79.0392
505474,Karimnagar,Telangana,18.3039,79.2842
505475,Karimnagar,Telangana,18.3767,79.5384
505476,Warangal Urban,Telangana,18.1210,79.4430
505480,Karimnagar,Telangana,18.1627,79.3515
505481,Karimnagar,Telangana,18.2485,79.1451
505490,Karimnagar,Telangana,18.2556,79.3093
505497,Warangal Urban,Telangana,18.1038,79.3714
505498,Karimnagar,Telangana,18.2113,79.4026
505501,Jagitial,Telangana,18.6280,78.9193
505502,Karimnagar,Telangana,18.3827,79.4091
505503,Jayashankar Bhupalapally,Telangana,18.6196,79.9165
505504,Jayashankar Bhupalapally,Telangana,18.7023,80.0349
505505,Karimnagar,Telangana,18.4292,79.3017
505514,Peddapalli,Telangana,18.7903,79.3830
505524,Rajanna Sircilla,Telangana,18.5402,78.9173
505525,Peddapalli,Telangana,18.5860,79.2650
505526,Jagitial,Telangana,18.7964,79.1845
505527,Karimnagar,Telangana,18.3721,79.1725
505528,Siddipet,Telangana,18.2362,79.0587
505529,Jagitial,Telangana,18.8342,78.9493
505530,Karimnagar,Telangana,18.3173,79.0892
505531,Karimnagar,Telangana,18.5999,79.0871
505532,Jagitial,Telangana,18.7659,79.0714
506001,Warangal Urban,Telangana,18.0131,79.7416
506002,Warangal Urban,Telangana,17.9829,79.5960
506003,Warangal Urban,Telangana,17.9453,79.5056
506004,Warangal Urban,Telangana,17.9853,79.5238
506005,Warangal Urban,Telangana,17.9446,79.6004
506006,Warangal Rural,Telangana,,
506007,Warangal Urban,Telangana,18.0010,79.5914
506008,Warangal Urban,Telangana,,
506009,Warangal Urban,Telangana,18.0153,79.5587
506011,Warangal Urban,Telangana,18.0135,79.7652
506013,Warangal Urban,Telangana,,
506015,Warangal Urban,Telangana,18.0533,79.5377
506101,Mahabubabad,Telangana,17.5982,80.0017
506102,Mahabubabad,Telangana,17.5955,79.9988
506103,Mahabubabad,Telangana,17.6962,80.0021
506104,Mahabubabad,Telangana,17.5330,79.9196
506105,Mahabubabad,Telangana,17.5247,80.0022
506112,Mahabubabad,Telangana,17.6913,79.8894
506122,Warangal Rural,Telangana,17.7930,79.8054
506132,Warangal Rural,Telangana,,
506134,Mahabubabad,Telangana,17.1521,80.0044
506135,Mahabubabad,Telangana,17.1521,80.0044
506142,Warangal Urban,Telangana,17.9930,79.3968
506143,Jangoan,Telangana,17.8442,79.4166
506144,Jangoan,Telangana,17.8852,79.3886
506145,Jangoan,Telangana,17.9351,79.2539
506146,Jangoan,Telangana,17.6625,79.4012
506151,Warangal Urban,Telangana,17.9503,79.3831
506163,Mahabubabad,Telangana,,
506164,Warangal Rural,Telangana,,
506165,Mulugu,Telangana,18.3390,80.4302
506166,Warangal Urban,Telangana,17.9088,79.5926
506167,Jangoan,Telangana,17.7244,79.1524
506168,Jayashankar Bhupalapally,Telangana,18.2395,79.4519
506169,Jayashankar Bhupalapally,Telangana,18.4397,79.9564
506170,Jayashankar Bhupalapally,Telangana,18.3718,79.7552
506172,Mulugu,Telangana,18.2197,80.5299
506175,Jangoan,Telangana,17.7891,79.1472
506201,Jangoan,Telangana,,
506221,Jangoan,Telangana,17.7967,79.0372
506222,Jangoan,Telangana,17.5340,79.5040
506223,Siddipet,Telangana,17.9394,78.9773
506224,Jangoan,Telangana,,
506244,Jangoan,Telangana,17.7561,79.2205
506252,Jangoan,Telangana,17.7447,79.3983
506301,Jangoan,Telangana,17.8134,79.3340
506302,Jangoan,Telangana,17.5690,79.3640
506303,Jangoan,Telangana,17.6556,79.2397
506310,Warangal Rural,Telangana,,
506313,Warangal Rural,Telangana,17.7725,79.5674
506314,Warangal Rural,Telangana,17.7049,79.6067
506315,Mahabubabad,Telangana,17.3928,79.8762
506316,Jangoan,Telangana,17.7688,79.4768
506317,Mahabubabad,Telangana,,
506318,Mahabubabad,Telangana,,
506319,Warangal Rural,Telangana,18.1340,79.7141
506324,Mahabubabad,Telangana,17.5165,79.7344
506329,Warangal Rural,Telangana,,
506330,Warangal Rural,Telangana,,
506331,Warangal Rural,Telangana,18.0022,79.8079
506332,Warangal Rural,Telangana,17.8820,79.8702
506333,Warangal Rural,Telangana,,
506342,Warangal Rural,Telangana,18.0311,79.7285
506343,Mulugu,Telangana,18.1663,79.9347
506344,Mulugu,Telangana,18.1776,80.3123
506345,Jayashankar Bhupalapally,Telangana,18.3076,79.8700
506347,Mulugu,Telangana,18.1939,80.1691
506348,Jayashankar Bhupalapally,Telangana,18.2500,79.7574
506349,Warangal Rural,Telangana,18.0868,79.8158
506350,Warangal Rural,Telangana,,
506352,Mulugu,Telangana,18.1573,79.9984
506355,Siddipet,Telangana,17.9070,78.8773
506356,Jayashankar Bhupalapally,Telangana,18.3767,79.6352
506365,Warangal Rural,Telangana,17.7361,79.7244
506366,Jayashankar Bhupalapally,Telangana,18.2932,79.6122
506367,Siddipet,Telangana,17.9794,79.0628
506368,Mahabubabad,Telangana,17.6066,79.7606
506369,Warangal Rural,Telangana,17.6992,79.7355
506370,Warangal Urban,Telangana,18.0001,79.5319
506371,Warangal Urban,Telangana,18.0746,79.5102
506381,Mahabubabad,Telangana,17.4435,80.1509
506391,Warangal Rural,Telangana,18.2008,79.6289
507001,Khammam,Telangana,17.3263,80.1500
507002,Khammam,Telangana,17.2962,80.1756
507003,Khammam,Telangana,17.2473,80.1514
507101,Bhadradri Kothagudem,Telangana,17.5446,80.6219
507103,Bhadradri Kothagudem,Telangana,17.4688,80.6488
507111,Bhadradri Kothagudem,Telangana,17.6736,80.8936
507114,Bhadradri Kothagudem,Telangana,17.5016,80.9139
507115,Bhadradri Kothagudem,Telangana,17.6092,80.7048
507116,Bhadradri Kothagudem,Telangana,17.8509,80.8156
507117,Bhadradri Kothagudem,Telangana,17.9311,80.8207
507118,Bhadradri Kothagudem,Telangana,17.5446,80.6316
507119,Bhadradri Kothagudem,Telangana,17.4844,80.6514
507120,Bhadradri Kothagudem,Telangana,17.4853,80.5765
507122,Khammam,Telangana,17.4827,80.3028
507123,Bhadradri Kothagudem,Telangana,17.5992,80.3426
507124,Bhadradri Kothagudem,Telangana,17.6022,80.5075
507125,Bhadradri Kothagudem,Telangana,17.5218,80.6268
507128,Bhadradri Kothagudem,Telangana,17.6999,80.8276
507133,Bhadradri Kothagudem,Telangana,17.9193,80.9691
507136,Mulugu,Telangana,18.2964,80.5387
507137,Bhadradri Kothagudem,Telangana,17.8573,80.9264
507138,Bhadradri Kothagudem,Telangana,17.6751,80.7763
507140,Bhadradri Kothagudem,Telangana,18.0172,80.8671
507154,Bhadradri Kothagudem,Telangana,17.6092,80.7048
507157,Khammam,Telangana,17.2100,79.9034
507158,Khammam,Telangana,17.1498,80.0661
507159,Khammam,Telangana,17.2120,79.9573
507160,Khammam,Telangana,17.1018,80.0255
507161,Khammam,Telangana,17.3312,79.8809
507163,Khammam,Telangana,17.3001,80.0601
507164,Khammam,Telangana,,
507165,Khammam,Telangana,17.1918,80.3575
507166,Bhadradri Kothagudem,Telangana,17.3730,80.5942
507167,Khammam,Telangana,17.2110,80.4243
507168,Khammam,Telangana,17.3310,80.4403
507169,Khammam,Telangana,17.0285,80.0717
507170,Khammam,Telangana,17.2812,80.1799
507182,Khammam,Telangana,17.3555,80.2272
507183,Khammam,Telangana,17.3496,80.0071
507201,Khammam,Telangana,16.8228,80.4728
507202,Khammam,Telangana,16.8935,80.5259
507203,Khammam,Telangana,16.9233,80.3631
507204,Khammam,Telangana,17.0341,80.2861
507208,Khammam,Telangana,17.1247,80.2084
507209,Khammam,Telangana,17.2133,80.5500
507210,Mahabubabad,Telangana,17.4879,80.1446
507211,Mahabubabad,Telangana,17.6181,80.1288
507301,Bhadradri Kothagudem,Telangana,17.3273,80.9967
507302,Khammam,Telangana,17.2121,80.6632
507303,Khammam,Telangana,,
507304,Khammam,Telangana,17.0039,80.3714
507305,Khammam,Telangana,17.2381,80.2533
507306,Bhadradri Kothagudem,Telangana,17.2722,81.0092
507316,Bhadradri Kothagudem,Telangana,17.3202,80.6944
507318,Khammam,Telangana,17.2402,80.2017
508001,Nalgonda,Telangana,17.0531,79.2713
508002,Nalgonda,Telangana,17.0522,79.2646
508004,Nalgonda,Telangana,17.0187,79.1747
508101,Yadadri Bhuvanagiri,Telangana,17.6037,79.1214
508105,Yadadri Bhuvanagiri,Telangana,17.7304,78.9369
508111,Yadadri Bhuvanagiri,Telangana,17.4879,79.1631
508112,Yadadri Bhuvanagiri,Telangana,17.3815,79.0643
508113,Yadadri Bhuvanagiri,Telangana,17.3039,79.1224
508114,Nalgonda,Telangana,17.1916,79.0740
508115,Yadadri Bhuvanagiri,Telangana,17.6438,78.8853
508116,Yadadri Bhuvanagiri,Telangana,17.5215,78.8942
508117,Yadadri Bhuvanagiri,Telangana,17.5649,78.8315
508126,Yadadri Bhuvanagiri,Telangana,17.4936,78.7708
508201,Suryapet,Telangana,16.9208,79.7611
508202,Nalgonda,Telangana,16.6538,79.2849
508204,Suryapet,Telangana,16.8651,79.8546
508205,Nalgonda,Telangana,17.2012,79.3113
508206,Suryapet,Telangana,16.9953,79.9728
508207,Nalgonda,Telangana,16.8704,79.5684
508208,Nalgonda,Telangana,16.8585,79.5495
508210,Nalgonda,Telangana,17.2877,79.4012
508211,Nalgonda,Telangana,17.1561,79.4569
508212,Suryapet,Telangana,17.2260,79.8031
508213,Suryapet,Telangana,17.1380,79.6242
508214,Suryapet,Telangana,17.0932,79.6759
508217,Nalgonda,Telangana,16.9746,79.5568
508218,Suryapet,Telangana,16.8582,79.6927
508221,Suryapet,Telangana,17.3300,79.6986
508223,Suryapet,Telangana,17.4777,79.5282
508224,Suryapet,Telangana,17.2777,79.5579
508233,Suryapet,Telangana,17.0525,79.8377
508234,Suryapet,Telangana,17.0856,79.8657
508238,Suryapet,Telangana,16.9341,79.9255
508243,Nalgonda,Telangana,16.6829,79.0115
508244,Nalgonda,Telangana,17.1251,79.1329
508245,Nalgonda,Telangana,16.9514,78.9413
508246,Suryapet,Telangana,16.8182,79.9880
508247,Nalgonda,Telangana,17.0243,79.3765
508248,Nalgonda,Telangana,16.7106,78.9072
508250,Nalgonda,Telangana,16.8377,78.8540
508252,Yadadri Bhuvanagiri,Telangana,17.2746,78.9163
508253,Yadadri Bhuvanagiri,Telangana,17.1124,78.8996
508254,Nalgonda,Telangana,17.2166,79.2143
508255,Nalgonda,Telangana,16.9819,79.0604
508256,Nalgonda,Telangana,16.8819,79.1290
508257,Nalgonda,Telangana,16.7884,79.0378
508258,Nalgonda,Telangana,16.7490,78.9150
508266,Nalgonda,Telangana,16.7081,79.1981
508277,Yadadri Bhuvanagiri,Telangana,17.4639,79.2640
508278,Nalgonda,Telangana,16.8338,79.3865
508279,Suryapet,Telangana,17.3979,79.4971
508280,Suryapet,Telangana,17.4219,79.6263
508284,Yadadri Bhuvanagiri,Telangana,17.3454,78.8241
508285,Yadadri Bhuvanagiri,Telangana,17.4249,78.9550
508286,Yadadri Bhuvanagiri,Telangana,17.5510,79.0081
508355,Nalgonda,Telangana,16.7833,79.5992
508373,Nalgonda,Telangana,16.8650,78.9452
508374,Nalgonda,Telangana,17.0442,79.5512
508376,Suryapet,Telangana,17.2028,79.5707
508377,Nalgonda,Telangana,16.8565,79.2695
509001,Mahabubnagar,Telangana,16.7491,77.9927
509002,Mahabubnagar,Telangana,16.7547,77.9991
509102,Nagarkurnool,Telangana,16.0972,78.3153
509103,Wanaparthy,Telangana,16.3646,78.0648
509104,Wanaparthy,Telangana,16.2055,77.9942
509105,Nagarkurnool,Telangana,16.0737,78.2564
509106,Wanaparthy,Telangana,16.3995,77.9570
509110,Wanaparthy,Telangana,16.4256,77.8129
509120,Wanaparthy,Telangana,,
509125,Jogulamba Gadwal,Telangana,16.2377,77.8042
509126,Jogulamba Gadwal,Telangana,15.8910,77.8262
509127,Jogulamba Gadwal,Telangana,16.0309,77.6461
509128,Jogulamba Gadwal,Telangana,16.0047,77.9126
509129,Jogulamba Gadwal,Telangana,16.0889,77.5265
509130,Wanaparthy,Telangana,16.3753,77.7748
509131,Wanaparthy,Telangana,16.3383,77.8063
509132,Jogulamba Gadwal,Telangana,16.2164,77.7823
509133,Jogulamba Gadwal,Telangana,16.2376,77.7920
509135,Jogulamba Gadwal,Telangana,15.9505,77.8405
509152,Jogulamba Gadwal,Telangana,15.8907,78.1022
509153,Jogulamba Gadwal,Telangana,15.9421,78.0381
509201,Nagarkurnool,Telangana,,
509202,Mahabubnagar,Telangana,16.9491,78.1830
509203,Nagarkurnool,Telangana,16.5301,78.2254
509204,Mahabubnagar,Telangana,16.6206,77.8479
509205,Narayanpet,Telangana,16.6390,77.6306
509206,Wanaparthy,Telangana,16.3965,78.1434
509207,Ranga Reddy,Telangana,,
509208,Narayanpet,Telangana,16.4532,77.5209
509209,Nagarkurnool,Telangana,16.4855,78.3159
509210,Narayanpet,Telangana,16.7371,77.4946
509215,Nagarkurnool,Telangana,16.4041,77.9417
509216,Ranga Reddy,Telangana,17.0686,78.2080
509217,Ranga Reddy,Telangana,17.4739,78.5119
509219,Mahabubnagar,Telangana,16.5239,77.8765
509228,Ranga Reddy,Telangana,17.1485,78.2871
509235,Nagarkurnool,Telangana,16.4277,78.2405
509301,Mahabubnagar,Telangana,16.7552,78.1438
509302,Mahabubnagar,Telangana,16.7806,78.1398
509311,Narayanpet,Telangana,16.5906,77.5163
509320,Nagarkurnool,Telangana,16.6932,78.4594
509321,Ranga Reddy,Telangana,,
509324,Nagarkurnool,Telangana,16.6654,78.4922
509325,Ranga Reddy,Telangana,17.1374,78.3199
509326,Nagarkurnool,Telangana,,
509327,Ranga Reddy,Telangana,,
509334,Mahabubnagar,Telangana,16.8345,77.9126
509335,Vikarabad,Telangana,17.0054,77.8652
509336,Vikarabad,Telangana,17.0288,77.5246
509337,Mahabubnagar,Telangana,16.9082,77.8557
509338,Vikarabad,Telangana,17.1495,77.6664
509339,Narayanpet,Telangana,16.9863,77.7092
509340,Mahabubnagar,Telangana,16.8398,78.1512
509349,Nagarkurnool,Telangana,16.6092,78.6243
509350,Vikarabad,Telangana,17.0557,77.6975
509351,Narayanpet,Telangana,16.5968,77.7272
509352,Narayanpet,Telangana,16.4216,77.3578
509353,Narayanpet,Telangana,16.5100,77.6248
509357,Mahabubnagar,Telangana,16.7434,78.3229
509358,Ranga Reddy,Telangana,16.9847,78.4995
509360,Nagarkurnool,Telangana,,
509371,Mahabubnagar,Telangana,16.7786,77.7899
509375,Nagarkurnool,Telangana,16.3998,78.6398
509376,Nagarkurnool,Telangana,16.4566,78.5952
509380,Wanaparthy,Telangana,16.7360,78.0078
509381,Wanaparthy,Telangana,16.7491,77.9942
509382,Mahabubnagar,Telangana,16.7014,78.0434
509385,Nagarkurnool,Telangana,16.4427,78.4606
509401,Nagarkurnool,Telangana,16.7491,77.9942
509406,Nagarkurnool,Telangana,16.6673,78.1908
509407,Narayanpet,Telangana,16.8452,77.5226
509408,Ranga Reddy,Telangana,,
509409,Mahabubnagar,Telangana,16.5500,77.7944
509410,Ranga Reddy,Telangana,17.0873,78.1234
509411,Narayanpet,Telangana,16.8334,77.6525
509412,Nagarkurnool,Telangana,16.2982,78.3600
515001,Anantapur,Andhra Pradesh,14.6756,77.5986
515002,Anantapur,Andhra Pradesh,14.6400,77.5414
515003,Anantapur,Andhra Pradesh,14.6358,77.6166
515004,Anantapur,Andhra Pradesh,14.6884,77.5800
515005,Anantapur,Andhra Pradesh,14.6756,77.5860
515101,Anantapur,Andhra Pradesh,14.2700,77.6300
515110,Anantapur,Andhra Pradesh,14.0846,77.5885
515122,Anantapur,Andhra Pradesh,13.9942,77.5725
515123,Anantapur,Andhra Pradesh,14.0945,77.4272
515124,Anantapur,Andhra Pradesh,14.0900,77.4200
515133,Anantapur,Andhra Pradesh,14.1871,77.7607
515134,Anantapur,Andhra Pradesh,14.1660,77.8055
515144,Anantapur,Andhra Pradesh,14.2400,77.8000
515154,Anantapur,Andhra Pradesh,14.1995,77.8012
515159,Anantapur,Andhra Pradesh,14.1997,77.8014
515164,Anantapur,Andhra Pradesh,14.0799,77.6022
515201,Anantapur,Andhra Pradesh,,
515202,Anantapur,Andhra Pradesh,,
515211,Anantapur,Andhra Pradesh,,
515212,Anantapur,Andhra Pradesh,,
515231,Anantapur,Andhra Pradesh,14.0400,77.8100
515241,Anantapur,Andhra Pradesh,,
515261,Anantapur,Andhra Pradesh,,
515271,Anantapur,Andhra Pradesh,14.6756,77.5860
515281,Anantapur,Andhra Pradesh,,
515286,Anantapur,Andhra Pradesh,,
515291,Anantapur,Andhra Pradesh,,
515301,Anantapur,Andhra Pradesh,,
515303,Anantapur,Andhra Pradesh,,
515305,Anantapur,Andhra Pradesh,14.1252,77.3411
515311,Anantapur,Andhra Pradesh,14.6756,77.5860
515321,Anantapur,Andhra Pradesh,14.0958,77.4279
515331,Anantapur,Andhra Pradesh,,
515341,Anantapur,Andhra Pradesh,,
515401,Anantapur,Andhra Pradesh,14.6120,77.4710
515402,Anantapur,Andhra Pradesh,14.6800,77.6300
515405,Anantapur,Andhra Pradesh,,
515408,Anantapur,Andhra Pradesh,,
515411,Anantapur,Andhra Pradesh,14.7350,77.7350
515413,Anantapur,Andhra Pradesh,,
515414,Anantapur,Andhra Pradesh,14.6900,77.7000
515415,Anantapur,Andhra Pradesh,,
515425,Anantapur,Andhra Pradesh,14.5900,77.6000
515435,Anantapur,Andhra Pradesh,14.6700,77.4350
515445,Anantapur,Andhra Pradesh,,
515455,Anantapur,Andhra Pradesh,,
515465,Anantapur,Andhra Pradesh,14.5800,77.7700
515501,Anantapur,Andhra Pradesh,14.1997,77.8010
515511,Anantapur,Andhra Pradesh,14.3485,77.9950
515521,Anantapur,Andhra Pradesh,,
515531,Anantapur,Andhra Pradesh,14.1600,77.9300
515541,Anantapur,Andhra Pradesh,14.1993,77.8012
515551,Anantapur,Andhra Pradesh,14.3490,77.9947
515556,Anantapur,Andhra Pradesh,,
515561,Anantapur,Andhra Pradesh,,
515571,Anantapur,Andhra Pradesh,,
515581,Anantapur,Andhra Pradesh,14.5613,77.8557
515591,Anantapur,Andhra Pradesh,,
515601,Anantapur,Andhra Pradesh,,
515611,Anantapur,Andhra Pradesh,,
515621,Anantapur,Andhra Pradesh,14.3512,77.3480
515631,Anantapur,Andhra Pradesh,14.5610,77.8543
515641,Anantapur,Andhra Pradesh,14.4455,77.5300
515651,Anantapur,Andhra Pradesh,14.3357,77.7153
515661,Anantapur,Andhra Pradesh,14.5150,77.7700
515671,Anantapur,Andhra Pradesh,14.4137,77.7235
515672,Anantapur,Andhra Pradesh,14.4200,77.7200
515701,Anantapur,Andhra Pradesh,14.7205,77.7160
515711,Anantapur,Andhra Pradesh,14.6756,77.5500
515721,Anantapur,Andhra Pradesh,14.5864,77.5350
515722,Anantapur,Andhra Pradesh,14.5200,77.5650
515731,Anantapur,Andhra Pradesh,14.7950,77.5939
515741,Anantapur,Andhra Pradesh,14.6856,77.2250
515751,Anantapur,Andhra Pradesh,14.6000,77.4700
515761,Anantapur,Andhra Pradesh,14.5300,77.1600
515763,Anantapur,Andhra Pradesh,,
515765,Anantapur,Andhra Pradesh,14.3700,77.2300
515766,Anantapur,Andhra Pradesh,14.2800,77.1400
515767,Anantapur,Andhra Pradesh,,
515774,Anantapur,Andhra Pradesh,,
515775,Anantapur,Andhra Pradesh,,
515787,Anantapur,Andhra Pradesh,14.4900,77.2283
515801,Anantapur,Andhra Pradesh,,
515803,Anantapur,Andhra Pradesh,14.6800,77.6100
515812,Anantapur,Andhra Pradesh,,
515822,Anantapur,Andhra Pradesh,,
515832,Anantapur,Andhra Pradesh,,
515842,Anantapur,Andhra Pradesh,,
515863,Anantapur,Andhra Pradesh,,
515865,Anantapur,Andhra Pradesh,14.6756,77.5860
515867,Anantapur,Andhra Pradesh,14.3400,77.1500
515870,Anantapur,Andhra Pradesh,,
515871,Anantapur,Andhra Pradesh,,
515872,Anantapur,Andhra Pradesh,,
516001,Y.s.r.,Andhra Pradesh,14.4745,78.8192
516002,Y.s.r.,Andhra Pradesh,14.4797,78.8664
516003,Y.s.r.,Andhra Pradesh,14.4776,78.7900
516004,Y.s.r.,Andhra Pradesh,14.4475,78.8320
516005,Y.s.r.,Andhra Pradesh,14.4800,78.7100
516101,Y.s.r.,Andhra Pradesh,14.0800,78.8900
516104,Y.s.r.,Andhra Pradesh,,
516105,Y.s.r.,Andhra Pradesh,,
516107,Y.s.r.,Andhra Pradesh,,
516108,Y.s.r.,Andhra Pradesh,,
516110,Y.s.r.,Andhra Pradesh,,
516115,Y.s.r.,Andhra Pradesh,,
516126,Y.s.r.,Andhra Pradesh,14.1600,79.0100
516127,Y.s.r.,Andhra Pradesh,14.4786,78.8221
516128,Y.s.r.,Andhra Pradesh,14.4786,78.8221
516129,Y.s.r.,Andhra Pradesh,,
516130,Y.s.r.,Andhra Pradesh,14.0850,78.9100
516150,Y.s.r.,Andhra Pradesh,14.2522,79.1060
516151,Y.s.r.,Andhra Pradesh,14.2709,79.1068
516152,Y.s.r.,Andhra Pradesh,14.3271,79.0737
516162,Y.s.r.,Andhra Pradesh,14.5450,78.7931
516163,Y.s.r.,Andhra Pradesh,14.5946,78.7921
516172,Y.s.r.,Andhra Pradesh,14.7255,78.7455
516173,Y.s.r.,Andhra Pradesh,14.7814,78.7717
516175,Y.s.r.,Andhra Pradesh,14.8246,78.6603
516193,Y.s.r.,Andhra Pradesh,,
516203,Y.s.r.,Andhra Pradesh,14.6409,78.7627
516213,Y.s.r.,Andhra Pradesh,14.4017,79.0244
516214,Y.s.r.,Andhra Pradesh,,
516215,Y.s.r.,Andhra Pradesh,,
516216,Y.s.r.,Andhra Pradesh,14.4668,78.6865
516217,Y.s.r.,Andhra Pradesh,,
516218,Y.s.r.,Andhra Pradesh,14.4361,78.5361
516227,Y.s.r.,Andhra Pradesh,14.7352,79.0621
516228,Y.s.r.,Andhra Pradesh,14.8050,79.0150
516233,Y.s.r.,Andhra Pradesh,14.6900,79.1300
516237,Y.s.r.,Andhra Pradesh,14.4800,78.9300
516247,Y.s.r.,Andhra Pradesh,14.4300,78.9636
516257,Y.s.r.,Andhra Pradesh,14.1700,78.6650
516259,Y.s.r.,Andhra Pradesh,14.2245,78.4935
516267,Y.s.r.,Andhra Pradesh,14.1000,78.5500
516268,Y.s.r.,Andhra Pradesh,14.1700,78.8573
516269,Y.s.r.,Andhra Pradesh,14.0600,78.7200
516270,Y.s.r.,Andhra Pradesh,14.1050,78.7562
516289,Y.s.r.,Andhra Pradesh,14.5518,78.6318
516293,Y.s.r.,Andhra Pradesh,14.5627,78.7113
516309,Y.s.r.,Andhra Pradesh,14.5998,78.5410
516310,Y.s.r.,Andhra Pradesh,14.6465,78.4858
516311,Y.s.r.,Andhra Pradesh,14.4786,78.8221
516312,Y.s.r.,Andhra Pradesh,14.7273,78.4759
516321,Y.s.r.,Andhra Pradesh,14.4721,78.4535
516329,Y.s.r.,Andhra Pradesh,14.3728,78.4809
516330,Y.s.r.,Andhra Pradesh,,
516339,Y.s.r.,Andhra Pradesh,14.5379,78.5355
516349,Y.s.r.,Andhra Pradesh,14.3702,78.3308
516350,Y.s.r.,Andhra Pradesh,14.3825,78.3889
516355,Y.s.r.,Andhra Pradesh,14.6830,78.6428
516356,Y.s.r.,Andhra Pradesh,14.7308,78.6611
516359,Y.s.r.,Andhra Pradesh,14.8275,78.5774
516360,Y.s.r.,Andhra Pradesh,14.7462,78.5503
516361,Y.s.r.,Andhra Pradesh,14.7516,78.5382
516362,Y.s.r.,Andhra Pradesh,14.7378,78.6142
516380,Y.s.r.,Andhra Pradesh,14.6878,78.3933
516390,Y.s.r.,Andhra Pradesh,,
516391,Y.s.r.,Andhra Pradesh,14.4148,78.2957
516396,Y.s.r.,Andhra Pradesh,14.4786,78.8221
516401,Y.s.r.,Andhra Pradesh,14.5936,78.3086
516411,Y.s.r.,Andhra Pradesh,,
516421,Y.s.r.,Andhra Pradesh,14.5248,78.3131
516431,Y.s.r.,Andhra Pradesh,,
516432,Y.s.r.,Andhra Pradesh,,
516433,Y.s.r.,Andhra Pradesh,,
516434,Y.s.r.,Andhra Pradesh,14.7859,78.4497
516439,Y.s.r.,Andhra Pradesh,,
516444,Y.s.r.,Andhra Pradesh,14.4786,78.8221
516454,Y.s.r.,Andhra Pradesh,,
516464,Y.s.r.,Andhra Pradesh,,
516474,Y.s.r.,Andhra Pradesh,14.6358,78.6896
516484,Y.s.r.,Andhra Pradesh,,
516501,Y.s.r.,Andhra Pradesh,14.5950,79.0435
516502,Y.s.r.,Andhra Pradesh,14.7400,78.9924
516503,Y.s.r.,Andhra Pradesh,14.8400,78.9100
516504,Y.s.r.,Andhra Pradesh,14.2186,78.7547
516505,Y.s.r.,Andhra Pradesh,14.5190,78.8416
517001,Chittoor,Andhra Pradesh,13.2164,79.0956
517002,Chittoor,Andhra Pradesh,13.1925,79.1231
517004,Chittoor,Andhra Pradesh,13.2271,79.1231
517101,Chittoor,Andhra Pradesh,13.5875,79.2912
517102,Chittoor,Andhra Pradesh,13.5948,79.2756
517112,Chittoor,Andhra Pradesh,13.4613,79.1434
517113,Chittoor,Andhra Pradesh,13.5782,78.9893
517123,Chittoor,Andhra Pradesh,13.5462,78.9075
517124,Chittoor,Andhra Pradesh,13.3839,79.0821
517125,Chittoor,Andhra Pradesh,13.2331,79.1816
517126,Chittoor,Andhra Pradesh,13.3682,79.1960
517127,Chittoor,Andhra Pradesh,13.2471,79.1176
517128,Chittoor,Andhra Pradesh,13.1928,79.0764
517129,Chittoor,Andhra Pradesh,13.2771,78.9623
517130,Chittoor,Andhra Pradesh,13.3854,78.9853
517131,Chittoor,Andhra Pradesh,13.2779,79.0369
517132,Chittoor,Andhra Pradesh,,
517152,Chittoor,Andhra Pradesh,13.4816,79.0431
517167,Chittoor,Andhra Pradesh,13.3048,79.3557
517172,Chittoor,Andhra Pradesh,13.5817,79.0905
517192,Chittoor,Andhra Pradesh,13.6468,79.0510
517193,Chittoor,Andhra Pradesh,13.6498,79.0908
517194,Chittoor,Andhra Pradesh,13.6738,79.1567
517213,Chittoor,Andhra Pradesh,13.7640,78.8996
517214,Chittoor,Andhra Pradesh,13.6797,78.9678
517234,Chittoor,Andhra Pradesh,13.6250,78.8111
517235,Chittoor,Andhra Pradesh,13.7662,78.7644
517236,Chittoor,Andhra Pradesh,13.8297,78.7753
517237,Chittoor,Andhra Pradesh,13.7053,78.7920
517247,Chittoor,Andhra Pradesh,,
517257,Chittoor,Andhra Pradesh,,
517277,Chittoor,Andhra Pradesh,13.6692,78.7151
517280,Chittoor,Andhra Pradesh,13.5698,78.6690
517291,Chittoor,Andhra Pradesh,13.7117,78.6278
517297,Chittoor,Andhra Pradesh,13.7934,78.6592
517299,Chittoor,Andhra Pradesh,13.6368,78.6612
517305,Chittoor,Andhra Pradesh,13.8355,78.6761
517319,Chittoor,Andhra Pradesh,,
517325,Chittoor,Andhra Pradesh,,
517326,Chittoor,Andhra Pradesh,,
517350,Chittoor,Andhra Pradesh,,
517351,Chittoor,Andhra Pradesh,,
517352,Chittoor,Andhra Pradesh,,
517370,Chittoor,Andhra Pradesh,,
517390,Chittoor,Andhra Pradesh,,
517391,Chittoor,Andhra Pradesh,,
517401,Chittoor,Andhra Pradesh,,
517403,Chittoor,Andhra Pradesh,,
517408,Chittoor,Andhra Pradesh,,
517414,Chittoor,Andhra Pradesh,13.3301,78.7244
517415,Chittoor,Andhra Pradesh,,
517416,Chittoor,Andhra Pradesh,13.1962,78.9133
517417,Chittoor,Andhra Pradesh,,
517418,Chittoor,Andhra Pradesh,,
517419,Chittoor,Andhra Pradesh,13.2031,79.1596
517421,Chittoor,Andhra Pradesh,,
517422,Chittoor,Andhra Pradesh,13.1592,79.0399
517423,Chittoor,Andhra Pradesh,,
517424,Chittoor,Andhra Pradesh,,
517425,Chittoor,Andhra Pradesh,,
517426,Chittoor,Andhra Pradesh,,
517429,Chittoor,Andhra Pradesh,13.1869,78.8482
517432,Chittoor,Andhra Pradesh,,
517501,Chittoor,Andhra Pradesh,13.6295,79.4189
517502,Chittoor,Andhra Pradesh,13.6135,79.3893
517503,Chittoor,Andhra Pradesh,13.5974,79.4650
517504,Chittoor,Andhra Pradesh,13.4628,79.2175
517505,Chittoor,Andhra Pradesh,13.6000,79.3535
517506,Chittoor,Andhra Pradesh,13.6374,79.4776
517507,Chittoor,Andhra Pradesh,13.6420,79.4192
517520,Chittoor,Andhra Pradesh,13.6092,79.4820
517526,Chittoor,Andhra Pradesh,,
517536,Chittoor,Andhra Pradesh,,
517541,Chittoor,Andhra Pradesh,,
517551,Chittoor,Andhra Pradesh,13.5578,79.4764
517561,Chittoor,Andhra Pradesh,13.6265,79.4200
517569,Chittoor,Andhra Pradesh,13.4200,79.3100
517571,Chittoor,Andhra Pradesh,,
517581,Chittoor,Andhra Pradesh,,
517582,Chittoor,Andhra Pradesh,13.3757,79.4105
517583,Chittoor,Andhra Pradesh,,
517584,Chittoor,Andhra Pradesh,13.2156,79.1010
517586,Chittoor,Andhra Pradesh,13.2156,79.1010
517587,Chittoor,Andhra Pradesh,,
517588,Chittoor,Andhra Pradesh,,
517589,Chittoor,Andhra Pradesh,13.2156,79.1010
517590,Chittoor,Andhra Pradesh,,
517591,Chittoor,Andhra Pradesh,,
517592,Chittoor,Andhra Pradesh,,
517599,Chittoor,Andhra Pradesh,,
517619,Chittoor,Andhra Pradesh,,
517620,Chittoor,Andhra Pradesh,13.2840,79.1330
517640,Chittoor,Andhra Pradesh,,
517641,Chittoor,Andhra Pradesh,,
517642,Chittoor,Andhra Pradesh,,
517643,Chittoor,Andhra Pradesh,,
517644,Chittoor,Andhra Pradesh,,
517645,Chittoor,Andhra Pradesh,13.2156,79.1010
517646,Chittoor,Andhra Pradesh,,
518001,Kurnool,Andhra Pradesh,15.5117,78.4756
518002,Kurnool,Andhra Pradesh,,
518003,Kurnool,Andhra Pradesh,,
518004,Kurnool,Andhra Pradesh,,
518005,Kurnool,Andhra Pradesh,15.5117,78.4756
518006,Kurnool,Andhra Pradesh,,
518007,Kurnool,Andhra Pradesh,,
518010,Kurnool,Andhra Pradesh,15.6845,78.1785
518101,Kurnool,Andhra Pradesh,,
518102,Kurnool,Andhra Pradesh,,
518112,Kurnool,Andhra Pradesh,15.5074,78.3443
518122,Kurnool,Andhra Pradesh,15.1900,78.1200
518123,Kurnool,Andhra Pradesh,15.0450,78.1033
518124,Kurnool,Andhra Pradesh,15.3300,78.2200
518134,Kurnool,Andhra Pradesh,15.2301,78.3500
518135,Kurnool,Andhra Pradesh,15.2000,78.4490
518145,Kurnool,Andhra Pradesh,15.0200,78.3913
518155,Kurnool,Andhra Pradesh,15.1100,78.3700
518165,Kurnool,Andhra Pradesh,15.1417,78.2700
518166,Kurnool,Andhra Pradesh,15.0800,78.2350
518176,Kurnool,Andhra Pradesh,15.4100,78.2800
518186,Kurnool,Andhra Pradesh,15.4455,78.2823
518196,Kurnool,Andhra Pradesh,15.1618,78.1700
518206,Kurnool,Andhra Pradesh,15.5001,78.2108
518216,Kurnool,Andhra Pradesh,,
518217,Kurnool,Andhra Pradesh,15.5728,78.0007
518218,Kurnool,Andhra Pradesh,,
518220,Kurnool,Andhra Pradesh,,
518221,Kurnool,Andhra Pradesh,,
518222,Kurnool,Andhra Pradesh,,
518225,Kurnool,Andhra Pradesh,,
518301,Kurnool,Andhra Pradesh,,
518302,Kurnool,Andhra Pradesh,,
518308,Kurnool,Andhra Pradesh,,
518313,Kurnool,Andhra Pradesh,,
518323,Kurnool,Andhra Pradesh,,
518333,Kurnool,Andhra Pradesh,,
518343,Kurnool,Andhra Pradesh,,
518344,Kurnool,Andhra Pradesh,,
518345,Kurnool,Andhra Pradesh,15.5117,78.4756
518346,Kurnool,Andhra Pradesh,,
518347,Kurnool,Andhra Pradesh,,
518348,Kurnool,Andhra Pradesh,,
518349,Kurnool,Andhra Pradesh,15.5117,78.4756
518350,Kurnool,Andhra Pradesh,,
518360,Kurnool,Andhra Pradesh,,
518380,Kurnool,Andhra Pradesh,,
518385,Kurnool,Andhra Pradesh,,
518390,Kurnool,Andhra Pradesh,,
518395,Kurnool,Andhra Pradesh,15.5117,78.4756
518396,Kurnool,Andhra Pradesh,,
518401,Kurnool,Andhra Pradesh,,
518405,Kurnool,Andhra Pradesh,15.7701,78.2894
518411,Kurnool,Andhra Pradesh,,
518412,Kurnool,Andhra Pradesh,,
518422,Kurnool,Andhra Pradesh,15.5117,78.4756
518432,Kurnool,Andhra Pradesh,,
518442,Kurnool,Andhra Pradesh,,
518452,Kurnool,Andhra Pradesh,,
518462,Kurnool,Andhra Pradesh,,
518463,Kurnool,Andhra Pradesh,,
518464,Kurnool,Andhra Pradesh,,
518465,Kurnool,Andhra Pradesh,,
518466,Kurnool,Andhra Pradesh,15.5117,78.4756
518467,Kurnool,Andhra Pradesh,15.5117,78.4756
518468,Kurnool,Andhra Pradesh,15.5117,78.4756
518501,Kurnool,Andhra Pradesh,15.4864,78.4714
518502,Kurnool,Andhra Pradesh,15.4508,78.5041
518508,Kurnool,Andhra Pradesh,15.6794,78.4274
518510,Kurnool,Andhra Pradesh,15.2600,78.5000
518511,Kurnool,Andhra Pradesh,15.5600,78.4400
518512,Kurnool,Andhra Pradesh,15.4908,78.5600
518513,Kurnool,Andhra Pradesh,15.6200,78.5700
518523,Kurnool,Andhra Pradesh,15.5700,78.5200
518533,Kurnool,Andhra Pradesh,15.7226,78.5667
518543,Kurnool,Andhra Pradesh,15.1300,78.5300
518553,Kurnool,Andhra Pradesh,14.9850,78.5600
518563,Kurnool,Andhra Pradesh,15.3400,78.4900
518573,Kurnool,Andhra Pradesh,15.3031,78.4650
518583,Kurnool,Andhra Pradesh,15.3800,78.6100
518593,Kurnool,Andhra Pradesh,15.4100,78.3950
518594,Kurnool,Andhra Pradesh,15.2412,78.5900
518598,Kurnool,Andhra Pradesh,15.4093,78.0729
518599,Kurnool,Andhra Pradesh,15.4512,78.4190
518674,Kurnool,Andhra Pradesh,15.3683,78.4300
520001,Krishna,Andhra Pradesh,16.5210,80.6202
520002,Krishna,Andhra Pradesh,16.5114,80.6304
520003,Krishna,Andhra Pradesh,16.5204,80.6268
520004,Krishna,Andhra Pradesh,16.6526,80.7580
520007,Krishna,Andhra Pradesh,16.4950,80.6749
520008,Krishna,Andhra Pradesh,16.5183,80.6702
520010,Krishna,Andhra Pradesh,16.5049,80.6369
520011,Krishna,Andhra Pradesh,16.5102,80.6316
520012,Krishna,Andhra Pradesh,16.5357,80.6123
520013,Krishna,Andhra Pradesh,16.5056,80.6232
520015,Krishna,Andhra Pradesh,16.5393,80.6506
521001,Krishna,Andhra Pradesh,16.1835,80.9014
521002,Krishna,Andhra Pradesh,,
521003,Krishna,Andhra Pradesh,,
521004,Krishna,Andhra Pradesh,,
521101,Krishna,Andhra Pradesh,16.5526,80.7937
521102,Krishna,Andhra Pradesh,16.5236,80.7754
521104,Krishna,Andhra Pradesh,16.5083,80.7475
521105,Krishna,Andhra Pradesh,16.6645,80.9750
521106,Krishna,Andhra Pradesh,16.5700,80.9627
521107,Krishna,Andhra Pradesh,16.6604,80.7887
521108,Krishna,Andhra Pradesh,16.5174,80.6933
521109,Krishna,Andhra Pradesh,16.5905,80.8923
521110,Krishna,Andhra Pradesh,16.6414,80.9146
521111,Krishna,Andhra Pradesh,16.7388,80.8976
521120,Krishna,Andhra Pradesh,,
521121,Krishna,Andhra Pradesh,,
521122,Krishna,Andhra Pradesh,,
521125,Krishna,Andhra Pradesh,,
521126,Krishna,Andhra Pradesh,,
521130,Krishna,Andhra Pradesh,,
521131,Krishna,Andhra Pradesh,16.7847,80.8499
521132,Krishna,Andhra Pradesh,16.1837,80.9014
521133,Krishna,Andhra Pradesh,16.1698,80.9464
521134,Krishna,Andhra Pradesh,16.4208,80.6465
521135,Krishna,Andhra Pradesh,16.2246,80.9150
521136,Krishna,Andhra Pradesh,16.3616,80.8523
521137,Krishna,Andhra Pradesh,16.4792,80.7079
521138,Krishna,Andhra Pradesh,16.3046,80.8982
521139,Krishna,Andhra Pradesh,16.4622,80.7170
521148,Krishna,Andhra Pradesh,16.3900,80.9257
521149,Krishna,Andhra Pradesh,16.2149,81.0778
521150,Krishna,Andhra Pradesh,16.1989,81.0042
521151,Krishna,Andhra Pradesh,16.4191,80.7690
521153,Krishna,Andhra Pradesh,16.4321,80.7946
521156,Krishna,Andhra Pradesh,16.2587,81.0230
521157,Krishna,Andhra Pradesh,16.5525,80.9051
521158,Krishna,Andhra Pradesh,16.2703,80.9967
521162,Krishna,Andhra Pradesh,16.2282,80.9639
521163,Krishna,Andhra Pradesh,16.3315,80.7886
521164,Krishna,Andhra Pradesh,16.4217,80.8590
521165,Krishna,Andhra Pradesh,16.3582,80.8301
521170,Krishna,Andhra Pradesh,16.8207,80.4393
521175,Krishna,Andhra Pradesh,16.9101,80.8764
521178,Krishna,Andhra Pradesh,,
521180,Krishna,Andhra Pradesh,16.6691,80.4099
521181,Krishna,Andhra Pradesh,16.7685,80.4621
521182,Krishna,Andhra Pradesh,,
521183,Krishna,Andhra Pradesh,16.7847,80.8499
521184,Krishna,Andhra Pradesh,,
521185,Krishna,Andhra Pradesh,,
521190,Krishna,Andhra Pradesh,,
521201,Krishna,Andhra Pradesh,16.7873,80.8499
521202,Krishna,Andhra Pradesh,16.7847,80.8400
521207,Krishna,Andhra Pradesh,16.8200,80.9419
521211,Krishna,Andhra Pradesh,16.6809,80.7837
521212,Krishna,Andhra Pradesh,16.5938,80.7226
521213,Krishna,Andhra Pradesh,16.8900,80.9100
521214,Krishna,Andhra Pradesh,16.9850,80.8600
521215,Krishna,Andhra Pradesh,16.9342,80.7400
521225,Krishna,Andhra Pradesh,16.5399,80.5767
521226,Krishna,Andhra Pradesh,16.8842,80.6694
521227,Krishna,Andhra Pradesh,16.9639,80.6618
521228,Krishna,Andhra Pradesh,16.6272,80.5608
521229,Krishna,Andhra Pradesh,16.6950,80.5744
521230,Krishna,Andhra Pradesh,16.7788,80.6460
521231,Krishna,Andhra Pradesh,,
521235,Krishna,Andhra Pradesh,,
521241,Krishna,Andhra Pradesh,16.5831,80.5583
521245,Krishna,Andhra Pradesh,16.3971,80.8174
521246,Krishna,Andhra Pradesh,16.5440,80.8666
521247,Krishna,Andhra Pradesh,16.2604,80.8391
521250,Krishna,Andhra Pradesh,16.2703,80.8684
521256,Krishna,Andhra Pradesh,16.3562,80.8933
521260,Krishna,Andhra Pradesh,16.4739,80.8336
521261,Krishna,Andhra Pradesh,16.4100,80.9036
521263,Krishna,Andhra Pradesh,16.4400,80.9500
521286,Krishna,Andhra Pradesh,16.5775,80.8401
521301,Krishna,Andhra Pradesh,16.4300,81.0000
521311,Krishna,Andhra Pradesh,16.4602,80.8900
521312,Krishna,Andhra Pradesh,16.5200,80.8900
521320,Krishna,Andhra Pradesh,,
521321,Krishna,Andhra Pradesh,16.5297,81.0200
521322,Krishna,Andhra Pradesh,16.3800,80.9800
521323,Krishna,Andhra Pradesh,16.4538,81.0482
521324,Krishna,Andhra Pradesh,16.3750,81.2450
521325,Krishna,Andhra Pradesh,16.4300,81.1102
521326,Krishna,Andhra Pradesh,16.5195,81.1100
521327,Krishna,Andhra Pradesh,16.5100,81.0400
521328,Krishna,Andhra Pradesh,,
521329,Krishna,Andhra Pradesh,16.4050,81.1873
521330,Krishna,Andhra Pradesh,16.3738,81.0327
521331,Krishna,Andhra Pradesh,16.3336,81.0763
521332,Krishna,Andhra Pradesh,16.3004,81.0511
521333,Krishna,Andhra Pradesh,16.5450,81.2101
521340,Krishna,Andhra Pradesh,16.5735,81.2763
521343,Krishna,Andhra Pradesh,16.4769,81.2200
521344,Krishna,Andhra Pradesh,16.5200,81.2700
521345,Krishna,Andhra Pradesh,16.5050,81.1568
521356,Krishna,Andhra Pradesh,16.3455,81.0519
521366,Krishna,Andhra Pradesh,16.2539,81.1401
521369,Krishna,Andhra Pradesh,,
521390,Krishna,Andhra Pradesh,16.3534,80.9666
521401,Krishna,Andhra Pradesh,16.7661,80.5053
521402,Krishna,Andhra Pradesh,,
521403,Krishna,Andhra Pradesh,16.9454,80.5741
521456,Krishna,Andhra Pradesh,16.6134,80.4602
521457,Krishna,Andhra Pradesh,,
522001,Guntur,Andhra Pradesh,16.2959,80.4534
522002,Guntur,Andhra Pradesh,16.3146,80.4410
522003,Guntur,Andhra Pradesh,16.2850,80.4299
522004,Guntur,Andhra Pradesh,,
522005,Guntur,Andhra Pradesh,16.2874,80.3707
522006,Guntur,Andhra Pradesh,16.3192,80.4156
522007,Guntur,Andhra Pradesh,16.3155,80.4456
522009,Guntur,Andhra Pradesh,16.3319,80.3660
522015,Guntur,Andhra Pradesh,16.1200,80.3575
522016,Guntur,Andhra Pradesh,16.4760,80.3895
522017,Guntur,Andhra Pradesh,16.2351,80.4137
522018,Guntur,Andhra Pradesh,16.4074,80.3610
522019,Guntur,Andhra Pradesh,16.1999,80.3387
522020,Guntur,Andhra Pradesh,16.5748,80.3616
522034,Guntur,Andhra Pradesh,16.3703,80.4360
522101,Guntur,Andhra Pradesh,,
522102,Guntur,Andhra Pradesh,,
522111,Guntur,Andhra Pradesh,,
522112,Guntur,Andhra Pradesh,16.0510,80.4215
522113,Guntur,Andhra Pradesh,,
522124,Guntur,Andhra Pradesh,,
522201,Guntur,Andhra Pradesh,16.4031,80.1130
522202,Guntur,Andhra Pradesh,16.3854,80.1117
522211,Guntur,Andhra Pradesh,,
522212,Guntur,Andhra Pradesh,,
522213,Guntur,Andhra Pradesh,16.2396,80.5855
522233,Guntur,Andhra Pradesh,16.1518,80.2461
522234,Guntur,Andhra Pradesh,16.2140,80.1891
522235,Guntur,Andhra Pradesh,16.0677,80.3345
522236,Guntur,Andhra Pradesh,16.4908,80.4396
522237,Guntur,Andhra Pradesh,16.5257,80.4813
522238,Guntur,Andhra Pradesh,16.5269,80.5112
522239,Guntur,Andhra Pradesh,,
522240,Guntur,Andhra Pradesh,16.4613,80.4952
522256,Guntur,Andhra Pradesh,,
522257,Guntur,Andhra Pradesh,,
522258,Guntur,Andhra Pradesh,,
522259,Guntur,Andhra Pradesh,,
522261,Guntur,Andhra Pradesh,,
522262,Guntur,Andhra Pradesh,,
522264,Guntur,Andhra Pradesh,,
522265,Guntur,Andhra Pradesh,,
522268,Guntur,Andhra Pradesh,,
522301,Guntur,Andhra Pradesh,16.0264,80.1629
522302,Guntur,Andhra Pradesh,16.4295,80.5899
522303,Guntur,Andhra Pradesh,,
522304,Guntur,Andhra Pradesh,,
522305,Guntur,Andhra Pradesh,16.0508,80.4679
522306,Guntur,Andhra Pradesh,,
522307,Guntur,Andhra Pradesh,,
522308,Guntur,Andhra Pradesh,,
522309,Guntur,Andhra Pradesh,,
522310,Guntur,Andhra Pradesh,,
522311,Guntur,Andhra Pradesh,,
522312,Guntur,Andhra Pradesh,,
522313,Guntur,Andhra Pradesh,,
522314,Guntur,Andhra Pradesh,,
522315,Guntur,Andhra Pradesh,,
522316,Guntur,Andhra Pradesh,16.1176,80.4765
522317,Guntur,Andhra Pradesh,,
522318,Guntur,Andhra Pradesh,,
522324,Guntur,Andhra Pradesh,,
522325,Guntur,Andhra Pradesh,,
522329,Guntur,Andhra Pradesh,,
522330,Guntur,Andhra Pradesh,,
522341,Guntur,Andhra Pradesh,,
522401,Guntur,Andhra Pradesh,16.4154,80.2937
522402,Guntur,Andhra Pradesh,16.4672,80.2157
522403,Guntur,Andhra Pradesh,16.3971,80.1489
522408,Guntur,Andhra Pradesh,16.3300,80.0900
522409,Guntur,Andhra Pradesh,16.6698,80.1240
522410,Guntur,Andhra Pradesh,16.5454,80.1432
522411,Guntur,Andhra Pradesh,16.5460,79.9941
522412,Guntur,Andhra Pradesh,16.4334,80.0644
522413,Guntur,Andhra Pradesh,16.4607,79.9095
522414,Guntur,Andhra Pradesh,16.5935,79.7441
522415,Guntur,Andhra Pradesh,,
522421,Guntur,Andhra Pradesh,,
522426,Guntur,Andhra Pradesh,,
522435,Guntur,Andhra Pradesh,16.6280,79.8614
522436,Guntur,Andhra Pradesh,16.5297,80.2832
522437,Guntur,Andhra Pradesh,16.5112,79.7992
522438,Guntur,Andhra Pradesh,16.3532,80.2982
522439,Guntur,Andhra Pradesh,,
522501,Guntur,Andhra Pradesh,16.4824,80.5758
522502,Guntur,Andhra Pradesh,16.4532,80.5609
522503,Guntur,Andhra Pradesh,16.4313,80.5683
522508,Guntur,Andhra Pradesh,16.3800,80.5175
522509,Guntur,Andhra Pradesh,16.3402,80.4910
522510,Guntur,Andhra Pradesh,16.3962,80.1582
522529,Guntur,Andhra Pradesh,16.2950,80.2295
522549,Guntur,Andhra Pradesh,16.2520,80.1326
522601,Guntur,Andhra Pradesh,16.2321,80.0471
522603,Guntur,Andhra Pradesh,16.2362,80.0049
522611,Guntur,Andhra Pradesh,16.1563,80.1063
522612,Guntur,Andhra Pradesh,,
522613,Guntur,Andhra Pradesh,,
522614,Guntur,Andhra Pradesh,16.4367,79.7173
522615,Guntur,Andhra Pradesh,16.3338,79.9270
522616,Guntur,Andhra Pradesh,16.0904,80.1666
522617,Guntur,Andhra Pradesh,16.1752,79.8958
522619,Guntur,Andhra Pradesh,16.1003,80.2461
522626,Guntur,Andhra Pradesh,16.0768,80.1143
522646,Guntur,Andhra Pradesh,16.0961,79.8348
522647,Guntur,Andhra Pradesh,16.1319,79.7566
522649,Guntur,Andhra Pradesh,16.0622,79.8160
522657,Guntur,Andhra Pradesh,16.7136,80.0119
522658,Guntur,Andhra Pradesh,16.2056,79.7836
522659,Guntur,Andhra Pradesh,,
522660,Guntur,Andhra Pradesh,,
522661,Guntur,Andhra Pradesh,16.2401,79.8333
522663,Guntur,Andhra Pradesh,,
523001,Prakasam,Andhra Pradesh,15.5007,80.0504
523002,Prakasam,Andhra Pradesh,15.5132,80.0341
523101,Prakasam,Andhra Pradesh,15.2686,79.9571
523104,Prakasam,Andhra Pradesh,,
523105,Prakasam,Andhra Pradesh,15.2139,79.9027
523108,Prakasam,Andhra Pradesh,,
523109,Prakasam,Andhra Pradesh,15.2642,79.7993
523110,Prakasam,Andhra Pradesh,,
523111,Prakasam,Andhra Pradesh,15.3357,79.6440
523112,Prakasam,Andhra Pradesh,15.6440,79.7290
523113,Prakasam,Andhra Pradesh,15.1862,79.8560
523114,Prakasam,Andhra Pradesh,,
523115,Prakasam,Andhra Pradesh,,
523116,Prakasam,Andhra Pradesh,15.1626,79.7079
523117,Prakasam,Andhra Pradesh,15.2433,79.5524
523135,Prakasam,Andhra Pradesh,15.7367,79.2688
523155,Prakasam,Andhra Pradesh,,
523156,Prakasam,Andhra Pradesh,15.7367,79.2688
523157,Prakasam,Andhra Pradesh,,
523165,Prakasam,Andhra Pradesh,,
523166,Prakasam,Andhra Pradesh,,
523167,Prakasam,Andhra Pradesh,,
523168,Prakasam,Andhra Pradesh,,
523169,Prakasam,Andhra Pradesh,,
523170,Prakasam,Andhra Pradesh,,
523171,Prakasam,Andhra Pradesh,,
523180,Prakasam,Andhra Pradesh,15.6027,80.1549
523181,Prakasam,Andhra Pradesh,,
523182,Prakasam,Andhra Pradesh,15.5368,80.1286
523183,Prakasam,Andhra Pradesh,15.6683,80.1009
523184,Prakasam,Andhra Pradesh,,
523185,Prakasam,Andhra Pradesh,,
523186,Prakasam,Andhra Pradesh,15.7152,80.1492
523187,Prakasam,Andhra Pradesh,,
523190,Prakasam,Andhra Pradesh,,
523201,Prakasam,Andhra Pradesh,15.8419,79.9536
523211,Prakasam,Andhra Pradesh,15.6173,80.0170
523212,Prakasam,Andhra Pradesh,15.7409,80.0255
523213,Prakasam,Andhra Pradesh,15.7388,79.9570
523214,Prakasam,Andhra Pradesh,15.8196,80.0863
523223,Prakasam,Andhra Pradesh,15.3399,79.3895
523224,Prakasam,Andhra Pradesh,15.3665,79.3723
523225,Prakasam,Andhra Pradesh,15.5413,79.9392
523226,Prakasam,Andhra Pradesh,15.5455,79.8505
523227,Prakasam,Andhra Pradesh,15.4156,79.3634
523228,Prakasam,Andhra Pradesh,15.4773,79.3183
523230,Prakasam,Andhra Pradesh,15.4039,79.5074
523240,Prakasam,Andhra Pradesh,15.6053,79.6181
523241,Prakasam,Andhra Pradesh,15.6588,79.4784
523245,Prakasam,Andhra Pradesh,15.5238,79.5296
523246,Prakasam,Andhra Pradesh,15.5516,79.3934
523247,Prakasam,Andhra Pradesh,15.7316,79.6571
523252,Prakasam,Andhra Pradesh,15.7405,79.7848
523253,Prakasam,Andhra Pradesh,15.5649,79.7242
523254,Prakasam,Andhra Pradesh,15.3724,79.5296
523260,Prakasam,Andhra Pradesh,15.9061,79.9990
523261,Prakasam,Andhra Pradesh,15.8386,80.0536
523262,Prakasam,Andhra Pradesh,15.5564,80.0577
523263,Prakasam,Andhra Pradesh,15.6564,79.9418
523264,Prakasam,Andhra Pradesh,15.7367,79.8503
523265,Prakasam,Andhra Pradesh,15.7266,79.7098
523270,Prakasam,Andhra Pradesh,15.4419,79.7795
523271,Prakasam,Andhra Pradesh,15.3390,79.8194
523272,Prakasam,Andhra Pradesh,15.4363,80.0075
523273,Prakasam,Andhra Pradesh,15.4152,79.8999
523274,Prakasam,Andhra Pradesh,15.3414,80.0161
523279,Prakasam,Andhra Pradesh,15.3775,79.9438
523280,Prakasam,Andhra Pradesh,15.3545,80.0822
523281,Prakasam,Andhra Pradesh,,
523286,Prakasam,Andhra Pradesh,15.4872,80.1298
523291,Prakasam,Andhra Pradesh,,
523292,Prakasam,Andhra Pradesh,,
523301,Prakasam,Andhra Pradesh,,
523302,Prakasam,Andhra Pradesh,,
523303,Prakasam,Andhra Pradesh,15.9596,79.9570
523304,Prakasam,Andhra Pradesh,15.8789,79.5726
523305,Prakasam,Andhra Pradesh,15.8200,79.4750
523315,Prakasam,Andhra Pradesh,15.7650,79.3655
523316,Prakasam,Andhra Pradesh,15.7367,79.2688
523320,Prakasam,Andhra Pradesh,15.8000,79.2900
523326,Prakasam,Andhra Pradesh,15.9850,79.5100
523327,Prakasam,Andhra Pradesh,,
523328,Prakasam,Andhra Pradesh,,
523329,Prakasam,Andhra Pradesh,,
523330,Prakasam,Andhra Pradesh,15.9100,79.3900
523331,Prakasam,Andhra Pradesh,,
523332,Prakasam,Andhra Pradesh,15.5900,79.2800
523333,Prakasam,Andhra Pradesh,15.7367,79.2688
523334,Prakasam,Andhra Pradesh,,
523335,Prakasam,Andhra Pradesh,,
523336,Prakasam,Andhra Pradesh,,
523346,Prakasam,Andhra Pradesh,,
523356,Prakasam,Andhra Pradesh,,
523357,Prakasam,Andhra Pradesh,,
523367,Prakasam,Andhra Pradesh,,
523368,Prakasam,Andhra Pradesh,,
523369,Prakasam,Andhra Pradesh,15.7367,79.2688
523370,Prakasam,Andhra Pradesh,15.6833,79.2844
523371,Prakasam,Andhra Pradesh,15.6386,79.2750
523372,Prakasam,Andhra Pradesh,,
523373,Prakasam,Andhra Pradesh,,
524001,Spsr Nellore,Andhra Pradesh,14.4533,79.9838
524002,Spsr Nellore,Andhra Pradesh,14.4461,80.0434
524003,Spsr Nellore,Andhra Pradesh,14.4190,79.9773
524004,Spsr Nellore,Andhra Pradesh,14.4260,79.9219
524005,Spsr Nellore,Andhra Pradesh,,
524101,Spsr Nellore,Andhra Pradesh,14.1284,79.8409
524121,Spsr Nellore,Andhra Pradesh,14.2838,79.8223
524123,Spsr Nellore,Andhra Pradesh,,
524124,Spsr Nellore,Andhra Pradesh,14.1723,79.8648
524126,Spsr Nellore,Andhra Pradesh,14.1691,79.8517
524127,Spsr Nellore,Andhra Pradesh,,
524129,Spsr Nellore,Andhra Pradesh,,
524131,Spsr Nellore,Andhra Pradesh,14.0532,79.7721
524132,Spsr Nellore,Andhra Pradesh,,
524134,Spsr Nellore,Andhra Pradesh,14.3021,79.6734
524137,Spsr Nellore,Andhra Pradesh,14.5104,79.9885
524142,Spsr Nellore,Andhra Pradesh,14.7679,79.9835
524152,Spsr Nellore,Andhra Pradesh,14.7336,80.0132
524201,Spsr Nellore,Andhra Pradesh,14.8797,79.9836
524203,Spsr Nellore,Andhra Pradesh,14.5116,80.0202
524221,Spsr Nellore,Andhra Pradesh,14.3224,79.9013
524222,Spsr Nellore,Andhra Pradesh,14.4604,79.9969
524223,Spsr Nellore,Andhra Pradesh,14.8493,79.8937
524224,Spsr Nellore,Andhra Pradesh,14.8278,79.7379
524225,Spsr Nellore,Andhra Pradesh,14.7861,79.7975
524226,Spsr Nellore,Andhra Pradesh,14.3412,79.6566
524227,Spsr Nellore,Andhra Pradesh,14.4134,79.8549
524228,Spsr Nellore,Andhra Pradesh,14.3594,79.9532
524230,Spsr Nellore,Andhra Pradesh,14.5036,79.3930
524234,Spsr Nellore,Andhra Pradesh,14.7442,79.7456
524236,Spsr Nellore,Andhra Pradesh,14.4150,79.9773
524239,Spsr Nellore,Andhra Pradesh,14.8187,79.9228
524240,Spsr Nellore,Andhra Pradesh,14.6888,79.8633
524300,Spsr Nellore,Andhra Pradesh,,
524302,Spsr Nellore,Andhra Pradesh,14.5775,79.4116
524303,Spsr Nellore,Andhra Pradesh,14.5805,79.4869
524304,Spsr Nellore,Andhra Pradesh,14.6948,79.6502
524305,Spsr Nellore,Andhra Pradesh,14.5351,79.8833
524306,Spsr Nellore,Andhra Pradesh,14.5669,79.8094
524307,Spsr Nellore,Andhra Pradesh,14.6556,79.5218
524308,Spsr Nellore,Andhra Pradesh,14.6373,79.7295
524309,Spsr Nellore,Andhra Pradesh,14.4719,79.7324
524310,Spsr Nellore,Andhra Pradesh,14.0564,79.8251
524311,Spsr Nellore,Andhra Pradesh,14.3910,80.0835
524312,Spsr Nellore,Andhra Pradesh,,
524313,Spsr Nellore,Andhra Pradesh,14.5274,80.1505
524314,Spsr Nellore,Andhra Pradesh,14.4772,80.0703
524315,Spsr Nellore,Andhra Pradesh,14.6858,80.0545
524316,Spsr Nellore,Andhra Pradesh,14.5819,80.0161
524317,Spsr Nellore,Andhra Pradesh,14.5730,79.9695
524318,Spsr Nellore,Andhra Pradesh,14.5783,80.0688
524319,Spsr Nellore,Andhra Pradesh,14.5882,79.9793
524320,Spsr Nellore,Andhra Pradesh,14.3229,79.9235
524321,Spsr Nellore,Andhra Pradesh,14.2919,79.9696
524322,Spsr Nellore,Andhra Pradesh,14.6114,79.6181
524323,Spsr Nellore,Andhra Pradesh,14.3229,79.9235
524324,Spsr Nellore,Andhra Pradesh,,
524341,Spsr Nellore,Andhra Pradesh,14.5201,79.5674
524342,Spsr Nellore,Andhra Pradesh,14.3832,79.5094
524343,Spsr Nellore,Andhra Pradesh,14.4398,79.3920
524344,Spsr Nellore,Andhra Pradesh,14.3496,80.1248
524345,Spsr Nellore,Andhra Pradesh,14.3841,79.7324
524346,Spsr Nellore,Andhra Pradesh,14.3509,80.0301
524347,Spsr Nellore,Andhra Pradesh,14.3363,80.1226
524366,Spsr Nellore,Andhra Pradesh,14.5395,79.9892
524401,Spsr Nellore,Andhra Pradesh,14.5486,79.9381
524402,Spsr Nellore,Andhra Pradesh,14.1533,79.8680
524403,Spsr Nellore,Andhra Pradesh,,
524404,Spsr Nellore,Andhra Pradesh,,
524405,Spsr Nellore,Andhra Pradesh,14.2159,79.8747
524406,Spsr Nellore,Andhra Pradesh,14.1580,79.8032
524407,Spsr Nellore,Andhra Pradesh,14.1791,79.7424
524408,Spsr Nellore,Andhra Pradesh,14.1998,79.5336
524409,Spsr Nellore,Andhra Pradesh,14.1791,79.7443
524410,Spsr Nellore,Andhra Pradesh,14.0998,79.9130
524411,Spsr Nellore,Andhra Pradesh,14.0653,80.0442
524412,Spsr Nellore,Andhra Pradesh,14.1309,79.8647
524413,Spsr Nellore,Andhra Pradesh,14.4398,79.9691
524414,Spsr Nellore,Andhra Pradesh,14.2821,79.5336
524415,Spsr Nellore,Andhra Pradesh,14.0809,80.0181
524421,Spsr Nellore,Andhra Pradesh,14.6822,79.8191
530001,Visakhapatanam,Andhra Pradesh,17.6983,83.2948
530002,Visakhapatanam,Andhra Pradesh,17.7095,83.3056
530003,Visakhapatanam,Andhra Pradesh,17.7253,83.3233
530004,Visakhapatanam,Andhra Pradesh,17.7225,83.3037
530005,Visakhapatanam,Andhra Pradesh,17.6828,83.2780
530007,Visakhapatanam,Andhra Pradesh,17.7257,83.2796
530008,Visakhapatanam,Andhra Pradesh,17.7306,83.2726
530009,Visakhapatanam,Andhra Pradesh,17.7346,83.2377
530011,Visakhapatanam,Andhra Pradesh,17.6890,83.2423
530012,Visakhapatanam,Andhra Pradesh,17.7044,83.2005
530013,Visakhapatanam,Andhra Pradesh,17.7042,83.2965
530014,Visakhapatanam,Andhra Pradesh,17.7012,83.2623
530015,Visakhapatanam,Andhra Pradesh,17.6901,83.2254
530016,Visakhapatanam,Andhra Pradesh,17.7283,83.3061
530017,Visakhapatanam,Andhra Pradesh,17.7368,83.3386
530018,Visakhapatanam,Andhra Pradesh,17.7393,83.2516
530020,Visakhapatanam,Andhra Pradesh,17.7215,83.3047
530022,Visakhapatanam,Andhra Pradesh,17.7431,83.3238
530024,Visakhapatanam,Andhra Pradesh,17.7426,83.2939
530026,Visakhapatanam,Andhra Pradesh,17.6907,83.2038
530027,Visakhapatanam,Andhra Pradesh,17.7458,83.2212
530028,Visakhapatanam,Andhra Pradesh,17.7703,83.2483
530029,Visakhapatanam,Andhra Pradesh,17.7583,83.2168
530031,Visakhapatanam,Andhra Pradesh,17.5942,83.1558
530032,Visakhapatanam,Andhra Pradesh,17.6537,83.1437
530040,Visakhapatanam,Andhra Pradesh,17.7640,83.3008
530041,Visakhapatanam,Andhra Pradesh,,
530043,Visakhapatanam,Andhra Pradesh,,
530044,Visakhapatanam,Andhra Pradesh,17.6544,83.2026
530045,Visakhapatanam,Andhra Pradesh,,
530046,Visakhapatanam,Andhra Pradesh,17.6879,83.1706
530047,Visakhapatanam,Andhra Pradesh,17.7737,83.1997
530048,Visakhapatanam,Andhra Pradesh,17.8258,83.3390
530049,Visakhapatanam,Andhra Pradesh,17.7104,83.1509
530051,Visakhapatanam,Andhra Pradesh,17.7999,83.2099
530052,Visakhapatanam,Andhra Pradesh,17.8025,83.3070
530053,Visakhapatanam,Andhra Pradesh,17.6911,83.2129
531001,Visakhapatanam,Andhra Pradesh,17.6949,83.0017
531002,Visakhapatanam,Andhra Pradesh,17.6913,83.0281
531011,Visakhapatanam,Andhra Pradesh,17.5407,82.9886
531019,Visakhapatanam,Andhra Pradesh,17.6852,83.0650
531020,Visakhapatanam,Andhra Pradesh,17.5719,83.0825
531021,Visakhapatanam,Andhra Pradesh,17.6177,83.0808
531022,Visakhapatanam,Andhra Pradesh,17.9318,83.0559
531023,Visakhapatanam,Andhra Pradesh,17.7908,82.9671
531024,Visakhapatanam,Andhra Pradesh,18.0735,82.6651
531025,Visakhapatanam,Andhra Pradesh,17.7692,82.8038
531026,Visakhapatanam,Andhra Pradesh,17.8222,82.8770
531027,Visakhapatanam,Andhra Pradesh,17.8665,82.7717
531028,Visakhapatanam,Andhra Pradesh,17.8952,82.8606
531029,Visakhapatanam,Andhra Pradesh,17.9853,82.5449
531030,Visakhapatanam,Andhra Pradesh,17.9597,82.9636
531031,Visakhapatanam,Andhra Pradesh,17.6504,82.9180
531032,Visakhapatanam,Andhra Pradesh,17.7275,82.9877
531033,Visakhapatanam,Andhra Pradesh,17.6167,82.9809
531034,Visakhapatanam,Andhra Pradesh,17.8719,83.0223
531035,Visakhapatanam,Andhra Pradesh,17.8128,83.1245
531036,Visakhapatanam,Andhra Pradesh,17.8265,82.9088
531040,Visakhapatanam,Andhra Pradesh,,
531055,Visakhapatanam,Andhra Pradesh,17.5689,82.8645
531060,Visakhapatanam,Andhra Pradesh,17.4503,82.8191
531061,Visakhapatanam,Andhra Pradesh,17.5045,82.9094
531075,Visakhapatanam,Andhra Pradesh,17.9087,82.9669
531077,Visakhapatanam,Andhra Pradesh,18.1418,82.7287
531081,Visakhapatanam,Andhra Pradesh,17.3995,82.7012
531082,Visakhapatanam,Andhra Pradesh,17.4764,82.7376
531083,Visakhapatanam,Andhra Pradesh,17.4338,82.7444
531084,Visakhapatanam,Andhra Pradesh,17.6699,82.4627
531085,Visakhapatanam,Andhra Pradesh,17.5655,82.6680
531087,Visakhapatanam,Andhra Pradesh,,
531105,Visakhapatanam,Andhra Pradesh,,
531111,Visakhapatanam,Andhra Pradesh,17.8219,82.4297
531113,Visakhapatanam,Andhra Pradesh,17.6213,82.7163
531114,Visakhapatanam,Andhra Pradesh,17.7468,82.6947
531115,Visakhapatanam,Andhra Pradesh,17.5826,82.4945
531116,Visakhapatanam,Andhra Pradesh,17.5731,82.4914
531117,Visakhapatanam,Andhra Pradesh,17.5726,82.5910
531118,Visakhapatanam,Andhra Pradesh,17.7090,82.5864
531126,Visakhapatanam,Andhra Pradesh,17.4207,82.6407
531127,Visakhapatanam,Andhra Pradesh,,
531133,Visakhapatanam,Andhra Pradesh,,
531149,Visakhapatanam,Andhra Pradesh,17.9516,83.0615
531151,Visakhapatanam,Andhra Pradesh,18.1950,82.8265
531162,Visakhapatanam,Andhra Pradesh,17.7118,83.1964
531163,Visakhapatanam,Andhra Pradesh,17.7304,83.2867
531173,Visakhapatanam,Andhra Pradesh,17.8344,83.2079
531219,Visakhapatanam,Andhra Pradesh,17.9621,83.2780
532001,Srikakulam,Andhra Pradesh,18.2957,83.8956
532005,Srikakulam,Andhra Pradesh,18.2966,83.8881
532122,Srikakulam,Andhra Pradesh,18.5264,83.6318
532123,Srikakulam,Andhra Pradesh,18.4554,83.7518
532127,Srikakulam,Andhra Pradesh,18.4495,83.6494
532148,Srikakulam,Andhra Pradesh,18.3778,83.6814
532168,Srikakulam,Andhra Pradesh,18.3473,83.7552
532185,Srikakulam,Andhra Pradesh,18.4081,83.9003
532186,Srikakulam,Andhra Pradesh,18.2878,83.9003
532187,Srikakulam,Andhra Pradesh,18.2878,83.9003
532190,Srikakulam,Andhra Pradesh,18.4973,83.9428
532195,Srikakulam,Andhra Pradesh,18.5185,84.1521
532201,Srikakulam,Andhra Pradesh,18.6068,84.2366
532203,Srikakulam,Andhra Pradesh,18.6068,84.2366
532211,Srikakulam,Andhra Pradesh,18.2963,83.8937
532212,Srikakulam,Andhra Pradesh,18.5772,84.2845
532213,Srikakulam,Andhra Pradesh,18.7470,84.0880
532214,Srikakulam,Andhra Pradesh,18.5836,83.9035
532215,Srikakulam,Andhra Pradesh,18.7696,84.1689
532216,Srikakulam,Andhra Pradesh,18.7709,84.1854
532218,Srikakulam,Andhra Pradesh,18.6661,84.3686
532219,Srikakulam,Andhra Pradesh,,
532220,Srikakulam,Andhra Pradesh,18.7415,84.2884
532221,Srikakulam,Andhra Pradesh,18.7949,84.3033
532222,Srikakulam,Andhra Pradesh,18.2963,83.8937
532242,Srikakulam,Andhra Pradesh,,
532243,Srikakulam,Andhra Pradesh,,
532263,Srikakulam,Andhra Pradesh,,
532264,Srikakulam,Andhra Pradesh,,
532284,Srikakulam,Andhra Pradesh,,
532290,Srikakulam,Andhra Pradesh,,
532291,Srikakulam,Andhra Pradesh,,
532292,Srikakulam,Andhra Pradesh,,
532312,Srikakulam,Andhra Pradesh,,
532322,Srikakulam,Andhra Pradesh,,
532401,Srikakulam,Andhra Pradesh,18.2878,83.9125
532402,Srikakulam,Andhra Pradesh,18.3414,83.8172
532403,Srikakulam,Andhra Pradesh,18.2274,83.7916
532404,Srikakulam,Andhra Pradesh,18.2731,84.0048
532405,Srikakulam,Andhra Pradesh,18.3308,84.0567
532406,Srikakulam,Andhra Pradesh,18.3415,84.1184
532407,Srikakulam,Andhra Pradesh,18.2051,83.6897
532408,Srikakulam,Andhra Pradesh,18.2227,83.8702
532409,Srikakulam,Andhra Pradesh,,
532410,Srikakulam,Andhra Pradesh,18.2821,83.8247
532421,Srikakulam,Andhra Pradesh,18.4181,84.0461
532425,Srikakulam,Andhra Pradesh,18.4341,83.9851
532426,Srikakulam,Andhra Pradesh,18.5923,84.0526
532427,Srikakulam,Andhra Pradesh,18.5439,84.0133
532428,Srikakulam,Andhra Pradesh,18.6438,84.0018
532429,Srikakulam,Andhra Pradesh,18.3749,84.1047
532430,Srikakulam,Andhra Pradesh,18.2853,83.8959
532432,Srikakulam,Andhra Pradesh,18.5110,84.0391
532440,Srikakulam,Andhra Pradesh,18.6038,83.7563
532443,Srikakulam,Andhra Pradesh,18.7332,83.8071
532445,Srikakulam,Andhra Pradesh,18.5191,83.7993
532455,Srikakulam,Andhra Pradesh,18.7789,83.8815
532456,Srikakulam,Andhra Pradesh,18.7832,83.8738
532457,Srikakulam,Andhra Pradesh,18.7838,83.9393
532458,Srikakulam,Andhra Pradesh,18.2963,83.8937
532459,Srikakulam,Andhra Pradesh,18.6708,83.9503
532460,Srikakulam,Andhra Pradesh,18.6886,83.6096
532461,Srikakulam,Andhra Pradesh,18.6327,83.5972
532462,Srikakulam,Andhra Pradesh,18.6055,83.6674
532474,Srikakulam,Andhra Pradesh,18.4713,84.0723
532484,Srikakulam,Andhra Pradesh,18.3524,83.8586
533001,East Godavari,Andhra Pradesh,16.9551,82.2355
533002,East Godavari,Andhra Pradesh,16.9386,82.2337
533003,East Godavari,Andhra Pradesh,16.9690,82.2386
533004,East Godavari,Andhra Pradesh,16.8338,82.0582
533005,East Godavari,Andhra Pradesh,16.9965,82.2219
533006,East Godavari,Andhra Pradesh,16.9500,82.1917
533007,East Godavari,Andhra Pradesh,16.9605,82.2487
533016,East Godavari,Andhra Pradesh,16.9000,82.1971
533101,East Godavari,Andhra Pradesh,16.9968,81.7803
533102,East Godavari,Andhra Pradesh,17.0808,81.8327
533103,East Godavari,Andhra Pradesh,17.0059,81.7895
533104,East Godavari,Andhra Pradesh,17.0105,81.7724
533105,East Godavari,Andhra Pradesh,17.0236,81.7842
533106,East Godavari,Andhra Pradesh,17.0291,81.8098
533107,East Godavari,Andhra Pradesh,16.9840,81.8389
533124,East Godavari,Andhra Pradesh,16.9633,81.8389
533125,East Godavari,Andhra Pradesh,16.9412,81.7943
533126,East Godavari,Andhra Pradesh,16.8896,81.8229
533201,East Godavari,Andhra Pradesh,,
533210,East Godavari,Andhra Pradesh,,
533211,East Godavari,Andhra Pradesh,,
533212,East Godavari,Andhra Pradesh,,
533213,East Godavari,Andhra Pradesh,,
533214,East Godavari,Andhra Pradesh,,
533215,East Godavari,Andhra Pradesh,,
533216,East Godavari,Andhra Pradesh,,
533217,East Godavari,Andhra Pradesh,,
533218,East Godavari,Andhra Pradesh,,
533220,East Godavari,Andhra Pradesh,,
533221,East Godavari,Andhra Pradesh,,
533222,East Godavari,Andhra Pradesh,,
533223,East Godavari,Andhra Pradesh,16.7014,81.8893
533228,East Godavari,Andhra Pradesh,16.6842,81.9417
533229,East Godavari,Andhra Pradesh,16.7014,81.8893
533232,East Godavari,Andhra Pradesh,16.8010,81.8996
533233,East Godavari,Andhra Pradesh,16.8200,81.8600
533234,East Godavari,Andhra Pradesh,16.8589,81.8728
533235,East Godavari,Andhra Pradesh,16.8334,81.7869
533236,East Godavari,Andhra Pradesh,16.7801,81.8019
533237,East Godavari,Andhra Pradesh,16.7784,81.8247
533238,East Godavari,Andhra Pradesh,,
533239,East Godavari,Andhra Pradesh,,
533240,East Godavari,Andhra Pradesh,,
533241,East Godavari,Andhra Pradesh,,
533242,East Godavari,Andhra Pradesh,,
533244,East Godavari,Andhra Pradesh,,
533247,East Godavari,Andhra Pradesh,16.7014,81.8893
533248,East Godavari,Andhra Pradesh,,
533249,East Godavari,Andhra Pradesh,,
533250,East Godavari,Andhra Pradesh,16.7014,81.8893
533251,East Godavari,Andhra Pradesh,,
533252,East Godavari,Andhra Pradesh,,
533253,East Godavari,Andhra Pradesh,,
533254,East Godavari,Andhra Pradesh,16.7014,81.8893
533255,East Godavari,Andhra Pradesh,16.8351,82.0311
533256,East Godavari,Andhra Pradesh,16.8327,82.0461
533260,East Godavari,Andhra Pradesh,16.8637,82.1100
533261,East Godavari,Andhra Pradesh,16.8500,81.9900
533262,East Godavari,Andhra Pradesh,16.7953,82.0838
533263,East Godavari,Andhra Pradesh,16.7440,82.1217
533264,East Godavari,Andhra Pradesh,16.8788,81.9683
533274,East Godavari,Andhra Pradesh,16.7014,81.8893
533284,East Godavari,Andhra Pradesh,17.3836,81.8934
533285,East Godavari,Andhra Pradesh,17.2895,81.9698
533286,East Godavari,Andhra Pradesh,17.2588,81.8554
533287,East Godavari,Andhra Pradesh,17.1817,81.6928
533288,East Godavari,Andhra Pradesh,17.4155,81.7876
533289,East Godavari,Andhra Pradesh,17.1602,81.7983
533290,East Godavari,Andhra Pradesh,17.2109,81.7833
533291,East Godavari,Andhra Pradesh,16.9964,81.9969
533292,East Godavari,Andhra Pradesh,17.1221,81.8286
533293,East Godavari,Andhra Pradesh,17.0977,81.7438
533294,East Godavari,Andhra Pradesh,17.0841,81.9213
533295,East Godavari,Andhra Pradesh,,
533296,East Godavari,Andhra Pradesh,17.0374,81.8771
533297,East Godavari,Andhra Pradesh,17.1584,81.9316
533305,East Godavari,Andhra Pradesh,16.7437,82.0157
533306,East Godavari,Andhra Pradesh,16.7147,82.0237
533307,East Godavari,Andhra Pradesh,16.7900,81.9300
533308,East Godavari,Andhra Pradesh,16.8669,81.9405
533309,East Godavari,Andhra Pradesh,16.7540,81.9668
533339,East Godavari,Andhra Pradesh,17.3336,81.6942
533340,East Godavari,Andhra Pradesh,16.9027,81.9247
533341,East Godavari,Andhra Pradesh,16.9346,81.8924
533342,East Godavari,Andhra Pradesh,16.9472,81.9700
533343,East Godavari,Andhra Pradesh,16.9712,82.0100
533344,East Godavari,Andhra Pradesh,16.9300,82.0759
533345,East Godavari,Andhra Pradesh,16.9120,82.0237
533346,East Godavari,Andhra Pradesh,16.9225,82.0039
533347,East Godavari,Andhra Pradesh,,
533348,East Godavari,Andhra Pradesh,,
533349,East Godavari,Andhra Pradesh,,
533350,East Godavari,Andhra Pradesh,,
533351,East Godavari,Andhra Pradesh,,
533352,East Godavari,Andhra Pradesh,,
533353,East Godavari,Andhra Pradesh,17.0374,81.9315
533354,East Godavari,Andhra Pradesh,17.2633,81.7834
533355,East Godavari,Andhra Pradesh,16.7354,82.0345
533401,East Godavari,Andhra Pradesh,,
533406,East Godavari,Andhra Pradesh,17.2923,82.3974
533407,East Godavari,Andhra Pradesh,17.4400,82.1200
533408,East Godavari,Andhra Pradesh,17.2200,82.4651
533428,East Godavari,Andhra Pradesh,17.4300,82.0231
533429,East Godavari,Andhra Pradesh,17.2893,82.1059
533430,East Godavari,Andhra Pradesh,17.2655,82.2223
533431,East Godavari,Andhra Pradesh,17.1861,82.1515
533432,East Godavari,Andhra Pradesh,17.2501,82.1523
533433,East Godavari,Andhra Pradesh,17.1200,82.1600
533434,East Godavari,Andhra Pradesh,17.0237,82.1400
533435,East Godavari,Andhra Pradesh,17.2010,82.0534
533436,East Godavari,Andhra Pradesh,17.4550,82.1539
533437,East Godavari,Andhra Pradesh,17.0795,82.1226
533440,East Godavari,Andhra Pradesh,17.0536,82.1736
533444,East Godavari,Andhra Pradesh,17.2300,82.2900
533445,East Godavari,Andhra Pradesh,17.1539,82.2559
533446,East Godavari,Andhra Pradesh,17.3001,82.3352
533447,East Godavari,Andhra Pradesh,17.1200,82.3300
533448,East Godavari,Andhra Pradesh,17.1070,82.3450
533449,East Godavari,Andhra Pradesh,17.1728,82.3246
533450,East Godavari,Andhra Pradesh,17.0900,82.2400
533451,East Godavari,Andhra Pradesh,17.1868,82.2716
533461,East Godavari,Andhra Pradesh,16.8162,82.2259
533462,East Godavari,Andhra Pradesh,16.8927,82.1150
533463,East Godavari,Andhra Pradesh,16.7793,82.2731
533464,East Godavari,Andhra Pradesh,16.7349,82.1849
533468,East Godavari,Andhra Pradesh,16.8335,82.1575
533483,East Godavari,Andhra Pradesh,17.1948,82.2200
533577,East Godavari,Andhra Pradesh,,
534001,West Godavari,Andhra Pradesh,16.7128,81.1061
534002,West Godavari,Andhra Pradesh,16.7123,81.0912
534003,West Godavari,Andhra Pradesh,16.7305,81.0825
534004,West Godavari,Andhra Pradesh,16.6902,81.1489
534005,West Godavari,Andhra Pradesh,16.7184,81.1090
534006,West Godavari,Andhra Pradesh,16.7113,81.0963
534007,West Godavari,Andhra Pradesh,16.6168,81.4076
534101,West Godavari,Andhra Pradesh,16.8353,81.5096
534102,West Godavari,Andhra Pradesh,16.8558,81.5088
534111,West Godavari,Andhra Pradesh,16.9455,81.4634
534112,West Godavari,Andhra Pradesh,16.9138,81.4041
534122,West Godavari,Andhra Pradesh,16.6276,81.7468
534123,West Godavari,Andhra Pradesh,16.6175,81.8100
534124,West Godavari,Andhra Pradesh,16.6587,81.6556
534126,West Godavari,Andhra Pradesh,16.6212,81.7287
534134,West Godavari,Andhra Pradesh,16.6860,81.5893
534145,West Godavari,Andhra Pradesh,16.8641,81.5814
534146,West Godavari,Andhra Pradesh,16.8182,81.6051
534156,West Godavari,Andhra Pradesh,16.7747,81.6042
534165,West Godavari,Andhra Pradesh,16.7717,81.4734
534166,West Godavari,Andhra Pradesh,16.7763,81.5086
534176,West Godavari,Andhra Pradesh,16.9914,81.4160
534186,West Godavari,Andhra Pradesh,16.6723,81.5311
534195,West Godavari,Andhra Pradesh,16.7312,81.4049
534196,West Godavari,Andhra Pradesh,16.7405,81.5202
534197,West Godavari,Andhra Pradesh,16.7059,81.5328
534198,West Godavari,Andhra Pradesh,16.6842,81.4577
534199,West Godavari,Andhra Pradesh,16.5920,81.4640
534201,West Godavari,Andhra Pradesh,16.5407,81.5193
534202,West Godavari,Andhra Pradesh,16.5404,81.5193
534204,West Godavari,Andhra Pradesh,16.5433,81.4924
534206,West Godavari,Andhra Pradesh,16.5327,81.4678
534207,West Godavari,Andhra Pradesh,16.4750,81.6065
534208,West Godavari,Andhra Pradesh,16.5189,81.5100
534209,West Godavari,Andhra Pradesh,16.6018,81.5661
534210,West Godavari,Andhra Pradesh,16.5845,81.5689
534211,West Godavari,Andhra Pradesh,16.7539,81.6854
534215,West Godavari,Andhra Pradesh,,
534216,West Godavari,Andhra Pradesh,16.7782,81.6798
534217,West Godavari,Andhra Pradesh,16.6984,81.6993
534218,West Godavari,Andhra Pradesh,16.7711,81.6637
534222,West Godavari,Andhra Pradesh,16.7189,81.6761
534225,West Godavari,Andhra Pradesh,16.7032,81.6343
534227,West Godavari,Andhra Pradesh,16.8099,81.7083
534230,West Godavari,Andhra Pradesh,16.6296,81.5932
534235,West Godavari,Andhra Pradesh,16.5835,81.3809
534236,West Godavari,Andhra Pradesh,16.4811,81.3822
534237,West Godavari,Andhra Pradesh,16.5332,81.4025
534238,West Godavari,Andhra Pradesh,16.6123,81.6299
534239,West Godavari,Andhra Pradesh,16.4515,81.5140
534240,West Godavari,Andhra Pradesh,16.5990,81.6610
534243,West Godavari,Andhra Pradesh,16.5426,81.6039
534244,West Godavari,Andhra Pradesh,16.5441,81.5676
534245,West Godavari,Andhra Pradesh,16.5304,81.6391
534247,West Godavari,Andhra Pradesh,16.5730,81.6378
534250,West Godavari,Andhra Pradesh,16.5290,81.6908
534260,West Godavari,Andhra Pradesh,16.5193,81.7274
534265,West Godavari,Andhra Pradesh,16.5491,81.7197
534266,West Godavari,Andhra Pradesh,16.5228,81.8403
534267,West Godavari,Andhra Pradesh,16.5502,81.7821
534268,West Godavari,Andhra Pradesh,16.4983,81.7828
534269,West Godavari,Andhra Pradesh,16.6050,81.8374
534275,West Godavari,Andhra Pradesh,16.4341,81.6943
534280,West Godavari,Andhra Pradesh,16.4105,81.6480
534281,West Godavari,Andhra Pradesh,16.4011,81.5742
534301,West Godavari,Andhra Pradesh,16.9152,81.6665
534302,West Godavari,Andhra Pradesh,16.9071,81.7096
534305,West Godavari,Andhra Pradesh,16.9573,81.5792
534311,West Godavari,Andhra Pradesh,17.1750,81.4235
534312,West Godavari,Andhra Pradesh,16.9945,81.5418
534313,West Godavari,Andhra Pradesh,17.0162,81.5606
534315,West Godavari,Andhra Pradesh,,
534316,West Godavari,Andhra Pradesh,17.0736,81.5224
534318,West Godavari,Andhra Pradesh,17.1789,81.5315
534320,West Godavari,Andhra Pradesh,16.6567,81.7432
534324,West Godavari,Andhra Pradesh,16.6447,81.7527
534326,West Godavari,Andhra Pradesh,16.6522,81.8108
534327,West Godavari,Andhra Pradesh,16.5842,81.7680
534328,West Godavari,Andhra Pradesh,16.7459,81.7366
534329,West Godavari,Andhra Pradesh,16.8374,81.7254
534330,West Godavari,Andhra Pradesh,16.7037,81.7760
534331,West Godavari,Andhra Pradesh,16.7938,81.7290
534338,West Godavari,Andhra Pradesh,16.5840,81.7110
534340,West Godavari,Andhra Pradesh,17.0735,81.6613
534341,West Godavari,Andhra Pradesh,17.1306,81.6397
534342,West Godavari,Andhra Pradesh,16.9953,81.6764
534350,West Godavari,Andhra Pradesh,17.0128,81.7253
534401,West Godavari,Andhra Pradesh,16.8064,81.3172
534406,West Godavari,Andhra Pradesh,16.8167,81.3963
534411,West Godavari,Andhra Pradesh,16.8026,81.4648
534416,West Godavari,Andhra Pradesh,16.8144,81.3755
534425,West Godavari,Andhra Pradesh,16.8199,81.2618
534426,West Godavari,Andhra Pradesh,16.9544,81.2570
534427,West Godavari,Andhra Pradesh,16.7752,81.2387
534432,West Godavari,Andhra Pradesh,16.7578,81.1651
534435,West Godavari,Andhra Pradesh,16.8399,81.1175
534437,West Godavari,Andhra Pradesh,16.6974,81.0939
534442,West Godavari,Andhra Pradesh,16.7405,81.2009
534444,West Godavari,Andhra Pradesh,,
534447,West Godavari,Andhra Pradesh,17.1151,81.2972
534448,West Godavari,Andhra Pradesh,16.9568,81.3176
534449,West Godavari,Andhra Pradesh,16.9790,81.1739
534450,West Godavari,Andhra Pradesh,16.7746,81.1449
534451,West Godavari,Andhra Pradesh,17.0151,81.4068
534452,West Godavari,Andhra Pradesh,16.9169,81.1675
534455,West Godavari,Andhra Pradesh,17.0994,81.2960
534456,West Godavari,Andhra Pradesh,17.1816,81.3667
534460,West Godavari,Andhra Pradesh,16.7750,81.4919
534461,West Godavari,Andhra Pradesh,17.0098,81.1925
534462,West Godavari,Andhra Pradesh,16.8167,81.3667
534467,West Godavari,Andhra Pradesh,,
534475,West Godavari,Andhra Pradesh,16.8298,81.0872
535001,Vizianagaram,Andhra Pradesh,18.1148,83.4055
535002,Vizianagaram,Andhra Pradesh,18.1101,83.4126
535003,Vizianagaram,Andhra Pradesh,18.1225,83.3783
535004,Vizianagaram,Andhra Pradesh,18.0925,83.3617
535005,Vizianagaram,Andhra Pradesh,18.0582,83.4071
535006,Vizianagaram,Andhra Pradesh,18.0908,83.4573
535101,Vizianagaram,Andhra Pradesh,18.2861,83.5392
535102,Vizianagaram,Andhra Pradesh,18.3676,83.4607
535124,Vizianagaram,Andhra Pradesh,18.4589,83.4769
535125,Vizianagaram,Andhra Pradesh,18.2704,83.6349
535126,Vizianagaram,Andhra Pradesh,18.4811,83.5030
535128,Vizianagaram,Andhra Pradesh,18.3273,83.5726
535145,Visakhapatanam,Andhra Pradesh,18.1437,82.9979
535148,Vizianagaram,Andhra Pradesh,18.1244,83.1983
535160,Vizianagaram,Andhra Pradesh,18.1582,83.2344
535161,Vizianagaram,Andhra Pradesh,18.0218,83.1622
535183,Vizianagaram,Andhra Pradesh,17.9099,83.1804
535204,Vizianagaram,Andhra Pradesh,18.0935,83.5683
535213,Vizianagaram,Andhra Pradesh,18.0672,83.5230
535214,Vizianagaram,Andhra Pradesh,18.0344,83.2908
535215,Vizianagaram,Andhra Pradesh,18.1255,83.3001
535216,Vizianagaram,Andhra Pradesh,18.0215,83.4840
535217,Vizianagaram,Andhra Pradesh,18.1866,83.4663
535218,Vizianagaram,Andhra Pradesh,18.1644,83.4950
535220,Vizianagaram,Andhra Pradesh,18.2663,83.4550
535221,Vizianagaram,Andhra Pradesh,18.1886,83.2671
535240,Vizianagaram,Andhra Pradesh,17.9852,83.2206
535250,Vizianagaram,Andhra Pradesh,18.0620,83.2408
535260,Vizianagaram,Andhra Pradesh,18.2314,83.3181
535270,Vizianagaram,Andhra Pradesh,18.2908,83.3350
535273,Vizianagaram,Andhra Pradesh,18.3207,83.2552
535280,Vizianagaram,Andhra Pradesh,18.2046,83.3923
535281,Vizianagaram,Andhra Pradesh,18.0120,83.0804
535463,Vizianagaram,Andhra Pradesh,18.3234,83.1607
535501,Vizianagaram,Andhra Pradesh,,
535502,Vizianagaram,Andhra Pradesh,,
535521,Vizianagaram,Andhra Pradesh,,
535522,Vizianagaram,Andhra Pradesh,,
535523,Vizianagaram,Andhra Pradesh,,
535524,Vizianagaram,Andhra Pradesh,,
535525,Vizianagaram,Andhra Pradesh,18.1201,83.3163
535526,Vizianagaram,Andhra Pradesh,,
535527,Vizianagaram,Andhra Pradesh,,
535534,Vizianagaram,Andhra Pradesh,,
535546,Vizianagaram,Andhra Pradesh,,
535547,Vizianagaram,Andhra Pradesh,,
535557,Vizianagaram,Andhra Pradesh,,
535558,Vizianagaram,Andhra Pradesh,18.5745,83.3570
535559,Vizianagaram,Andhra Pradesh,18.5761,83.3537
535568,Vizianagaram,Andhra Pradesh,18.5750,83.4156
535573,Vizianagaram,Andhra Pradesh,18.5749,83.3599
535578,Vizianagaram,Andhra Pradesh,18.4839,83.3295
535579,Vizianagaram,Andhra Pradesh,18.4969,83.2787
535580,Vizianagaram,Andhra Pradesh,18.3662,83.3441
535581,Vizianagaram,Andhra Pradesh,18.3766,83.2587
535582,Vizianagaram,Andhra Pradesh,18.3797,83.3899
535591,Vizianagaram,Andhra Pradesh,18.5176,83.2056
535592,Vizianagaram,Andhra Pradesh,18.4793,83.1124
535593,Vizianagaram,Andhra Pradesh,,
535594,Vizianagaram,Andhra Pradesh,18.1135,83.4089
560001,Bengaluru Urban,Karnataka,12.9825,77.5942
560002,Bengaluru Urban,Karnataka,12.9025,77.6253
560003,Bengaluru Urban,Karnataka,13.0023,77.5738
560004,Bengaluru Urban,Karnataka,12.9484,77.5728
560005,Bengaluru Urban,Karnataka,13.0007,77.6161
560006,Bengaluru Urban,Karnataka,13.0160,77.7878
560007,Bengaluru Urban,Karnataka,12.9636,77.6291
560008,Bengaluru Urban,Karnataka,12.9685,77.6426
560009,Bengaluru Urban,Karnataka,12.9732,77.5818
560010,Bengaluru Urban,Karnataka,12.9830,77.5545
560011,Bengaluru Urban,Karnataka,12.9336,77.5846
560012,Bengaluru Urban,Karnataka,13.0138,77.5665
560013,Bengaluru Urban,Karnataka,13.0577,77.5497
560015,Bengaluru Urban,Karnataka,13.0464,77.5227
560016,Bengaluru Urban,Karnataka,13.0045,77.6827
560017,Bengaluru Urban,Karnataka,12.9447,77.5740
560018,Bengaluru Urban,Karnataka,12.9605,77.5606
560020,Bengaluru Urban,Karnataka,12.9885,77.5746
560021,Bengaluru Urban,Karnataka,13.0008,77.5594
560022,Bengaluru Urban,Karnataka,13.0240,77.5486
560023,Bengaluru Urban,Karnataka,12.9756,77.5603
560024,Bengaluru Urban,Karnataka,13.0412,77.5976
560025,Bengaluru Urban,Karnataka,12.9648,77.6063
560026,Bengaluru Urban,Karnataka,12.9494,77.5363
560027,Bengaluru Urban,Karnataka,12.9617,77.5977
560029,Bengaluru Urban,Karnataka,12.9298,77.6047
560030,Bengaluru Urban,Karnataka,12.9485,77.6017
560032,Bengaluru Urban,Karnataka,12.9953,77.6178
560033,Bengaluru Urban,Karnataka,,
560034,Bengaluru Urban,Karnataka,12.9249,77.6292
560035,Bengaluru Urban,Karnataka,12.9075,77.6957
560036,Bengaluru Urban,Karnataka,13.0080,77.6910
560037,Bengaluru Urban,Karnataka,12.9682,77.6944
560038,Bengaluru Urban,Karnataka,12.9447,77.5740
560040,Bengaluru Urban,Karnataka,12.9714,77.5368
560041,Bengaluru Urban,Karnataka,12.9235,77.5917
560042,Bengaluru Urban,Karnataka,12.9820,77.6124
560043,Bengaluru Urban,Karnataka,13.0138,77.6348
560045,Bengaluru Urban,Karnataka,13.0326,77.6208
560046,Bengaluru Urban,Karnataka,,
560047,Bengaluru Urban,Karnataka,12.9501,77.5949
560048,Bengaluru Urban,Karnataka,12.9938,77.7075
560049,Bengaluru Urban,Karnataka,13.0401,77.7129
560050,Bengaluru Urban,Karnataka,12.9401,77.5570
560051,Bengaluru Urban,Karnataka,,
560053,Bengaluru Urban,Karnataka,12.9689,77.5731
560054,Bengaluru Urban,Karnataka,13.0298,77.5580
560055,Bengaluru Urban,Karnataka,13.0090,77.5629
560056,Bengaluru Urban,Karnataka,12.9548,77.5007
560057,Bengaluru Urban,Karnataka,13.0465,77.5128
560058,Bengaluru Urban,Karnataka,13.0165,77.5233
560059,Bengaluru Urban,Karnataka,12.9249,77.4992
560060,Bengaluru Urban,Karnataka,12.9073,77.4845
560061,Bengaluru Urban,Karnataka,12.9040,77.5467
560062,Bengaluru Urban,Karnataka,12.9070,77.5748
560063,Bengaluru Urban,Karnataka,13.1280,77.6077
560064,Bengaluru Urban,Karnataka,13.1070,77.5688
560065,Bengaluru Urban,Karnataka,13.0686,77.5688
560066,Bengaluru Urban,Karnataka,12.9872,77.7322
560067,Bengaluru Rural,Karnataka,13.0062,77.7978
560068,Bengaluru Urban,Karnataka,12.9070,77.6308
560070,Bengaluru Urban,Karnataka,12.9264,77.5685
560071,Bengaluru Urban,Karnataka,,
560072,Bengaluru Urban,Karnataka,12.9552,77.5156
560073,Bengaluru Urban,Karnataka,13.0566,77.5081
560074,Bengaluru Urban,Karnataka,12.8798,77.4466
560075,Bengaluru Urban,Karnataka,12.9711,77.6560
560076,Bengaluru Urban,Karnataka,12.8911,77.5990
560077,Bengaluru Urban,Karnataka,13.0638,77.6489
560078,Bengaluru Urban,Karnataka,12.9119,77.5869
560079,Bengaluru Urban,Karnataka,12.9875,77.5331
560080,Bengaluru Urban,Karnataka,,
560081,Bengaluru Urban,Karnataka,12.8017,77.7043
560082,Bengaluru Urban,Karnataka,12.8335,77.5117
560083,Bengaluru Urban,Karnataka,12.8206,77.5881
560084,Bengaluru Urban,Karnataka,13.0119,77.6272
560085,Bengaluru Urban,Karnataka,12.9320,77.5426
560086,Bengaluru Urban,Karnataka,13.0068,77.5464
560087,Bengaluru Urban,Karnataka,12.9385,77.7262
560088,Bengaluru Urban,Karnataka,13.1340,77.4788
560089,Bengaluru Urban,Karnataka,13.1335,77.4911
560090,Bengaluru Urban,Karnataka,13.0863,77.4973
560091,Bengaluru Urban,Karnataka,12.9910,77.4879
560092,Bengaluru Urban,Karnataka,13.0136,77.5699
560093,Bengaluru Urban,Karnataka,12.9861,77.6522
560094,Bengaluru Urban,Karnataka,13.0688,77.9689
560095,Bengaluru Urban,Karnataka,12.9385,77.6191
560096,Bengaluru Urban,Karnataka,13.0114,77.5359
560097,Bengaluru Urban,Karnataka,13.0794,77.5595
560098,Bengaluru Urban,Karnataka,12.9143,77.5146
560099,Bengaluru Urban,Karnataka,12.8401,77.6975
560100,Bengaluru Urban,Karnataka,12.8401,77.6635
560102,Bengaluru Urban,Karnataka,12.9141,77.6372
560103,Bengaluru Urban,Karnataka,12.9299,77.6754
560104,Bengaluru Urban,Karnataka,12.9650,77.5381
560105,Bengaluru Urban,Karnataka,12.7868,77.6379
560107,Bengaluru Urban,Karnataka,13.0894,77.4859
560108,Bengaluru Urban,Karnataka,12.8624,77.5644
560109,Bengaluru Urban,Karnataka,12.8684,77.5381
560110,Bengaluru Urban,Karnataka,12.9582,77.4756
560111,Bengaluru Urban,Karnataka,12.8963,77.5592
560112,Bengaluru Urban,Karnataka,13.2677,77.5524
560113,Bengaluru Urban,Karnataka,13.0251,77.6597
560114,Bengaluru Urban,Karnataka,12.8705,77.6269
560115,Bengaluru Urban,Karnataka,13.0469,77.5454
560116,Bengaluru Urban,Karnataka,12.7720,77.5081
560117,Bengaluru Rural,Karnataka,12.9696,77.8307
560300,Bengaluru Urban,Karnataka,13.1989,77.7040
560500,Bengaluru Urban,Karnataka,12.8633,77.6583
561101,Ramanagara,Karnataka,13.1135,77.1787
561201,Ramanagara,Karnataka,12.8600,77.2600
561202,Tumakuru,Karnataka,,
561203,Bengaluru Rural,Karnataka,13.3250,77.5100
561204,Bengaluru Rural,Karnataka,13.2900,77.3900
561205,Bengaluru Rural,Karnataka,13.3652,77.6100
561206,Chikkaballapura,Karnataka,13.6105,77.5903
561207,Chikkaballapura,Karnataka,13.8165,77.8431
561208,Chikkaballapura,Karnataka,13.6533,77.5119
561209,Chikkaballapura,Karnataka,13.6850,77.6984
561210,Chikkaballapura,Karnataka,13.5937,77.4386
561211,Chikkaballapura,Karnataka,13.5061,77.5993
561212,Chikkaballapura,Karnataka,13.7582,77.9991
561213,Chikkaballapura,Karnataka,13.5033,77.4981
561228,Chikkaballapura,Karnataka,13.7298,77.6346
562101,Chikkaballapura,Karnataka,13.4338,77.7317
562102,Chikkaballapura,Karnataka,13.3055,77.8422
562103,Chikkaballapura,Karnataka,13.4000,77.7276
562104,Chikkaballapura,Karnataka,13.6165,77.7862
562105,Chikkaballapura,Karnataka,13.4389,77.9049
562106,Bengaluru Urban,Karnataka,12.7094,77.7250
562107,Bengaluru Urban,Karnataka,12.7900,77.7500
562108,Ramanagara,Karnataka,12.7200,77.1500
562109,Ramanagara,Karnataka,12.7700,77.4200
562110,Bengaluru Rural,Karnataka,13.2300,77.6600
562111,Bengaluru Rural,Karnataka,13.2257,77.2429
562112,Ramanagara,Karnataka,12.6800,77.4673
562114,Bengaluru Rural,Karnataka,13.0850,77.8400
562117,Ramanagara,Karnataka,12.5300,77.4000
562119,Ramanagara,Karnataka,12.4100,77.5200
562120,Ramanagara,Karnataka,12.9450,77.1800
562121,Ramanagara,Karnataka,12.6091,77.5387
562122,Bengaluru Rural,Karnataka,13.1800,77.9100
562123,Bengaluru Rural,Karnataka,13.1100,77.3600
562125,Bengaluru Urban,Karnataka,12.8800,77.7800
562126,Ramanagara,Karnataka,12.4300,77.3300
562127,Ramanagara,Karnataka,13.0600,77.2700
562128,Ramanagara,Karnataka,12.8200,77.3350
562129,Bengaluru Rural,Karnataka,13.1900,77.8100
562130,Bengaluru Urban,Karnataka,12.9900,77.4300
562131,Ramanagara,Karnataka,13.0400,77.1300
562132,Bengaluru Rural,Karnataka,13.2300,77.3057
562135,Bengaluru Rural,Karnataka,13.2952,77.7800
562138,Ramanagara,Karnataka,12.5300,77.2000
562149,Bengaluru Urban,Karnataka,13.0900,77.6600
562157,Bengaluru Urban,Karnataka,13.1602,77.6500
562159,Ramanagara,Karnataka,12.7164,77.2788
562160,Ramanagara,Karnataka,12.6400,77.1700
562161,Ramanagara,Karnataka,12.6682,77.1740
562162,Bengaluru Urban,Karnataka,13.0550,77.4500
562163,Bengaluru Rural,Karnataka,13.2700,77.5600
562164,Bengaluru Rural,Karnataka,13.3200,77.6900
562165,Bengaluru Rural,Karnataka,13.0833,77.7390
563101,Kolar,Karnataka,13.1351,78.1299
563103,Kolar,Karnataka,13.1268,78.2112
563113,Kolar,Karnataka,12.9005,78.2908
563114,Kolar,Karnataka,13.0033,78.1646
563115,Kolar,Karnataka,12.9822,78.2422
563116,Kolar,Karnataka,13.0076,78.3947
563117,Kolar,Karnataka,12.9364,78.2614
563118,Kolar,Karnataka,12.9740,78.2589
563119,Kolar,Karnataka,12.9259,78.2660
563120,Kolar,Karnataka,12.9565,78.2286
563121,Kolar,Karnataka,12.9642,78.3383
563122,Kolar,Karnataka,12.9571,78.2767
563123,Chikkaballapura,Karnataka,13.5807,78.1251
563124,Chikkaballapura,Karnataka,13.8036,78.0633
563125,Chikkaballapura,Karnataka,13.4303,78.0577
563126,Kolar,Karnataka,13.2523,78.1667
563127,Kolar,Karnataka,13.1520,78.3069
563128,Chikkaballapura,Karnataka,13.3109,77.9841
563129,Kolar,Karnataka,12.8561,78.2069
563130,Kolar,Karnataka,13.0233,77.9665
563131,Kolar,Karnataka,13.2022,78.3867
563132,Kolar,Karnataka,13.1987,78.5006
563133,Kolar,Karnataka,13.1386,78.0056
563134,Kolar,Karnataka,13.4899,78.3023
563135,Kolar,Karnataka,13.4041,78.2363
563136,Kolar,Karnataka,13.0683,78.4254
563137,Kolar,Karnataka,12.9833,78.0700
563138,Kolar,Karnataka,13.3311,78.2871
563139,Kolar,Karnataka,12.8700,77.9935
563146,Chikkaballapura,Karnataka,13.4543,78.1366
563147,Kolar,Karnataka,12.9164,78.1553
563157,Kolar,Karnataka,13.2285,78.0303
563159,Chikkaballapura,Karnataka,13.5934,77.9781
563160,Kolar,Karnataka,13.0035,77.9425
563161,Kolar,Karnataka,13.5221,78.2621
563162,Kolar,Karnataka,13.0086,78.2096
563163,Kolar,Karnataka,13.0035,77.9425
570001,Mysuru,Karnataka,12.3142,76.6566
570002,Mysuru,Karnataka,12.3273,76.6284
570003,Mysuru,Karnataka,12.3579,76.6446
570004,Mysuru,Karnataka,12.3013,76.6450
570005,Mysuru,Karnataka,12.3039,76.6385
570006,Mysuru,Karnataka,12.3132,76.6132
570007,Mysuru,Karnataka,12.3297,76.6653
570008,Mysuru,Karnataka,12.2787,76.6400
570009,Mysuru,Karnataka,12.3027,76.6311
570010,Mysuru,Karnataka,12.3061,76.6648
570011,Mysuru,Karnataka,12.3045,76.6804
570012,Mysuru,Karnataka,12.3233,76.6197
570014,Mysuru,Karnataka,12.3142,76.6566
570015,Mysuru,Karnataka,12.3377,76.6521
570016,Mysuru,Karnataka,12.3430,76.6232
570017,Mysuru,Karnataka,12.3372,76.6117
570018,Mysuru,Karnataka,12.3421,76.5803
570019,Mysuru,Karnataka,12.3142,76.6566
570020,Mysuru,Karnataka,12.3220,76.6375
570022,Mysuru,Karnataka,12.3142,76.6566
570023,Mysuru,Karnataka,12.3026,76.6407
570025,Mysuru,Karnataka,12.2833,76.6587
570026,Mysuru,Karnataka,12.3056,76.5986
570027,Mysuru,Karnataka,12.3598,76.5955
570028,Mysuru,Karnataka,12.2994,76.7011
570029,Mysuru,Karnataka,12.3142,76.6566
570030,Mysuru,Karnataka,12.3206,76.6037
570031,Mysuru,Karnataka,12.2631,76.6391
570032,Mysuru,Karnataka,12.3233,76.5875
570033,Mysuru,Karnataka,,
570034,Mysuru,Karnataka,12.2703,76.6261
571101,Mysuru,Karnataka,12.3305,76.8616
571102,Mysuru,Karnataka,,
571103,Mysuru,Karnataka,12.3342,76.4551
571104,Mysuru,Karnataka,,
571105,Mysuru,Karnataka,12.3061,76.2914
571106,Mysuru,Karnataka,12.3027,76.6311
571107,Mysuru,Karnataka,,
571108,Mysuru,Karnataka,,
571109,Chamarajanagara,Karnataka,11.9314,76.6702
571110,Mysuru,Karnataka,12.2398,76.8924
571111,Chamarajanagara,Karnataka,,
571114,Mysuru,Karnataka,12.2963,76.6345
571115,Chamarajanagara,Karnataka,12.0438,76.9800
571116,Mysuru,Karnataka,11.9892,76.3503
571117,Chamarajanagara,Karnataka,11.9600,77.0194
571118,Mysuru,Karnataka,12.0588,76.6985
571119,Mysuru,Karnataka,12.0965,76.8090
571120,Mysuru,Karnataka,12.2406,76.9099
571121,Mysuru,Karnataka,12.0002,76.3964
571122,Mysuru,Karnataka,12.1916,77.0307
571123,Chamarajanagara,Karnataka,11.8137,76.7871
571124,Mysuru,Karnataka,12.2129,76.8977
571125,Mysuru,Karnataka,12.1216,76.4802
571126,Chamarajanagara,Karnataka,,
571127,Chamarajanagara,Karnataka,11.8779,76.9548
571128,Chamarajanagara,Karnataka,11.9391,76.8065
571129,Mysuru,Karnataka,12.1462,76.7663
571130,Mysuru,Karnataka,12.3596,76.5409
571134,Mysuru,Karnataka,12.3564,76.2915
571187,Mysuru,Karnataka,,
571189,Mysuru,Karnataka,12.2185,76.3459
571201,Kodagu,Karnataka,12.4224,75.7305
571211,Kodagu,Karnataka,12.2284,75.8444
571212,Kodagu,Karnataka,12.2270,75.7144
571213,Kodagu,Karnataka,12.1758,75.9654
571214,Kodagu,Karnataka,12.3120,75.6572
571215,Kodagu,Karnataka,12.2474,75.9193
571216,Kodagu,Karnataka,12.1270,75.9586
571217,Kodagu,Karnataka,12.0126,75.9965
571218,Kodagu,Karnataka,12.1971,75.8026
571219,Kodagu,Karnataka,12.1297,76.0553
571231,Kodagu,Karnataka,12.7900,75.9111
571232,Kodagu,Karnataka,12.5108,75.9624
571234,Kodagu,Karnataka,12.4486,75.9136
571235,Kodagu,Karnataka,12.7088,75.9013
571236,Kodagu,Karnataka,12.6053,75.8470
571237,Kodagu,Karnataka,12.4495,75.8464
571247,Kodagu,Karnataka,12.3854,75.5663
571248,Kodagu,Karnataka,12.3706,75.8410
571249,Kodagu,Karnataka,12.0489,75.9419
571250,Kodagu,Karnataka,11.9737,76.0141
571251,Kodagu,Karnataka,12.5207,75.7975
571252,Kodagu,Karnataka,12.3160,75.7579
571253,Kodagu,Karnataka,12.3102,75.8666
571254,Kodagu,Karnataka,12.2249,76.0042
571301,Mysuru,Karnataka,12.1195,76.6773
571302,Mysuru,Karnataka,12.1678,76.6775
571311,Mysuru,Karnataka,12.1930,76.6665
571312,Mysuru,Karnataka,12.0330,76.7987
571313,Chamarajanagara,Karnataka,12.1614,77.1106
571314,Mysuru,Karnataka,12.0968,76.5568
571315,Mysuru,Karnataka,12.3142,76.6566
571316,Chamarajanagara,Karnataka,12.1614,77.1106
571320,Chamarajanagara,Karnataka,12.0994,77.0827
571342,Chamarajanagara,Karnataka,12.1614,77.1106
571401,Mandya,Karnataka,12.5200,76.8900
571402,Mandya,Karnataka,12.5350,76.9000
571403,Mandya,Karnataka,12.5263,76.9138
571404,Mandya,Karnataka,12.5476,76.9311
571405,Mandya,Karnataka,12.5380,76.7913
571415,Mandya,Karnataka,12.4126,76.8169
571416,Mandya,Karnataka,12.7070,76.8146
571417,Mandya,Karnataka,12.2586,77.1225
571418,Mandya,Karnataka,,
571419,Mandya,Karnataka,12.6364,76.9947
571421,Mandya,Karnataka,12.4267,77.2287
571422,Mandya,Karnataka,12.4822,77.0356
571423,Mandya,Karnataka,,
571424,Mandya,Karnataka,12.3700,76.9500
571425,Mandya,Karnataka,12.7301,76.9587
571426,Mandya,Karnataka,12.6600,76.4900
571427,Mandya,Karnataka,12.4600,76.6500
571428,Mandya,Karnataka,12.5900,77.0500
571429,Mandya,Karnataka,12.6000,77.0500
571430,Mandya,Karnataka,12.3850,77.0500
571431,Mandya,Karnataka,12.6600,76.6500
571432,Mandya,Karnataka,12.8200,76.7600
571433,Mandya,Karnataka,12.6200,77.0900
571434,Mandya,Karnataka,12.5000,76.6700
571435,Mandya,Karnataka,12.4600,76.7800
571436,Mandya,Karnataka,12.8100,76.5800
571438,Mandya,Karnataka,12.4200,76.6800
571439,Chamarajanagara,Karnataka,12.0898,77.3022
571440,Chamarajanagara,Karnataka,12.1615,77.1103
571441,Chamarajanagara,Karnataka,12.0470,77.0307
571442,Chamarajanagara,Karnataka,12.1249,77.0746
571443,Chamarajanagara,Karnataka,12.1332,77.2297
571444,Chamarajanagara,Karnataka,12.0041,77.3931
571445,Mandya,Karnataka,12.8200,76.8700
571446,Mandya,Karnataka,12.6400,76.9200
571448,Mandya,Karnataka,,
571450,Mandya,Karnataka,12.5956,76.9399
571455,Mandya,Karnataka,12.5400,76.6000
571457,Chamarajanagara,Karnataka,11.8776,77.2609
571463,Mandya,Karnataka,12.2700,77.0200
571475,Mandya,Karnataka,12.4000,77.1360
571476,Mandya,Karnataka,12.7000,77.0700
571477,Mandya,Karnataka,12.3795,76.6614
571478,Mandya,Karnataka,12.4700,76.8700
571490,Chamarajanagara,Karnataka,,
571601,Mysuru,Karnataka,12.1216,76.4812
571602,Mysuru,Karnataka,12.4402,76.3808
571603,Mysuru,Karnataka,12.5374,76.3271
571604,Mysuru,Karnataka,12.3142,76.6566
571605,Mandya,Karnataka,,
571606,Mandya,Karnataka,12.3900,76.7100
571607,Mandya,Karnataka,12.4100,76.5800
571610,Mysuru,Karnataka,12.3962,76.3364
571617,Mysuru,Karnataka,12.5040,76.2924
571802,Mandya,Karnataka,12.8800,76.6300
571807,Mandya,Karnataka,12.4300,76.7000
571811,Mandya,Karnataka,,
571812,Mandya,Karnataka,12.5600,76.5300
572101,Tumakuru,Karnataka,13.3286,77.1084
572102,Tumakuru,Karnataka,13.3371,77.1213
572103,Tumakuru,Karnataka,13.3251,77.1353
572104,Tumakuru,Karnataka,13.3234,77.1433
572105,Tumakuru,Karnataka,13.3169,77.1086
572106,Tumakuru,Karnataka,13.4047,77.1196
572107,Tumakuru,Karnataka,13.3420,77.0311
572111,Tumakuru,Karnataka,12.9215,76.9327
572112,Tumakuru,Karnataka,13.6247,77.1008
572113,Tumakuru,Karnataka,13.3152,76.9816
572114,Tumakuru,Karnataka,13.3069,76.6277
572115,Tumakuru,Karnataka,13.7210,77.2351
572116,Tumakuru,Karnataka,,
572117,Tumakuru,Karnataka,13.4420,76.9088
572118,Tumakuru,Karnataka,13.3061,77.0877
572119,Tumakuru,Karnataka,13.3420,76.9825
572120,Tumakuru,Karnataka,13.1550,77.0322
572121,Tumakuru,Karnataka,13.5290,77.3008
572122,Tumakuru,Karnataka,13.4455,77.2556
572123,Tumakuru,Karnataka,13.4546,76.6468
572124,Tumakuru,Karnataka,13.2985,77.2356
572125,Tumakuru,Karnataka,13.6371,76.9415
572126,Tumakuru,Karnataka,12.9543,77.1021
572127,Tumakuru,Karnataka,13.6376,76.9372
572128,Tumakuru,Karnataka,13.4385,77.0645
572129,Tumakuru,Karnataka,13.5208,77.2352
572130,Tumakuru,Karnataka,13.0266,77.0258
572132,Tumakuru,Karnataka,13.6585,77.2148
572133,Tumakuru,Karnataka,,
572134,Tumakuru,Karnataka,13.1728,76.9076
572135,Tumakuru,Karnataka,13.3169,77.1086
572136,Tumakuru,Karnataka,,
572137,Tumakuru,Karnataka,13.7405,76.9241
572138,Tumakuru,Karnataka,13.4054,77.0733
572139,Tumakuru,Karnataka,13.7493,76.8981
572140,Tumakuru,Karnataka,13.5471,77.0939
572141,Tumakuru,Karnataka,,
572142,Tumakuru,Karnataka,13.1667,76.6681
572168,Tumakuru,Karnataka,13.3169,77.1086
572175,Tumakuru,Karnataka,13.6501,77.3085
572201,Tumakuru,Karnataka,12.9829,76.8629
572211,Tumakuru,Karnataka,13.2753,76.7169
572212,Tumakuru,Karnataka,13.2564,76.6588
572213,Tumakuru,Karnataka,13.1740,76.8852
572214,Tumakuru,Karnataka,13.4156,76.6225
572215,Tumakuru,Karnataka,13.2559,76.7098
572216,Tumakuru,Karnataka,13.3152,76.9414
572217,Tumakuru,Karnataka,,
572218,Tumakuru,Karnataka,13.3061,77.0877
572219,Tumakuru,Karnataka,13.2396,76.8609
572220,Tumakuru,Karnataka,13.2396,76.8609
572221,Tumakuru,Karnataka,13.0556,76.8911
572222,Tumakuru,Karnataka,13.3804,76.8486
572223,Tumakuru,Karnataka,13.0571,76.9076
572224,Tumakuru,Karnataka,13.3553,76.8015
572225,Tumakuru,Karnataka,13.2493,76.7860
572226,Tumakuru,Karnataka,13.2493,76.7850
572227,Tumakuru,Karnataka,13.2493,76.7860
572228,Tumakuru,Karnataka,13.1755,76.8404
573101,Hassan,Karnataka,13.0430,75.7750
573102,Hassan,Karnataka,12.7550,76.1050
573103,Hassan,Karnataka,13.3200,76.2700
573111,Hassan,Karnataka,13.0450,76.3600
573112,Hassan,Karnataka,13.4000,76.1500
573113,Hassan,Karnataka,12.6550,76.1450
573115,Hassan,Karnataka,13.1700,75.8100
573116,Hassan,Karnataka,12.9062,76.3900
573117,Hassan,Karnataka,,
573118,Hassan,Karnataka,13.0750,76.2061
573119,Hassan,Karnataka,13.1850,76.3450
573120,Hassan,Karnataka,12.8400,76.1200
573121,Hassan,Karnataka,13.2100,76.0250
573122,Hassan,Karnataka,13.2600,76.1750
573123,Hassan,Karnataka,12.7784,75.7700
573124,Hassan,Karnataka,12.9508,76.5600
573125,Hassan,Karnataka,13.3058,76.0900
573126,Hassan,Karnataka,13.3900,76.3400
573127,Hassan,Karnataka,12.9863,75.7926
573128,Hassan,Karnataka,12.9100,76.0600
573129,Hassan,Karnataka,12.8500,75.8900
573130,Hassan,Karnataka,12.6189,76.0050
573131,Hassan,Karnataka,13.0350,76.4675
573133,Hassan,Karnataka,12.6153,76.0850
573134,Hassan,Karnataka,12.9100,75.7700
573135,Hassan,Karnataka,12.8537,76.4838
573136,Hassan,Karnataka,12.6400,76.1600
573137,Hassan,Karnataka,12.7400,75.8500
573141,Hassan,Karnataka,13.0486,76.5587
573142,Hassan,Karnataka,12.6861,76.0608
573144,Hassan,Karnataka,,
573162,Hassan,Karnataka,13.1300,76.2200
573164,Hassan,Karnataka,13.1200,76.3300
573165,Hassan,Karnataka,13.0100,75.7200
573201,Hassan,Karnataka,13.0053,76.1021
573202,Hassan,Karnataka,13.0227,76.1050
573210,Hassan,Karnataka,12.6700,76.3000
573211,Hassan,Karnataka,12.7981,76.2476
573212,Hassan,Karnataka,12.9300,76.1400
573213,Hassan,Karnataka,13.0027,75.9700
573214,Hassan,Karnataka,12.9446,75.8700
573215,Hassan,Karnataka,13.0798,75.8619
573216,Hassan,Karnataka,13.1282,75.9800
573217,Hassan,Karnataka,13.0150,76.0493
573218,Hassan,Karnataka,12.9300,75.9600
573219,Hassan,Karnataka,13.0829,76.1000
573220,Hassan,Karnataka,12.9300,76.2300
573225,Hassan,Karnataka,12.9800,76.2950
573226,Hassan,Karnataka,13.0200,76.1900
574101,Udupi,Karnataka,13.3098,75.0262
574102,Udupi,Karnataka,13.2734,74.8974
574103,Udupi,Karnataka,13.1079,74.7785
574104,Udupi,Karnataka,13.2129,74.9957
574105,Udupi,Karnataka,13.2778,74.7652
574106,Udupi,Karnataka,13.2274,74.7648
574107,Udupi,Karnataka,13.1702,75.0786
574108,Udupi,Karnataka,13.3661,74.9774
574109,Dakshina Kannada,Karnataka,13.0934,75.1697
574110,Udupi,Karnataka,13.1690,74.9155
574111,Udupi,Karnataka,13.1487,74.7929
574112,Udupi,Karnataka,13.1281,74.8124
574113,Udupi,Karnataka,13.1787,74.8202
574114,Udupi,Karnataka,13.1606,75.0165
574115,Udupi,Karnataka,13.2522,74.7917
574116,Udupi,Karnataka,13.2205,74.8198
574117,Udupi,Karnataka,13.1924,74.7640
574118,Udupi,Karnataka,13.3105,74.7439
574119,Udupi,Karnataka,13.1726,74.7695
574122,Udupi,Karnataka,13.1982,75.0743
574129,Udupi,Karnataka,13.1411,74.9544
574141,Dakshina Kannada,Karnataka,13.0889,74.8607
574142,Dakshina Kannada,Karnataka,12.9723,74.8789
574143,Dakshina Kannada,Karnataka,12.8743,74.9661
574144,Dakshina Kannada,Karnataka,12.9937,74.9625
574145,Dakshina Kannada,Karnataka,12.9275,74.9414
574146,Dakshina Kannada,Karnataka,13.0456,74.8020
574148,Dakshina Kannada,Karnataka,13.0450,74.8708
574150,Dakshina Kannada,Karnataka,13.0647,74.8391
574151,Dakshina Kannada,Karnataka,12.9594,74.9299
574153,Dakshina Kannada,Karnataka,12.7988,74.9669
574154,Dakshina Kannada,Karnataka,13.0925,74.8079
574197,Dakshina Kannada,Karnataka,13.0542,75.0473
574198,Dakshina Kannada,Karnataka,12.8909,75.4620
574199,Dakshina Kannada,Karnataka,12.8204,74.9232
574201,Dakshina Kannada,Karnataka,12.7585,75.2001
574202,Dakshina Kannada,Karnataka,12.7441,75.2652
574203,Dakshina Kannada,Karnataka,12.7773,75.1903
574210,Dakshina Kannada,Karnataka,12.7010,75.2474
574211,Dakshina Kannada,Karnataka,12.9156,75.0469
574212,Dakshina Kannada,Karnataka,12.6658,75.3898
574213,Dakshina Kannada,Karnataka,13.1271,75.0234
574214,Dakshina Kannada,Karnataka,13.0365,75.3032
574216,Dakshina Kannada,Karnataka,12.9482,75.4148
574217,Dakshina Kannada,Karnataka,12.9919,75.2324
574218,Dakshina Kannada,Karnataka,,
574219,Dakshina Kannada,Karnataka,12.9112,74.9868
574220,Dakshina Kannada,Karnataka,12.7958,75.1573
574221,Dakshina Kannada,Karnataka,12.7716,75.4669
574222,Dakshina Kannada,Karnataka,12.8201,75.0729
574223,Dakshina Kannada,Karnataka,12.6484,75.2744
574224,Dakshina Kannada,Karnataka,12.9578,75.2124
574225,Dakshina Kannada,Karnataka,13.0341,74.9666
574226,Dakshina Kannada,Karnataka,13.0975,74.9381
574227,Dakshina Kannada,Karnataka,13.0615,74.9856
574228,Dakshina Kannada,Karnataka,13.0239,75.4120
574229,Dakshina Kannada,Karnataka,12.8328,75.4282
574230,Dakshina Kannada,Karnataka,12.7680,75.5078
574231,Dakshina Kannada,Karnataka,12.8601,75.0391
574232,Dakshina Kannada,Karnataka,12.6721,75.4735
574233,Dakshina Kannada,Karnataka,12.9344,75.1788
574234,Kodagu,Karnataka,12.4996,75.5432
574235,Dakshina Kannada,Karnataka,12.7299,75.0886
574236,Dakshina Kannada,Karnataka,13.0870,75.1092
574237,Dakshina Kannada,Karnataka,12.9978,75.0452
574238,Dakshina Kannada,Karnataka,,
574239,Dakshina Kannada,Karnataka,12.5561,75.3768
574240,Dakshina Kannada,Karnataka,12.9960,75.3302
574241,Dakshina Kannada,Karnataka,12.8358,75.3067
574242,Dakshina Kannada,Karnataka,13.0276,75.1503
574243,Dakshina Kannada,Karnataka,12.7386,75.1025
574244,Udupi,Karnataka,13.2509,74.9059
574248,Dakshina Kannada,Karnataka,12.5974,75.4443
574253,Dakshina Kannada,Karnataka,12.8364,75.1239
574259,Dakshina Kannada,Karnataka,12.6727,75.1855
574260,Dakshina Kannada,Karnataka,12.6951,75.1075
574265,Dakshina Kannada,Karnataka,12.9258,75.1210
574267,Dakshina Kannada,Karnataka,13.0045,74.9660
574274,Dakshina Kannada,Karnataka,13.0583,74.9111
574279,Dakshina Kannada,Karnataka,12.7443,75.0215
574285,Dakshina Kannada,Karnataka,12.7777,75.3418
574313,Dakshina Kannada,Karnataka,12.6137,75.2248
574314,Dakshina Kannada,Karnataka,,
574323,Dakshina Kannada,Karnataka,12.7893,75.0294
574324,Dakshina Kannada,Karnataka,12.9612,75.0949
574325,Dakshina Kannada,Karnataka,12.8269,75.2033
574326,Dakshina Kannada,Karnataka,12.8832,75.2357
574327,Dakshina Kannada,Karnataka,12.5542,75.3846
574328,Dakshina Kannada,Karnataka,12.7094,75.3974
574509,Dakshina Kannada,Karnataka,13.0128,74.8752
575001,Dakshina Kannada,Karnataka,12.8609,74.8409
575002,Dakshina Kannada,Karnataka,12.8660,74.8560
575003,Dakshina Kannada,Karnataka,12.8794,74.8373
575004,Dakshina Kannada,Karnataka,12.8866,74.8413
575005,Dakshina Kannada,Karnataka,12.8835,74.8757
575006,Dakshina Kannada,Karnataka,12.9027,74.8356
575007,Dakshina Kannada,Karnataka,12.8685,74.8861
575008,Dakshina Kannada,Karnataka,12.8972,74.8673
575009,Dakshina Kannada,Karnataka,12.8534,74.8785
575010,Dakshina Kannada,Karnataka,12.9467,74.8100
575011,Dakshina Kannada,Karnataka,12.9626,74.8307
575013,Dakshina Kannada,Karnataka,12.9243,74.8285
575014,Dakshina Kannada,Karnataka,12.9910,74.8052
575015,Dakshina Kannada,Karnataka,12.9324,74.8558
575016,Dakshina Kannada,Karnataka,12.8966,74.8751
575017,Dakshina Kannada,Karnataka,12.8197,74.8784
575018,Dakshina Kannada,Karnataka,12.7867,74.9079
575019,Dakshina Kannada,Karnataka,12.9651,74.8139
575020,Dakshina Kannada,Karnataka,12.8204,74.8418
575022,Dakshina Kannada,Karnataka,12.8035,74.8611
575023,Dakshina Kannada,Karnataka,12.7800,74.8707
575025,Dakshina Kannada,Karnataka,13.0088,74.7933
575028,Dakshina Kannada,Karnataka,12.9175,74.8932
575029,Dakshina Kannada,Karnataka,12.8991,74.9262
575030,Dakshina Kannada,Karnataka,13.0128,74.8373
576101,Udupi,Karnataka,13.3328,74.7488
576102,Udupi,Karnataka,13.3522,74.7623
576103,Udupi,Karnataka,13.3363,74.7335
576104,Udupi,Karnataka,13.3557,74.7856
576105,Udupi,Karnataka,13.3882,74.7475
576106,Udupi,Karnataka,13.3668,74.7181
576107,Udupi,Karnataka,13.3432,74.8213
576108,Udupi,Karnataka,13.3531,74.7041
576111,Udupi,Karnataka,13.1777,74.8845
576112,Udupi,Karnataka,13.4610,74.9926
576113,Udupi,Karnataka,13.3202,74.8735
576114,Udupi,Karnataka,13.3947,74.7369
576115,Udupi,Karnataka,13.4007,74.7007
576117,Udupi,Karnataka,13.2492,74.9828
576120,Udupi,Karnataka,13.2868,74.8214
576121,Udupi,Karnataka,13.1308,74.8874
576122,Udupi,Karnataka,13.2535,74.7579
576124,Udupi,Karnataka,13.3844,74.8763
576201,Udupi,Karnataka,13.6318,74.6918
576210,Udupi,Karnataka,13.4977,74.7676
576211,Udupi,Karnataka,13.6331,74.7679
576212,Udupi,Karnataka,13.5253,74.9411
576213,Udupi,Karnataka,13.4302,74.7455
576214,Udupi,Karnataka,13.8390,74.7192
576215,Udupi,Karnataka,13.4247,74.8727
576216,Udupi,Karnataka,13.6541,74.6675
576217,Udupi,Karnataka,13.6130,74.7047
576218,Udupi,Karnataka,13.4415,74.6996
576219,Udupi,Karnataka,13.8044,74.6386
576220,Udupi,Karnataka,13.8627,74.8111
576221,Udupi,Karnataka,13.5320,74.7046
576222,Udupi,Karnataka,13.5806,74.8046
576223,Udupi,Karnataka,13.5052,74.8360
576224,Udupi,Karnataka,13.7435,74.6448
576225,Udupi,Karnataka,13.4991,74.7177
576226,Udupi,Karnataka,13.4730,74.7121
576227,Udupi,Karnataka,13.6061,74.9008
576228,Udupi,Karnataka,,
576229,Udupi,Karnataka,13.6618,74.8979
576230,Udupi,Karnataka,13.6766,74.7092
576231,Udupi,Karnataka,13.5519,74.7296
576232,Udupi,Karnataka,13.8262,74.6334
576233,Udupi,Karnataka,13.7468,74.7824
576234,Udupi,Karnataka,13.4612,74.8748
576235,Udupi,Karnataka,13.7006,74.6848
576247,Udupi,Karnataka,13.6831,74.6668
576257,Udupi,Karnataka,13.5686,74.7073
576282,Udupi,Karnataka,13.7120,74.9484
576283,Udupi,Karnataka,13.6722,74.7740
577001,Davangere,Karnataka,14.4694,75.9174
577002,Davangere,Karnataka,14.3964,75.9252
577003,Davangere,Karnataka,14.4579,75.9323
577004,Davangere,Karnataka,14.4543,75.9137
577005,Davangere,Karnataka,14.4388,75.9181
577006,Davangere,Karnataka,14.4713,75.9073
577007,Davangere,Karnataka,14.3904,75.9426
577101,Chikkamagaluru,Karnataka,13.3153,75.7742
577102,Chikkamagaluru,Karnataka,13.3249,75.8030
577111,Chikkamagaluru,Karnataka,13.2353,75.6521
577112,Chikkamagaluru,Karnataka,13.3658,75.4554
577113,Chikkamagaluru,Karnataka,13.1331,75.5595
577114,Chikkamagaluru,Karnataka,13.3134,75.3536
577115,Shivamogga,Karnataka,13.7550,75.6414
577116,Chikkamagaluru,Karnataka,13.6270,75.9634
577117,Chikkamagaluru,Karnataka,13.3796,75.4242
577120,Chikkamagaluru,Karnataka,13.5198,75.2703
577121,Chikkamagaluru,Karnataka,13.1983,75.4355
577122,Chikkamagaluru,Karnataka,13.1649,75.4859
577123,Chikkamagaluru,Karnataka,13.4078,75.3685
577124,Chikkamagaluru,Karnataka,13.2148,75.3793
577125,Chikkamagaluru,Karnataka,,
577126,Chikkamagaluru,Karnataka,13.5145,75.3329
577127,Chikkamagaluru,Karnataka,13.5588,75.4183
577128,Chikkamagaluru,Karnataka,13.7030,75.6564
577129,Chikkamagaluru,Karnataka,13.5799,75.7821
577130,Chikkamagaluru,Karnataka,13.3671,75.6669
577131,Chikkamagaluru,Karnataka,13.4253,75.7430
577132,Chikkamagaluru,Karnataka,13.0857,75.6462
577133,Chikkamagaluru,Karnataka,13.2624,75.7464
577134,Chikkamagaluru,Karnataka,13.6013,75.4853
577135,Chikkamagaluru,Karnataka,13.4339,75.9433
577136,Chikkamagaluru,Karnataka,13.3644,75.5472
577137,Chikkamagaluru,Karnataka,13.4985,75.8054
577138,Chikkamagaluru,Karnataka,,
577139,Chikkamagaluru,Karnataka,13.4175,75.2714
577140,Chikkamagaluru,Karnataka,13.6020,76.1159
577144,Chikkamagaluru,Karnataka,13.7162,75.7033
577145,Chikkamagaluru,Karnataka,,
577146,Chikkamagaluru,Karnataka,13.2838,75.9960
577160,Chikkamagaluru,Karnataka,13.2558,75.4886
577168,Chikkamagaluru,Karnataka,13.3875,75.9128
577175,Chikkamagaluru,Karnataka,13.4232,76.0737
577179,Chikkamagaluru,Karnataka,13.2669,75.4098
577180,Chikkamagaluru,Karnataka,,
577181,Chikkamagaluru,Karnataka,13.2748,75.3430
577182,Chikkamagaluru,Karnataka,,
577201,Shivamogga,Karnataka,13.9484,75.5756
577202,Shivamogga,Karnataka,13.9203,75.5706
577203,Shivamogga,Karnataka,13.8950,75.5750
577204,Shivamogga,Karnataka,13.9513,75.5700
577205,Shivamogga,Karnataka,13.9300,75.4900
577211,Shivamogga,Karnataka,14.0377,75.4003
577213,Davangere,Karnataka,14.0200,75.9500
577214,Shivamogga,Karnataka,14.1900,75.3450
577215,Davangere,Karnataka,14.0300,76.0200
577216,Shivamogga,Karnataka,14.0244,75.6550
577217,Davangere,Karnataka,14.2600,75.6350
577218,Davangere,Karnataka,14.1496,75.9156
577219,Davangere,Karnataka,14.3000,75.8000
577220,Shivamogga,Karnataka,13.7700,75.4550
577221,Davangere,Karnataka,14.1050,75.8900
577222,Shivamogga,Karnataka,13.8835,75.6250
577223,Davangere,Karnataka,14.1800,75.5600
577224,Davangere,Karnataka,14.1700,75.7400
577225,Davangere,Karnataka,14.1150,75.5300
577226,Shivamogga,Karnataka,13.7500,75.3900
577227,Shivamogga,Karnataka,13.9733,75.6953
577228,Chikkamagaluru,Karnataka,13.7391,75.8515
577229,Shivamogga,Karnataka,13.9044,75.6283
577230,Davangere,Karnataka,14.1300,75.6700
577231,Davangere,Karnataka,14.2100,75.8400
577232,Shivamogga,Karnataka,13.7200,75.3300
577233,Shivamogga,Karnataka,13.9588,75.5867
577243,Shivamogga,Karnataka,14.0400,75.7200
577245,Shivamogga,Karnataka,13.9588,75.5867
577301,Shivamogga,Karnataka,13.8402,75.6906
577302,Shivamogga,Karnataka,13.8111,75.6919
577401,Shivamogga,Karnataka,14.1700,75.0100
577411,Shivamogga,Karnataka,13.9588,75.5867
577412,Shivamogga,Karnataka,14.0700,75.1300
577413,Shivamogga,Karnataka,14.2300,75.2700
577414,Shivamogga,Karnataka,13.7700,75.1800
577415,Shivamogga,Karnataka,13.6300,75.2900
577416,Shivamogga,Karnataka,14.0450,75.5050
577417,Shivamogga,Karnataka,14.0900,75.0800
577418,Shivamogga,Karnataka,13.8950,75.0900
577419,Shivamogga,Karnataka,14.4200,75.2600
577421,Shivamogga,Karnataka,,
577422,Shivamogga,Karnataka,13.8300,75.2900
577423,Shivamogga,Karnataka,14.0700,75.3500
577424,Shivamogga,Karnataka,13.6400,75.1300
577425,Shivamogga,Karnataka,13.8210,75.0200
577426,Shivamogga,Karnataka,13.9909,75.2800
577427,Shivamogga,Karnataka,14.2800,75.4000
577428,Shivamogga,Karnataka,14.3813,75.2800
577429,Shivamogga,Karnataka,14.3738,75.1100
577430,Shivamogga,Karnataka,14.2169,74.9300
577431,Shivamogga,Karnataka,14.2000,75.1900
577432,Shivamogga,Karnataka,13.6800,75.2250
577433,Shivamogga,Karnataka,13.9588,75.5867
577434,Shivamogga,Karnataka,14.3000,75.1000
577435,Shivamogga,Karnataka,,
577436,Shivamogga,Karnataka,13.8900,75.2400
577451,Shivamogga,Karnataka,13.7359,75.6324
577452,Shivamogga,Karnataka,13.9500,74.8600
577453,Shivamogga,Karnataka,14.0250,74.9700
577501,Chitradurga,Karnataka,14.2216,76.3974
577502,Chitradurga,Karnataka,14.2695,76.3760
577511,Chitradurga,Karnataka,13.9421,76.6974
577512,Davangere,Karnataka,14.4857,76.0479
577513,Davangere,Karnataka,14.6003,76.1241
577514,Davangere,Karnataka,14.3127,75.9732
577515,Chitradurga,Karnataka,13.7813,76.2363
577516,Davangere,Karnataka,14.4655,75.7306
577517,Chitradurga,Karnataka,14.3282,76.4197
577518,Chitradurga,Karnataka,14.1335,76.1273
577519,Chitradurga,Karnataka,14.3858,76.2119
577520,Chitradurga,Karnataka,14.2165,76.2968
577521,Davangere,Karnataka,14.4695,76.3000
577522,Chitradurga,Karnataka,14.2877,76.6677
577523,Chitradurga,Karnataka,14.1348,76.1750
577524,Chitradurga,Karnataka,14.2207,76.4362
577525,Davangere,Karnataka,14.3454,75.8982
577526,Chitradurga,Karnataka,14.0428,76.1958
577527,Chitradurga,Karnataka,13.8446,76.3139
577528,Davangere,Karnataka,14.4700,75.9225
577529,Chitradurga,Karnataka,14.2216,76.3974
577530,Davangere,Karnataka,14.3842,75.7357
577531,Chitradurga,Karnataka,14.0701,76.1045
577532,Chitradurga,Karnataka,14.1522,76.5203
577533,Chitradurga,Karnataka,13.7619,76.4177
577534,Davangere,Karnataka,14.3352,76.0290
577535,Chitradurga,Karnataka,14.2216,76.3974
577536,Chitradurga,Karnataka,14.4466,76.5501
577537,Chitradurga,Karnataka,14.3167,76.6500
577538,Chitradurga,Karnataka,14.2286,76.8170
577539,Chitradurga,Karnataka,13.9237,76.1196
577540,Chitradurga,Karnataka,14.2216,76.3974
577541,Chitradurga,Karnataka,14.2797,76.2740
577542,Chitradurga,Karnataka,14.0094,76.3560
577543,Chitradurga,Karnataka,14.4346,76.6268
577544,Davangere,Karnataka,14.2200,75.9200
577545,Chitradurga,Karnataka,14.0575,76.6161
577546,Chitradurga,Karnataka,14.0398,76.7518
577547,Chikkamagaluru,Karnataka,13.7017,75.9744
577548,Chikkamagaluru,Karnataka,13.5159,76.0162
577549,Chikkamagaluru,Karnataka,,
577550,Chikkamagaluru,Karnataka,13.6863,76.0437
577551,Davangere,Karnataka,14.2150,75.8200
577552,Davangere,Karnataka,14.1850,75.9969
577553,Davangere,Karnataka,14.4689,76.2313
577554,Chitradurga,Karnataka,13.8472,76.2345
577555,Chitradurga,Karnataka,14.1851,76.3579
577556,Davangere,Karnataka,14.4689,75.9198
577557,Chitradurga,Karnataka,14.0721,76.3203
577558,Chitradurga,Karnataka,14.0356,76.5355
577566,Davangere,Karnataka,14.4664,75.9077
577589,Davangere,Karnataka,14.5190,75.8935
577596,Chitradurga,Karnataka,14.2216,76.3974
577597,Chitradurga,Karnataka,14.2216,76.3974
577598,Chitradurga,Karnataka,13.9460,76.6174
577599,Chitradurga,Karnataka,13.9912,76.4925
577601,Davangere,Karnataka,14.4726,75.8003
580001,Dharwad,Karnataka,15.4537,75.0076
580002,Dharwad,Karnataka,15.4346,75.0101
580003,Dharwad,Karnataka,15.4380,74.9863
580004,Dharwad,Karnataka,15.4394,75.0188
580005,Dharwad,Karnataka,15.4964,74.9781
580006,Dharwad,Karnataka,15.4704,75.0182
580007,Dharwad,Karnataka,15.4495,74.9582
580008,Dharwad,Karnataka,15.4618,75.0017
580009,Dharwad,Karnataka,15.4101,75.0462
580011,Dharwad,Karnataka,15.5396,74.9008
580020,Dharwad,Karnataka,15.3458,75.1483
580021,Dharwad,Karnataka,15.3598,75.1271
580023,Dharwad,Karnataka,15.3681,75.2055
580024,Dharwad,Karnataka,15.2704,75.1256
580025,Dharwad,Karnataka,15.3944,75.0859
580026,Dharwad,Karnataka,15.3584,75.0453
580027,Dharwad,Karnataka,15.3510,75.0816
580028,Dharwad,Karnataka,15.2730,75.1685
580029,Dharwad,Karnataka,15.3482,75.1433
580030,Dharwad,Karnataka,15.3566,75.1144
580031,Dharwad,Karnataka,15.3729,75.1205
580032,Dharwad,Karnataka,15.3683,75.1376
580112,Dharwad,Karnataka,15.4860,75.1407
580114,Dharwad,Karnataka,15.3158,75.0028
580118,Dharwad,Karnataka,15.3941,74.9257
581101,Haveri,Karnataka,14.7979,75.2495
581102,Haveri,Karnataka,14.7294,75.1901
581103,Dharwad,Karnataka,15.4319,74.7381
581104,Haveri,Karnataka,14.7111,75.1018
581105,Dharwad,Karnataka,15.5899,74.9294
581106,Haveri,Karnataka,14.6439,75.4429
581107,Dharwad,Karnataka,15.1095,75.3896
581108,Haveri,Karnataka,14.8368,75.6309
581109,Haveri,Karnataka,14.5490,75.3849
581110,Haveri,Karnataka,14.7801,75.3970
581111,Haveri,Karnataka,14.4585,75.4128
581112,Haveri,Karnataka,14.8756,75.4263
581113,Dharwad,Karnataka,15.2317,75.2630
581115,Haveri,Karnataka,14.6515,75.6356
581116,Haveri,Karnataka,14.4280,75.5129
581117,Dharwad,Karnataka,15.2051,75.3782
581118,Haveri,Karnataka,14.9539,75.3901
581119,Haveri,Karnataka,14.4350,75.6185
581120,Haveri,Karnataka,14.6172,75.2886
581121,Uttara Kannada,Karnataka,,
581123,Haveri,Karnataka,14.5259,75.7653
581126,Haveri,Karnataka,15.0749,75.3037
581128,Haveri,Karnataka,14.8222,75.4769
581129,Uttara Kannada,Karnataka,,
581145,Haveri,Karnataka,14.5677,75.7206
581148,Haveri,Karnataka,14.7446,75.2805
581186,Uttara Kannada,Karnataka,,
581187,Uttara Kannada,Karnataka,,
581193,Haveri,Karnataka,15.0026,75.1408
581195,Dharwad,Karnataka,15.3235,75.3827
581196,Dharwad,Karnataka,15.2146,75.0498
581198,Haveri,Karnataka,14.7352,75.4993
581199,Haveri,Karnataka,14.8230,75.1843
581201,Dharwad,Karnataka,15.5818,75.0656
581202,Haveri,Karnataka,14.8941,75.2623
581203,Haveri,Karnataka,14.8869,75.1364
581204,Dharwad,Karnataka,15.1710,74.9722
581205,Haveri,Karnataka,15.0235,75.2191
581206,Dharwad,Karnataka,15.6001,74.9959
581207,Dharwad,Karnataka,15.2086,75.1607
581208,Haveri,Karnataka,14.5321,75.5600
581209,Dharwad,Karnataka,15.4217,75.3224
581210,Haveri,Karnataka,14.3476,75.5002
581211,Haveri,Karnataka,14.6737,75.7549
581212,Haveri,Karnataka,,
581213,Haveri,Karnataka,14.9072,75.5522
581237,Haveri,Karnataka,14.9935,75.5002
581301,Uttara Kannada,Karnataka,14.8075,74.1295
581302,Uttara Kannada,Karnataka,,
581303,Uttara Kannada,Karnataka,,
581304,Uttara Kannada,Karnataka,,
581306,Uttara Kannada,Karnataka,14.8138,74.1555
581307,Uttara Kannada,Karnataka,14.7878,74.1278
581308,Uttara Kannada,Karnataka,14.7718,74.1587
581314,Uttara Kannada,Karnataka,14.6834,74.4606
581315,Uttara Kannada,Karnataka,,
581316,Uttara Kannada,Karnataka,14.7260,74.2836
581317,Uttara Kannada,Karnataka,14.8975,74.2876
581318,Uttara Kannada,Karnataka,14.3700,74.5000
581319,Uttara Kannada,Karnataka,14.5742,74.3214
581320,Uttara Kannada,Karnataka,,
581321,Uttara Kannada,Karnataka,14.6997,74.2759
581322,Uttara Kannada,Karnataka,,
581323,Uttara Kannada,Karnataka,14.4084,74.5117
581324,Uttara Kannada,Karnataka,14.7677,74.2087
581325,Uttara Kannada,Karnataka,,
581326,Uttara Kannada,Karnataka,14.5465,74.3436
581327,Uttara Kannada,Karnataka,14.3566,74.4205
581328,Uttara Kannada,Karnataka,14.8849,74.2377
581329,Uttara Kannada,Karnataka,,
581330,Uttara Kannada,Karnataka,14.4655,74.4087
581331,Uttara Kannada,Karnataka,,
581332,Uttara Kannada,Karnataka,14.4069,74.4303
581333,Uttara Kannada,Karnataka,14.5103,74.4222
581334,Uttara Kannada,Karnataka,14.2867,74.4907
581335,Uttara Kannada,Karnataka,14.2693,74.4876
581336,Uttara Kannada,Karnataka,14.4200,74.4600
581337,Uttara Kannada,Karnataka,,
581338,Uttara Kannada,Karnataka,14.3754,74.4491
581339,Uttara Kannada,Karnataka,14.8503,74.2203
581340,Uttara Kannada,Karnataka,14.3100,74.5000
581341,Uttara Kannada,Karnataka,14.3170,74.4322
581342,Uttara Kannada,Karnataka,14.2479,74.4465
581343,Uttara Kannada,Karnataka,14.4188,74.4126
581344,Uttara Kannada,Karnataka,14.6005,74.3977
581345,Uttara Kannada,Karnataka,,
581346,Uttara Kannada,Karnataka,,
581347,Uttara Kannada,Karnataka,,
581348,Uttara Kannada,Karnataka,14.1877,74.4757
581349,Uttara Kannada,Karnataka,,
581350,Uttara Kannada,Karnataka,14.1266,74.4897
581351,Uttara Kannada,Karnataka,14.4803,74.3762
581352,Uttara Kannada,Karnataka,,
581353,Uttara Kannada,Karnataka,14.6230,74.3115
581354,Uttara Kannada,Karnataka,14.0507,74.5573
581355,Uttara Kannada,Karnataka,,
581356,Uttara Kannada,Karnataka,,
581357,Uttara Kannada,Karnataka,14.6150,74.3602
581358,Uttara Kannada,Karnataka,,
581359,Uttara Kannada,Karnataka,,
581360,Uttara Kannada,Karnataka,14.6377,74.4811
581361,Uttara Kannada,Karnataka,14.2933,74.5151
581362,Uttara Kannada,Karnataka,14.4496,74.4726
581363,Uttara Kannada,Karnataka,,
581365,Uttara Kannada,Karnataka,,
581384,Uttara Kannada,Karnataka,14.2403,74.6537
581396,Uttara Kannada,Karnataka,14.9110,74.3476
581400,Uttara Kannada,Karnataka,14.8978,74.3158
581401,Uttara Kannada,Karnataka,14.6202,74.8300
581402,Uttara Kannada,Karnataka,,
581403,Uttara Kannada,Karnataka,14.6055,74.8243
581411,Uttara Kannada,Karnataka,,
581412,Uttara Kannada,Karnataka,,
581421,Uttara Kannada,Karnataka,14.0710,74.5052
581423,Uttara Kannada,Karnataka,14.2306,74.5258
581440,Uttara Kannada,Karnataka,14.4898,74.4335
581450,Uttara Kannada,Karnataka,,
581453,Uttara Kannada,Karnataka,,
582101,Gadag,Karnataka,15.4305,75.6354
582102,Gadag,Karnataka,15.5166,75.6550
582103,Gadag,Karnataka,15.3549,75.6282
582111,Gadag,Karnataka,15.5751,75.7845
582112,Gadag,Karnataka,15.0759,75.6886
582113,Gadag,Karnataka,15.3166,75.8445
582114,Gadag,Karnataka,15.7044,75.9579
582115,Gadag,Karnataka,15.4098,75.7470
582116,Gadag,Karnataka,15.1275,75.5218
582117,Gadag,Karnataka,15.2640,75.4869
582118,Gadag,Karnataka,15.0938,75.8475
582119,Gadag,Karnataka,15.6248,75.8448
582120,Gadag,Karnataka,15.2319,75.5974
582201,Dharwad,Karnataka,15.4464,75.4358
582202,Gadag,Karnataka,15.6998,75.5464
582203,Gadag,Karnataka,15.8054,75.6351
582204,Gadag,Karnataka,15.5157,75.5574
582205,Gadag,Karnataka,15.4145,75.5165
582206,Gadag,Karnataka,,
582207,Gadag,Karnataka,15.7191,75.4264
582208,Dharwad,Karnataka,15.5968,75.3534
582209,Gadag,Karnataka,15.7066,75.7317
582210,Gadag,Karnataka,15.0642,75.4675
582211,Gadag,Karnataka,15.7714,75.8640
583101,Ballari,Karnataka,15.1435,76.9260
583102,Ballari,Karnataka,15.1337,76.8995
583103,Ballari,Karnataka,15.1554,76.9343
583104,Ballari,Karnataka,15.1595,76.8808
583105,Ballari,Karnataka,15.1555,76.8726
583111,Ballari,Karnataka,15.1408,76.9260
583112,Ballari,Karnataka,14.9715,76.6294
583113,Ballari,Karnataka,15.3828,76.7076
583114,Ballari,Karnataka,,
583115,Ballari,Karnataka,15.1968,76.7950
583116,Ballari,Karnataka,15.3447,76.8364
583117,Ballari,Karnataka,,
583118,Ballari,Karnataka,15.1484,76.9352
583119,Ballari,Karnataka,15.0885,76.5464
583120,Ballari,Karnataka,15.4304,76.7955
583121,Ballari,Karnataka,,
583122,Ballari,Karnataka,,
583123,Ballari,Karnataka,15.1865,76.6298
583124,Ballari,Karnataka,15.0039,76.4554
583125,Ballari,Karnataka,,
583126,Ballari,Karnataka,14.7194,76.5231
583127,Ballari,Karnataka,,
583128,Ballari,Karnataka,14.9244,76.5315
583129,Ballari,Karnataka,15.3070,76.6696
583130,Ballari,Karnataka,14.8252,76.5966
583131,Ballari,Karnataka,,
583132,Ballari,Karnataka,15.4036,76.5994
583134,Ballari,Karnataka,14.8506,76.2231
583135,Ballari,Karnataka,14.9161,76.3846
583136,Ballari,Karnataka,14.7231,76.2883
583137,Ballari,Karnataka,15.2551,76.4253
583152,Ballari,Karnataka,15.0922,76.7173
583153,Ballari,Karnataka,15.1394,76.9214
583154,Ballari,Karnataka,15.3381,76.7359
583155,Ballari,Karnataka,15.2396,76.9003
583201,Ballari,Karnataka,15.2740,76.3910
583203,Ballari,Karnataka,15.2626,76.3839
583211,Ballari,Karnataka,15.2809,76.3773
583212,Ballari,Karnataka,15.0397,76.2273
583213,Ballari,Karnataka,,
583214,Ballari,Karnataka,15.0926,76.0852
583215,Ballari,Karnataka,15.3101,76.4947
583216,Ballari,Karnataka,,
583217,Ballari,Karnataka,,
583218,Ballari,Karnataka,14.6623,76.4680
583219,Ballari,Karnataka,,
583220,Ballari,Karnataka,14.9652,76.1224
583221,Ballari,Karnataka,15.3169,76.4944
583222,Ballari,Karnataka,15.1299,76.3645
583223,Ballari,Karnataka,15.2367,76.5272
583224,Ballari,Karnataka,15.1511,76.1548
583225,Ballari,Karnataka,15.2669,76.3513
583226,Koppal,Karnataka,15.2158,75.9674
583227,Koppal,Karnataka,15.4279,76.5266
583228,Koppal,Karnataka,15.3698,76.2831
583229,Koppal,Karnataka,15.6350,76.6384
583230,Koppal,Karnataka,15.4341,76.1377
583231,Koppal,Karnataka,15.3486,76.1539
583232,Koppal,Karnataka,15.4826,75.9632
583233,Koppal,Karnataka,15.2757,76.3247
583234,Koppal,Karnataka,15.3371,76.3209
583235,Koppal,Karnataka,15.4501,76.4374
583236,Koppal,Karnataka,15.5815,76.0323
583237,Koppal,Karnataka,15.5993,76.2114
583238,Koppal,Karnataka,15.3688,76.1049
583239,Ballari,Karnataka,15.2988,76.4407
583268,Koppal,Karnataka,15.4740,76.5725
583275,Ballari,Karnataka,15.1732,76.6287
583276,Ballari,Karnataka,15.2858,76.4909
583277,Koppal,Karnataka,15.7548,76.1771
583278,Koppal,Karnataka,15.8685,76.2307
583279,Koppal,Karnataka,15.7657,76.3979
583280,Koppal,Karnataka,15.8096,75.9535
583281,Koppal,Karnataka,15.8396,76.0273
583282,Koppal,Karnataka,15.5293,76.6029
583283,Koppal,Karnataka,15.5704,76.4244
583284,Koppal,Karnataka,15.6852,75.9281
583285,Koppal,Karnataka,15.2771,76.0773
583287,Koppal,Karnataka,15.4705,76.2272
584101,Raichur,Karnataka,16.2023,77.3407
584102,Raichur,Karnataka,16.2157,77.3563
584103,Raichur,Karnataka,16.1533,77.3704
584104,Raichur,Karnataka,16.1690,77.3066
584111,Raichur,Karnataka,16.4442,76.9369
584113,Raichur,Karnataka,16.3750,77.1400
584115,Raichur,Karnataka,16.1972,76.6800
584116,Raichur,Karnataka,16.3000,76.8300
584118,Raichur,Karnataka,16.0600,77.1200
584120,Raichur,Karnataka,16.1000,76.7200
584122,Raichur,Karnataka,16.1100,76.5600
584123,Raichur,Karnataka,15.9844,77.0400
584124,Raichur,Karnataka,15.9200,76.5950
584125,Raichur,Karnataka,,
584126,Raichur,Karnataka,16.3200,77.0600
584127,Raichur,Karnataka,16.2391,76.9285
584128,Raichur,Karnataka,15.7936,76.8505
584129,Raichur,Karnataka,16.1744,76.9547
584132,Raichur,Karnataka,16.2033,77.3488
584133,Raichur,Karnataka,16.1133,77.3535
584134,Raichur,Karnataka,16.2517,77.3488
584135,Raichur,Karnataka,16.2598,77.3568
584136,Raichur,Karnataka,16.2016,77.1100
584138,Raichur,Karnataka,15.9400,76.8300
584139,Raichur,Karnataka,16.2400,76.6700
584140,Raichur,Karnataka,16.0300,77.3544
584143,Raichur,Karnataka,15.8950,76.9150
584167,Raichur,Karnataka,15.7100,76.8700
584170,Raichur,Karnataka,16.2637,77.3481
584202,Raichur,Karnataka,16.0000,77.2900
584203,Raichur,Karnataka,16.0300,77.2500
585101,Kalaburagi,Karnataka,17.3413,76.8345
585102,Kalaburagi,Karnataka,17.3261,76.8750
585103,Kalaburagi,Karnataka,17.3300,76.8075
585104,Kalaburagi,Karnataka,17.4000,76.8379
585105,Kalaburagi,Karnataka,17.3243,76.8489
585106,Kalaburagi,Karnataka,17.3131,76.8756
585107,Kalaburagi,Karnataka,,
585201,Yadgir,Karnataka,16.7616,77.1353
585202,Yadgir,Karnataka,16.7800,77.1000
585210,Kalaburagi,Karnataka,16.9500,76.8333
585211,Kalaburagi,Karnataka,17.0650,77.1000
585212,Kalaburagi,Karnataka,17.1750,76.5050
585213,Kalaburagi,Karnataka,17.3457,76.5900
585214,Yadgir,Karnataka,16.8800,77.3100
585215,Yadgir,Karnataka,16.4800,76.6000
585216,Yadgir,Karnataka,16.6500,76.6000
585217,Kalaburagi,Karnataka,17.3413,76.8345
585218,Kalaburagi,Karnataka,16.9400,76.9850
585219,Yadgir,Karnataka,16.7616,77.1353
585220,Yadgir,Karnataka,16.6658,76.9277
585221,Yadgir,Karnataka,16.5700,77.2600
585222,Kalaburagi,Karnataka,17.1400,77.2200
585223,Yadgir,Karnataka,16.7000,76.9100
585224,Yadgir,Karnataka,16.5322,76.6716
585225,Kalaburagi,Karnataka,17.0500,76.9800
585226,Bidar,Karnataka,17.8651,77.4569
585227,Bidar,Karnataka,17.9116,77.5194
585228,Kalaburagi,Karnataka,17.1450,76.9450
585229,Kalaburagi,Karnataka,17.3413,76.8345
585236,Kalaburagi,Karnataka,17.4000,76.4600
585237,Yadgir,Karnataka,16.7616,77.1353
585265,Kalaburagi,Karnataka,17.2100,76.6000
585287,Yadgir,Karnataka,16.7800,76.8200
585290,Yadgir,Karnataka,16.4600,76.6673
585291,Yadgir,Karnataka,16.7616,77.1353
585292,Kalaburagi,Karnataka,17.3413,76.8345
585301,Kalaburagi,Karnataka,17.2700,76.4400
585302,Kalaburagi,Karnataka,17.5623,76.5700
585303,Kalaburagi,Karnataka,16.9250,76.8272
585304,Yadgir,Karnataka,16.5400,76.8500
585305,Kalaburagi,Karnataka,17.3413,76.8345
585306,Kalaburagi,Karnataka,17.4457,77.0222
585307,Kalaburagi,Karnataka,,
585308,Kalaburagi,Karnataka,17.1650,76.7850
585309,Yadgir,Karnataka,16.7100,76.6850
585310,Kalaburagi,Karnataka,17.0450,76.7100
585311,Kalaburagi,Karnataka,17.4500,76.7200
585312,Kalaburagi,Karnataka,17.3000,77.1250
585313,Kalaburagi,Karnataka,17.6000,77.0400
585314,Kalaburagi,Karnataka,17.6800,76.6300
585315,Yadgir,Karnataka,16.6600,77.4000
585316,Kalaburagi,Karnataka,17.5700,76.8472
585317,Kalaburagi,Karnataka,17.2200,77.0700
585318,Kalaburagi,Karnataka,17.3413,76.8345
585319,Yadgir,Karnataka,16.6900,77.0100
585320,Kalaburagi,Karnataka,17.3413,76.8345
585321,Yadgir,Karnataka,16.7800,77.3050
585322,Kalaburagi,Karnataka,17.4500,77.0700
585323,Yadgir,Karnataka,16.6500,76.8700
585324,Kalaburagi,Karnataka,17.3800,77.2500
585325,Kalaburagi,Karnataka,17.3413,76.8345
585326,Bidar,Karnataka,18.2529,77.4157
585327,Bidar,Karnataka,,
585328,Bidar,Karnataka,18.0462,77.2134
585329,Bidar,Karnataka,17.7621,77.1792
585330,Bidar,Karnataka,17.7699,77.1296
585331,Bidar,Karnataka,17.9116,77.5194
585353,Bidar,Karnataka,17.7837,77.1114
585355,Yadgir,Karnataka,16.5400,77.1300
585367,Kalaburagi,Karnataka,17.3413,76.8345
585401,Bidar,Karnataka,17.9147,77.5183
585402,Bidar,Karnataka,17.9074,77.5271
585403,Bidar,Karnataka,17.9086,77.5154
585404,Bidar,Karnataka,17.9336,77.4788
585411,Bidar,Karnataka,17.9116,77.5194
585412,Bidar,Karnataka,17.6981,77.2137
585413,Bidar,Karnataka,17.5900,77.1900
585414,Bidar,Karnataka,17.9116,77.5194
585415,Bidar,Karnataka,17.9116,77.5194
585416,Bidar,Karnataka,17.9116,77.5194
585417,Bidar,Karnataka,,
585418,Bidar,Karnataka,17.9116,77.5194
585419,Bidar,Karnataka,,
585421,Bidar,Karnataka,17.9116,77.5194
585436,Bidar,Karnataka,17.9116,77.5194
585437,Bidar,Karnataka,17.9116,77.5194
585443,Bidar,Karnataka,17.9116,77.5194
585444,Bidar,Karnataka,,
585445,Bidar,Karnataka,,
585447,Bidar,Karnataka,,
586101,Vijayapura,Karnataka,16.8316,75.7164
586103,Vijayapura,Karnataka,16.8497,75.7103
586104,Vijayapura,Karnataka,16.8828,75.6612
586108,Vijayapura,Karnataka,16.7289,75.7613
586109,Vijayapura,Karnataka,16.8077,75.7262
586111,Vijayapura,Karnataka,,
586112,Vijayapura,Karnataka,16.9508,75.9189
586113,Vijayapura,Karnataka,16.6639,75.5759
586114,Vijayapura,Karnataka,,
586115,Vijayapura,Karnataka,16.8398,76.1165
586116,Vijayapura,Karnataka,16.4502,76.1284
586117,Vijayapura,Karnataka,17.0967,75.7754
586118,Vijayapura,Karnataka,16.6630,76.3214
586119,Vijayapura,Karnataka,16.9886,75.7223
586120,Vijayapura,Karnataka,16.7388,76.2316
586121,Vijayapura,Karnataka,16.5377,75.7837
586122,Vijayapura,Karnataka,16.6534,75.8221
586123,Vijayapura,Karnataka,16.9587,76.3753
586124,Vijayapura,Karnataka,16.4094,76.2439
586125,Vijayapura,Karnataka,16.7143,75.5910
586127,Vijayapura,Karnataka,16.8226,75.9562
586128,Vijayapura,Karnataka,16.8583,76.2885
586129,Vijayapura,Karnataka,,
586130,Vijayapura,Karnataka,16.8427,75.5561
586201,Vijayapura,Karnataka,16.3869,75.8842
586202,Vijayapura,Karnataka,17.0231,76.2215
586203,Vijayapura,Karnataka,16.6614,76.0218
586204,Vijayapura,Karnataka,,
586205,Vijayapura,Karnataka,16.9291,75.8469
586206,Vijayapura,Karnataka,,
586207,Vijayapura,Karnataka,,
586208,Vijayapura,Karnataka,16.5630,76.1552
586209,Vijayapura,Karnataka,17.1310,75.9195
586210,Vijayapura,Karnataka,16.4712,75.7308
586211,Vijayapura,Karnataka,17.1178,75.8601
586212,Vijayapura,Karnataka,16.3867,76.2008
586213,Vijayapura,Karnataka,16.3981,75.9695
586214,Vijayapura,Karnataka,16.5424,76.2817
586215,Vijayapura,Karnataka,16.9757,76.0248
586216,Vijayapura,Karnataka,16.4857,75.8650
586217,Vijayapura,Karnataka,17.1222,76.1163
587101,Bagalkote,Karnataka,16.1823,75.6996
587102,Bagalkote,Karnataka,16.1852,75.6201
587103,Bagalkote,Karnataka,16.1831,75.6962
587104,Bagalkote,Karnataka,16.1812,75.6962
587111,Bagalkote,Karnataka,16.1850,75.6962
587112,Bagalkote,Karnataka,16.1094,75.8590
587113,Bagalkote,Karnataka,16.3333,75.2867
587114,Bagalkote,Karnataka,16.1207,76.0063
587115,Bagalkote,Karnataka,16.1850,75.6962
587116,Bagalkote,Karnataka,16.3408,75.6282
587117,Bagalkote,Karnataka,16.3408,75.6220
587118,Bagalkote,Karnataka,16.0556,76.0804
587119,Bagalkote,Karnataka,16.1812,75.6992
587120,Bagalkote,Karnataka,16.0612,76.0546
587121,Bagalkote,Karnataka,16.4512,75.3620
587122,Bagalkote,Karnataka,16.3333,75.2867
587124,Bagalkote,Karnataka,16.0612,76.0546
587125,Bagalkote,Karnataka,,
587154,Bagalkote,Karnataka,16.0612,76.0547
587155,Bagalkote,Karnataka,15.9150,75.6768
587156,Bagalkote,Karnataka,16.1850,75.6962
587201,Bagalkote,Karnataka,15.9150,75.6768
587202,Bagalkote,Karnataka,15.9134,75.9317
587203,Bagalkote,Karnataka,16.0357,75.7663
587204,Bagalkote,Karnataka,16.1850,75.6962
587205,Bagalkote,Karnataka,16.0577,75.6480
587206,Bagalkote,Karnataka,16.0389,75.5362
587207,Bagalkote,Karnataka,16.1850,75.6962
587301,Bagalkote,Karnataka,16.3408,75.6282
587311,Bagalkote,Karnataka,,
587312,Bagalkote,Karnataka,16.3333,75.2867
587313,Bagalkote,Karnataka,16.3333,75.2867
587314,Bagalkote,Karnataka,,
587315,Bagalkote,Karnataka,,
587316,Bagalkote,Karnataka,16.3333,75.2867
587330,Bagalkote,Karnataka,16.1812,75.6992
587331,Bagalkote,Karnataka,,
590001,Belagavi,Karnataka,15.8571,74.5114
590003,Belagavi,Karnataka,15.8395,74.5176
590005,Belagavi,Karnataka,15.7900,74.5202
590006,Belagavi,Karnataka,15.8242,74.5000
590008,Belagavi,Karnataka,15.8148,74.4915
590009,Belagavi,Karnataka,15.8534,74.4290
590010,Belagavi,Karnataka,15.9039,74.5200
590011,Belagavi,Karnataka,15.8386,74.5121
590014,Belagavi,Karnataka,15.7900,74.5108
590015,Belagavi,Karnataka,15.9000,74.5900
590016,Belagavi,Karnataka,15.8615,74.5222
590017,Belagavi,Karnataka,15.8661,74.5196
590018,Belagavi,Karnataka,15.7900,74.4500
590019,Belagavi,Karnataka,15.8751,74.5045
590020,Belagavi,Karnataka,15.8250,74.5700
591101,Belagavi,Karnataka,16.0379,74.6975
591102,Belagavi,Karnataka,15.8174,74.8400
591103,Belagavi,Karnataka,15.8800,74.6500
591104,Belagavi,Karnataka,15.7300,74.9050
591106,Belagavi,Karnataka,15.8524,74.5108
591107,Belagavi,Karnataka,16.1425,74.6666
591108,Belagavi,Karnataka,15.8524,74.4500
591109,Belagavi,Karnataka,15.7600,74.6500
591110,Belagavi,Karnataka,15.8524,74.5108
591111,Belagavi,Karnataka,15.8500,74.9900
591112,Belagavi,Karnataka,15.6700,74.6500
591113,Belagavi,Karnataka,15.8524,74.5108
591114,Belagavi,Karnataka,16.0300,75.1200
591115,Belagavi,Karnataka,15.7000,74.8250
591117,Belagavi,Karnataka,15.8900,75.0700
591118,Belagavi,Karnataka,15.7400,74.6700
591119,Belagavi,Karnataka,15.9200,74.9200
591120,Belagavi,Karnataka,15.8200,74.5600
591121,Belagavi,Karnataka,15.9100,74.7900
591122,Belagavi,Karnataka,16.0798,74.6867
591123,Belagavi,Karnataka,,
591124,Belagavi,Karnataka,15.8680,74.5800
591125,Belagavi,Karnataka,15.8150,74.7100
591126,Belagavi,Karnataka,15.7450,75.0000
591127,Belagavi,Karnataka,15.8524,74.5108
591128,Belagavi,Karnataka,15.8750,74.4400
591129,Belagavi,Karnataka,16.0200,75.0050
591130,Belagavi,Karnataka,15.9962,74.8404
591131,Belagavi,Karnataka,15.7000,74.6300
591136,Belagavi,Karnataka,16.2755,75.1310
591143,Belagavi,Karnataka,15.9650,74.4750
591147,Belagavi,Karnataka,15.8800,74.7200
591153,Belagavi,Karnataka,15.7000,74.7300
591156,Belagavi,Karnataka,15.9500,74.5200
591173,Belagavi,Karnataka,15.8524,74.5108
591201,Belagavi,Karnataka,16.4261,74.5847
591211,Belagavi,Karnataka,,
591212,Belagavi,Karnataka,,
591213,Belagavi,Karnataka,16.5339,74.6778
591214,Belagavi,Karnataka,,
591215,Belagavi,Karnataka,,
591216,Belagavi,Karnataka,,
591217,Belagavi,Karnataka,,
591218,Belagavi,Karnataka,16.2018,74.8297
591219,Belagavi,Karnataka,,
591220,Belagavi,Karnataka,,
591221,Belagavi,Karnataka,16.1821,74.5519
591222,Belagavi,Karnataka,16.3642,74.7699
591223,Belagavi,Karnataka,,
591224,Belagavi,Karnataka,16.2526,74.8951
591225,Belagavi,Karnataka,16.3198,74.4271
591226,Belagavi,Karnataka,16.3542,74.5796
591227,Belagavi,Karnataka,16.1910,75.0362
591228,Belagavi,Karnataka,16.4343,74.4806
591229,Belagavi,Karnataka,,
591230,Belagavi,Karnataka,,
591231,Belagavi,Karnataka,16.1956,74.7419
591232,Belagavi,Karnataka,,
591233,Belagavi,Karnataka,16.1479,74.9535
591234,Belagavi,Karnataka,,
591235,Belagavi,Karnataka,16.4144,74.9898
591236,Belagavi,Karnataka,16.3049,74.5311
591237,Belagavi,Karnataka,16.3899,74.3910
591238,Belagavi,Karnataka,16.3914,74.4644
591239,Belagavi,Karnataka,16.4970,74.5360
591240,Belagavi,Karnataka,,
591241,Belagavi,Karnataka,,
591242,Belagavi,Karnataka,,
591243,Belagavi,Karnataka,16.0776,74.5220
591244,Belagavi,Karnataka,16.5144,74.5993
591246,Belagavi,Karnataka,16.1303,74.5261
591247,Belagavi,Karnataka,16.4848,74.6443
591248,Belagavi,Karnataka,,
591254,Belagavi,Karnataka,16.0689,74.4300
591263,Belagavi,Karnataka,,
591265,Belagavi,Karnataka,,
591287,Belagavi,Karnataka,16.4150,74.5033
591301,Belagavi,Karnataka,,
591302,Belagavi,Karnataka,15.7050,74.5350
591303,Belagavi,Karnataka,,
591304,Belagavi,Karnataka,,
591305,Belagavi,Karnataka,16.3020,74.6675
591306,Belagavi,Karnataka,16.2456,74.7604
591307,Belagavi,Karnataka,16.1659,74.8223
591308,Belagavi,Karnataka,16.1902,74.7802
591309,Belagavi,Karnataka,16.2140,74.6250
591310,Belagavi,Karnataka,16.2992,75.0541
591311,Belagavi,Karnataka,,
591312,Belagavi,Karnataka,16.3062,74.9704
591313,Belagavi,Karnataka,16.2829,74.4462
591314,Belagavi,Karnataka,16.2513,74.5000
591315,Belagavi,Karnataka,,
591316,Belagavi,Karnataka,,
591317,Belagavi,Karnataka,16.4872,74.7933
591340,Belagavi,Karnataka,16.2548,74.5492
591344,Belagavi,Karnataka,16.0550,74.8364
591345,Belagavi,Karnataka,15.8524,74.5108
591346,Belagavi,Karnataka,15.9450,74.6100
600001,Chennai,Tamil Nadu,13.0928,80.2876
600002,Chennai,Tamil Nadu,13.0745,80.2699
600003,Chennai,Tamil Nadu,13.0819,80.2778
600004,Chennai,Tamil Nadu,13.0325,80.2694
600005,Chennai,Tamil Nadu,13.0634,80.2803
600006,Chennai,Tamil Nadu,13.0803,80.3284
600007,Chennai,Tamil Nadu,13.1502,80.4381
600008,Chennai,Tamil Nadu,13.0662,80.2568
600009,Chennai,Tamil Nadu,13.1436,80.4818
600010,Chennai,Tamil Nadu,13.0844,80.2429
600011,Chennai,Tamil Nadu,13.1230,80.2447
600012,Chennai,Tamil Nadu,13.1015,80.2522
600013,Chennai,Tamil Nadu,13.1126,80.2932
600014,Chennai,Tamil Nadu,13.0539,80.2544
600015,Chennai,Tamil Nadu,13.0239,80.2350
600016,Chennai,Tamil Nadu,13.0017,80.1980
600017,Chennai,Tamil Nadu,13.0429,80.2385
600018,Chennai,Tamil Nadu,13.1396,80.2066
600019,Thiruvallur,Tamil Nadu,13.1433,80.2605
600020,Chennai,Tamil Nadu,13.0232,80.2475
600021,Chennai,Tamil Nadu,13.1173,80.2870
600022,Chennai,Tamil Nadu,13.0454,80.2376
600023,Chennai,Tamil Nadu,13.1015,80.2395
600024,Chennai,Tamil Nadu,13.0518,80.2300
600025,Chennai,Tamil Nadu,13.0454,80.2376
600026,Chennai,Tamil Nadu,13.5056,80.2146
600028,Chennai,Tamil Nadu,13.0373,80.3549
600030,Chennai,Tamil Nadu,13.1054,80.3034
600031,Chennai,Tamil Nadu,13.0782,80.2458
600032,Chennai,Tamil Nadu,13.0359,80.2087
600033,Chennai,Tamil Nadu,13.0368,80.2236
600034,Chennai,Tamil Nadu,13.1091,80.3942
600035,Chennai,Tamil Nadu,13.0318,80.2407
600036,Chennai,Tamil Nadu,12.9936,80.2339
600037,Thiruvallur,Tamil Nadu,13.1460,80.2833
600038,Chennai,Tamil Nadu,13.1007,80.2240
600039,Chennai,Tamil Nadu,13.2074,80.4273
600040,Chennai,Tamil Nadu,13.0454,80.2376
600041,Chennai,Tamil Nadu,12.9931,80.2566
600042,Chennai,Tamil Nadu,12.9826,80.2216
600043,Chengalpattu,Tamil Nadu,12.9520,80.1135
600044,Chengalpattu,Tamil Nadu,12.9370,80.1235
600045,Chengalpattu,Tamil Nadu,12.9279,80.1176
600046,Chengalpattu,Tamil Nadu,,
600047,Chengalpattu,Tamil Nadu,12.9336,80.1209
600048,Chengalpattu,Tamil Nadu,12.8680,80.0470
600049,Chennai,Tamil Nadu,13.1070,80.1780
600050,Chennai,Tamil Nadu,13.0989,80.1838
600051,Chennai,Tamil Nadu,13.2660,80.4101
600052,Thiruvallur,Tamil Nadu,13.1950,80.1270
600053,Thiruvallur,Tamil Nadu,13.1180,80.1591
600054,Thiruvallur,Tamil Nadu,13.1090,80.0951
600055,Thiruvallur,Tamil Nadu,13.1425,80.0345
600056,Thiruvallur,Tamil Nadu,13.0420,80.0860
600057,Thiruvallur,Tamil Nadu,13.2070,80.2930
600058,Chennai,Tamil Nadu,13.0925,80.1580
600059,Chengalpattu,Tamil Nadu,12.9226,80.1243
600060,Chennai,Tamil Nadu,13.1441,80.0494
600061,Chennai,Tamil Nadu,12.9966,80.1990
600062,Thiruvallur,Tamil Nadu,13.1375,80.1005
600063,Chengalpattu,Tamil Nadu,12.9010,80.0550
600064,Chengalpattu,Tamil Nadu,12.9352,80.1484
600066,Chennai,Tamil Nadu,13.1629,80.2031
600067,Thiruvallur,Tamil Nadu,13.2470,80.1530
600068,Chennai,Tamil Nadu,13.1271,79.9109
600069,Kanchipuram,Tamil Nadu,12.9650,80.0480
600070,Chengalpattu,Tamil Nadu,12.9850,80.1219
600071,Thiruvallur,Tamil Nadu,13.1026,80.0914
600072,Thiruvallur,Tamil Nadu,13.0945,80.0465
600073,Chengalpattu,Tamil Nadu,12.9145,80.1479
600074,Chengalpattu,Tamil Nadu,12.9849,80.1393
600075,Chengalpattu,Tamil Nadu,12.9811,80.1443
600076,Chennai,Tamil Nadu,13.1143,80.1852
600077,Thiruvallur,Tamil Nadu,13.0570,80.1080
600078,Chennai,Tamil Nadu,13.0434,80.2064
600081,Chennai,Tamil Nadu,13.1271,80.2846
600082,Chennai,Tamil Nadu,13.1168,80.3306
600083,Chennai,Tamil Nadu,13.0368,80.2271
600084,Chennai,Tamil Nadu,13.0999,80.1165
600085,Chennai,Tamil Nadu,13.0210,80.2432
600086,Chennai,Tamil Nadu,13.0454,80.2376
600087,Chennai,Tamil Nadu,13.0475,80.1810
600088,Chennai,Tamil Nadu,,
600089,Kanchipuram,Tamil Nadu,13.0179,80.1891
600090,Chennai,Tamil Nadu,12.9973,80.2134
600091,Chennai,Tamil Nadu,12.9931,80.1630
600092,Chennai,Tamil Nadu,13.0503,80.1944
600093,Chennai,Tamil Nadu,13.0426,80.2064
600094,Chennai,Tamil Nadu,13.1104,80.3691
600095,Thiruvallur,Tamil Nadu,13.0565,80.1245
600096,Chennai,Tamil Nadu,12.9726,80.2441
600097,Chennai,Tamil Nadu,12.9354,80.2396
600099,Chennai,Tamil Nadu,13.1245,80.2138
600100,Chengalpattu,Tamil Nadu,12.9251,80.2015
600101,Chennai,Tamil Nadu,13.1586,80.3187
600102,Chennai,Tamil Nadu,13.1519,80.3632
600103,Thiruvallur,Tamil Nadu,13.2040,80.2390
600104,Chennai,Tamil Nadu,13.0454,80.2376
600106,Chennai,Tamil Nadu,13.1390,80.3584
600107,Chennai,Tamil Nadu,13.0742,80.1966
600110,Thiruvallur,Tamil Nadu,,
600113,Chennai,Tamil Nadu,12.9893,80.2533
600115,Chennai,Tamil Nadu,12.9860,80.2222
600116,Chennai,Tamil Nadu,13.0338,80.1547
600117,Chengalpattu,Tamil Nadu,12.9588,80.1748
600118,Chennai,Tamil Nadu,13.1310,80.2310
600119,Chennai,Tamil Nadu,12.8926,80.2279
600120,Thiruvallur,Tamil Nadu,13.2523,80.2550
600122,Kanchipuram,Tamil Nadu,13.0175,80.1048
600123,Thiruvallur,Tamil Nadu,13.0195,80.0415
600124,Thiruvallur,Tamil Nadu,13.0523,80.0135
600125,Chennai,Tamil Nadu,12.9636,80.1723
600126,Chengalpattu,Tamil Nadu,12.9031,80.1543
600127,Chengalpattu,Tamil Nadu,12.8495,80.1190
600128,Kanchipuram,Tamil Nadu,12.9990,80.0850
600129,Chengalpattu,Tamil Nadu,12.9251,80.1987
600130,Chengalpattu,Tamil Nadu,12.5920,80.0260
600131,Chengalpattu,Tamil Nadu,12.8710,80.1560
600132,Kanchipuram,Tamil Nadu,,
601101,Thiruvallur,Tamil Nadu,13.3235,80.0595
601102,Thiruvallur,Tamil Nadu,13.3076,80.0593
601103,Thiruvallur,Tamil Nadu,13.1426,79.9090
601201,Thiruvallur,Tamil Nadu,13.4310,80.1060
601202,Thiruvallur,Tamil Nadu,13.4250,79.9750
601203,Thiruvallur,Tamil Nadu,13.2980,80.2395
601204,Thiruvallur,Tamil Nadu,13.3360,80.1755
601205,Thiruvallur,Tamil Nadu,13.4030,80.2090
601206,Thiruvallur,Tamil Nadu,13.3490,80.1095
601301,Kanchipuram,Tamil Nadu,12.9040,79.9810
602001,Thiruvallur,Tamil Nadu,13.1389,79.9139
602002,Thiruvallur,Tamil Nadu,13.0937,79.9110
602003,Thiruvallur,Tamil Nadu,13.1271,79.9109
602021,Thiruvallur,Tamil Nadu,13.1885,79.9396
602023,Thiruvallur,Tamil Nadu,13.2105,79.8441
602024,Thiruvallur,Tamil Nadu,13.1356,79.9090
602025,Thiruvallur,Tamil Nadu,13.1161,79.9429
602026,Thiruvallur,Tamil Nadu,13.2735,79.9213
602105,Kanchipuram,Tamil Nadu,12.9461,79.9418
602106,Kanchipuram,Tamil Nadu,12.9251,79.9752
602108,Thiruvallur,Tamil Nadu,12.9675,79.9418
602117,Kanchipuram,Tamil Nadu,12.9251,80.1987
603001,Chengalpattu,Tamil Nadu,12.6840,79.9833
603002,Chengalpattu,Tamil Nadu,12.7056,79.9738
603003,Chengalpattu,Tamil Nadu,12.7048,80.0030
603004,Chengalpattu,Tamil Nadu,12.7065,79.9566
603101,Chengalpattu,Tamil Nadu,12.7523,79.9833
603102,Chengalpattu,Tamil Nadu,12.5088,80.1264
603103,Chengalpattu,Tamil Nadu,12.7940,80.1720
603104,Chengalpattu,Tamil Nadu,12.6392,80.1927
603105,Chengalpattu,Tamil Nadu,12.7263,79.9619
603106,Kanchipuram,Tamil Nadu,12.7263,79.9360
603107,Kanchipuram,Tamil Nadu,12.6760,79.8973
603108,Chengalpattu,Tamil Nadu,12.6945,80.0931
603109,Chengalpattu,Tamil Nadu,12.5972,80.0556
603110,Chengalpattu,Tamil Nadu,12.7137,80.1814
603111,Chengalpattu,Tamil Nadu,12.6672,79.9833
603112,Chengalpattu,Tamil Nadu,12.7480,80.1987
603127,Chengalpattu,Tamil Nadu,12.9251,80.1987
603201,Chengalpattu,Tamil Nadu,12.5102,79.8849
603202,Chengalpattu,Tamil Nadu,12.6840,79.9833
603203,Chengalpattu,Tamil Nadu,12.6840,79.9833
603204,Chengalpattu,Tamil Nadu,12.7054,79.9833
603209,Chengalpattu,Tamil Nadu,12.9051,80.0217
603210,Chengalpattu,Tamil Nadu,12.8695,80.0813
603211,Chengalpattu,Tamil Nadu,12.9251,80.1987
603301,Chengalpattu,Tamil Nadu,12.5102,79.8849
603302,Chengalpattu,Tamil Nadu,12.3487,80.0174
603303,Chengalpattu,Tamil Nadu,12.5102,79.8849
603304,Chengalpattu,Tamil Nadu,12.3487,80.0031
603305,Chengalpattu,Tamil Nadu,12.5102,79.8849
603306,Chengalpattu,Tamil Nadu,12.5102,79.8849
603307,Chengalpattu,Tamil Nadu,12.5102,79.8849
603308,Chengalpattu,Tamil Nadu,12.6166,79.9490
603309,Chengalpattu,Tamil Nadu,12.4336,79.8990
603310,Chengalpattu,Tamil Nadu,12.3513,79.8076
603311,Chengalpattu,Tamil Nadu,12.4430,80.0031
603312,Chengalpattu,Tamil Nadu,12.4592,80.0003
603313,Chengalpattu,Tamil Nadu,12.3487,80.0031
603314,Chengalpattu,Tamil Nadu,12.6136,79.7575
603319,Chengalpattu,Tamil Nadu,12.6840,79.9833
603401,Chengalpattu,Tamil Nadu,12.3487,80.0031
603402,Kanchipuram,Tamil Nadu,12.6158,79.7575
603403,Kanchipuram,Tamil Nadu,12.6253,79.7575
603405,Chengalpattu,Tamil Nadu,12.6840,79.9833
603406,Kanchipuram,Tamil Nadu,12.6136,79.7575
604001,Villupuram,Tamil Nadu,12.2319,79.6499
604101,Villupuram,Tamil Nadu,12.2472,79.7512
604102,Villupuram,Tamil Nadu,12.1500,79.6900
604151,Villupuram,Tamil Nadu,12.1900,79.3400
604152,Villupuram,Tamil Nadu,12.1890,79.2600
604153,Villupuram,Tamil Nadu,12.2100,79.3081
604154,Villupuram,Tamil Nadu,12.1350,79.7816
604201,Villupuram,Tamil Nadu,12.3800,79.2600
604202,Villupuram,Tamil Nadu,12.2800,79.4300
604203,Villupuram,Tamil Nadu,12.2911,79.5210
604204,Villupuram,Tamil Nadu,12.3499,79.3280
604205,Villupuram,Tamil Nadu,12.2000,79.4500
604206,Villupuram,Tamil Nadu,12.2550,79.5300
604207,Villupuram,Tamil Nadu,12.3150,79.5875
604208,Villupuram,Tamil Nadu,12.3950,79.3800
604210,Villupuram,Tamil Nadu,12.3400,79.4300
604301,Villupuram,Tamil Nadu,12.1900,79.8250
604302,Villupuram,Tamil Nadu,12.1850,79.6300
604303,Villupuram,Tamil Nadu,12.1800,79.9100
604304,Villupuram,Tamil Nadu,12.1000,79.6500
604305,Villupuram,Tamil Nadu,12.3115,79.7169
604306,Villupuram,Tamil Nadu,12.2012,79.5500
604307,Villupuram,Tamil Nadu,12.2600,79.6900
604401,Tiruvannamalai,Tamil Nadu,12.4062,79.3311
604402,Tiruvannamalai,Tamil Nadu,12.4495,79.5540
604403,Tiruvannamalai,Tamil Nadu,12.2352,79.0766
604404,Tiruvannamalai,Tamil Nadu,12.4495,79.5540
604405,Tiruvannamalai,Tamil Nadu,12.2352,79.0766
604406,Tiruvannamalai,Tamil Nadu,12.4916,79.8369
604407,Tiruvannamalai,Tamil Nadu,12.6936,79.5237
604408,Tiruvannamalai,Tamil Nadu,12.5027,79.6031
604409,Tiruvannamalai,Tamil Nadu,12.4495,79.5540
604410,Tiruvannamalai,Tamil Nadu,12.4495,79.5540
604501,Tiruvannamalai,Tamil Nadu,12.2352,79.0766
604502,Tiruvannamalai,Tamil Nadu,12.2352,79.0766
604503,Tiruvannamalai,Tamil Nadu,12.5456,79.4234
604504,Tiruvannamalai,Tamil Nadu,12.2352,79.0766
604505,Tiruvannamalai,Tamil Nadu,,
604601,Tiruvannamalai,Tamil Nadu,12.2464,79.2249
605001,Pondicherry,Puducherry,11.9345,79.8351
605002,Pondicherry,Puducherry,11.9459,79.8346
605003,Pondicherry,Puducherry,11.9568,79.8352
605004,Pondicherry,Puducherry,11.9158,79.8125
605005,Pondicherry,Puducherry,11.9293,79.8117
605006,Pondicherry,Puducherry,11.9497,79.7996
605007,Pondicherry,Puducherry,11.8673,79.8101
605008,Pondicherry,Puducherry,11.9542,79.8210
605009,Pondicherry,Puducherry,11.9400,79.7950
605010,Pondicherry,Puducherry,11.9356,79.7830
605011,Pondicherry,Puducherry,11.9403,79.8252
605013,Pondicherry,Puducherry,11.9389,79.8145
605014,Villupuram,Tamil Nadu,12.0600,79.8500
605101,Villupuram,Tamil Nadu,11.9921,79.8007
605102,Villupuram,Tamil Nadu,11.9226,79.6887
605103,Villupuram,Tamil Nadu,11.9150,79.5250
605104,Villupuram,Tamil Nadu,11.9748,79.8428
605105,Villupuram,Tamil Nadu,11.8500,79.5793
605106,Pondicherry,Puducherry,11.8750,79.6530
605107,Villupuram,Tamil Nadu,11.9318,79.6273
605108,Villupuram,Tamil Nadu,11.9200,79.5791
605109,Villupuram,Tamil Nadu,12.0500,79.7100
605110,Pondicherry,Puducherry,11.9128,79.7567
605111,Villupuram,Tamil Nadu,12.0100,79.7760
605201,Villupuram,Tamil Nadu,12.1100,79.3800
605202,Villupuram,Tamil Nadu,12.0672,79.3958
605203,Villupuram,Tamil Nadu,12.0850,79.4750
605301,Villupuram,Tamil Nadu,11.9400,79.4300
605302,Villupuram,Tamil Nadu,11.9300,79.3718
605401,Villupuram,Tamil Nadu,12.0672,79.3958
605402,Villupuram,Tamil Nadu,12.0100,79.4200
605403,Villupuram,Tamil Nadu,12.0672,79.3958
605501,Villupuram,Tamil Nadu,11.9900,79.6400
605502,Pondicherry,Puducherry,11.9800,79.7150
605601,Villupuram,Tamil Nadu,12.0050,79.5350
605602,Villupuram,Tamil Nadu,11.9404,79.4963
605651,Villupuram,Tamil Nadu,12.1421,79.4890
605652,Villupuram,Tamil Nadu,12.0550,79.5418
605701,Villupuram,Tamil Nadu,12.0200,79.3100
605702,Kallakurichi,Tamil Nadu,12.0100,78.9600
605751,Kallakurichi,Tamil Nadu,11.8800,79.1600
605752,Villupuram,Tamil Nadu,11.9812,79.2314
605754,Kallakurichi,Tamil Nadu,12.0000,79.0905
605755,Villupuram,Tamil Nadu,11.9650,79.3161
605756,Kallakurichi,Tamil Nadu,11.9750,79.1600
605757,Kallakurichi,Tamil Nadu,11.9649,79.2040
605758,Villupuram,Tamil Nadu,12.0500,79.2200
605759,Kallakurichi,Tamil Nadu,11.9774,79.2055
605766,Kallakurichi,Tamil Nadu,11.9600,79.1700
605801,Kallakurichi,Tamil Nadu,11.9400,78.9800
605802,Kallakurichi,Tamil Nadu,11.9800,79.0300
605803,Villupuram,Tamil Nadu,11.9100,79.2900
606001,Cuddalore,Tamil Nadu,11.5156,79.3226
606003,Cuddalore,Tamil Nadu,11.5200,79.3350
606102,Kallakurichi,Tamil Nadu,11.8100,79.2850
606103,Cuddalore,Tamil Nadu,11.4733,79.4650
606104,Cuddalore,Tamil Nadu,11.6050,79.2702
606105,Cuddalore,Tamil Nadu,11.4150,79.2700
606106,Cuddalore,Tamil Nadu,11.4350,79.1350
606107,Kallakurichi,Tamil Nadu,11.6917,79.2907
606108,Cuddalore,Tamil Nadu,11.4600,79.6100
606109,Cuddalore,Tamil Nadu,,
606110,Cuddalore,Tamil Nadu,11.4600,79.3200
606111,Cuddalore,Tamil Nadu,11.4000,79.2000
606115,Cuddalore,Tamil Nadu,11.6350,79.3750
606201,Kallakurichi,Tamil Nadu,11.6400,78.8794
606202,Kallakurichi,Tamil Nadu,11.7382,78.9601
606203,Kallakurichi,Tamil Nadu,11.6700,79.0500
606204,Kallakurichi,Tamil Nadu,11.6200,78.9900
606205,Kallakurichi,Tamil Nadu,11.8250,79.1034
606206,Kallakurichi,Tamil Nadu,11.7400,79.0700
606207,Kallakurichi,Tamil Nadu,11.8100,78.8600
606208,Kallakurichi,Tamil Nadu,11.8400,78.9378
606209,Kallakurichi,Tamil Nadu,11.7600,78.7100
606213,Kallakurichi,Tamil Nadu,11.7300,78.9800
606301,Kallakurichi,Tamil Nadu,11.5600,78.8900
606302,Cuddalore,Tamil Nadu,11.5400,79.2050
606303,Cuddalore,Tamil Nadu,,
606304,Cuddalore,Tamil Nadu,11.5050,79.1322
606305,Kallakurichi,Tamil Nadu,11.6300,79.1750
606401,Kallakurichi,Tamil Nadu,11.8950,78.8150
606402,Kallakurichi,Tamil Nadu,11.9500,78.9100
606601,Tiruvannamalai,Tamil Nadu,12.2266,79.0746
606603,Tiruvannamalai,Tamil Nadu,12.2266,79.0746
606604,Tiruvannamalai,Tamil Nadu,12.2266,79.0746
606611,Tiruvannamalai,Tamil Nadu,12.2266,79.0746
606701,Tiruvannamalai,Tamil Nadu,,
606702,Tiruvannamalai,Tamil Nadu,,
606703,Tiruvannamalai,Tamil Nadu,,
606704,Tiruvannamalai,Tamil Nadu,12.2352,79.0766
606705,Tiruvannamalai,Tamil Nadu,12.2352,79.0766
606706,Tiruvannamalai,Tamil Nadu,,
606707,Tiruvannamalai,Tamil Nadu,,
606708,Tiruvannamalai,Tamil Nadu,,
606709,Tiruvannamalai,Tamil Nadu,,
606710,Tiruvannamalai,Tamil Nadu,,
606751,Tiruvannamalai,Tamil Nadu,12.4346,79.0981
606752,Tiruvannamalai,Tamil Nadu,12.2352,79.0766
606753,Tiruvannamalai,Tamil Nadu,,
606754,Tiruvannamalai,Tamil Nadu,12.1075,79.2449
606755,Tiruvannamalai,Tamil Nadu,12.1501,79.1793
606801,Tiruvannamalai,Tamil Nadu,12.4935,79.4438
606802,Tiruvannamalai,Tamil Nadu,12.4935,79.4438
606803,Tiruvannamalai,Tamil Nadu,12.2352,79.0766
606804,Tiruvannamalai,Tamil Nadu,12.1211,79.1509
606805,Tiruvannamalai,Tamil Nadu,12.4935,79.4438
606806,Tiruvannamalai,Tamil Nadu,12.0917,79.1303
606807,Tiruvannamalai,Tamil Nadu,12.4935,79.4438
606808,Tiruvannamalai,Tamil Nadu,12.4935,79.4438
606811,Tiruvannamalai,Tamil Nadu,12.2352,79.0766
606901,Tiruvannamalai,Tamil Nadu,12.1874,79.4080
606902,Tiruvannamalai,Tamil Nadu,12.3000,79.1500
606903,Tiruvannamalai,Tamil Nadu,12.6600,79.2800
606904,Tiruvannamalai,Tamil Nadu,12.1874,79.4080
606905,Tiruvannamalai,Tamil Nadu,12.2352,79.0766
606906,Tiruvannamalai,Tamil Nadu,12.4636,79.0206
606907,Tiruvannamalai,Tamil Nadu,12.2352,79.0766
606908,Tiruvannamalai,Tamil Nadu,12.4042,78.9650
607001,Cuddalore,Tamil Nadu,11.7600,79.7650
607002,Cuddalore,Tamil Nadu,11.7500,79.7500
607003,Cuddalore,Tamil Nadu,11.7000,79.7500
607004,Cuddalore,Tamil Nadu,11.7300,79.7500
607005,Cuddalore,Tamil Nadu,11.6700,79.7450
607006,Cuddalore,Tamil Nadu,11.7700,79.7800
607101,Cuddalore,Tamil Nadu,11.8000,79.4800
607102,Cuddalore,Tamil Nadu,11.7300,79.6250
607103,Cuddalore,Tamil Nadu,11.6700,79.5600
607104,Cuddalore,Tamil Nadu,11.8000,79.6200
607105,Cuddalore,Tamil Nadu,11.7750,79.6600
607106,Cuddalore,Tamil Nadu,11.7650,79.5500
607107,Villupuram,Tamil Nadu,11.8800,79.4100
607108,Cuddalore,Tamil Nadu,11.8200,79.5000
607109,Cuddalore,Tamil Nadu,11.7800,79.7000
607112,Cuddalore,Tamil Nadu,11.7950,79.5900
607201,Kallakurichi,Tamil Nadu,11.7900,79.2100
607202,Kallakurichi,Tamil Nadu,11.7200,79.1800
607203,Villupuram,Tamil Nadu,11.8900,79.3750
607204,Kallakurichi,Tamil Nadu,11.7900,79.4000
607205,Cuddalore,Tamil Nadu,11.8300,79.5450
607209,Villupuram,Tamil Nadu,11.8400,79.3300
607301,Cuddalore,Tamil Nadu,11.6350,79.6650
607302,Cuddalore,Tamil Nadu,11.5700,79.6000
607303,Cuddalore,Tamil Nadu,11.5500,79.5600
607308,Cuddalore,Tamil Nadu,11.6200,79.5500
607401,Cuddalore,Tamil Nadu,11.7500,79.6950
607402,Pondicherry,Puducherry,11.8093,79.7380
607403,Pondicherry,Puducherry,11.9834,79.7124
607801,Cuddalore,Tamil Nadu,11.6100,79.5100
607802,Cuddalore,Tamil Nadu,11.5400,79.6200
607803,Cuddalore,Tamil Nadu,11.6100,79.5000
607804,Cuddalore,Tamil Nadu,11.5400,79.4000
607805,Cuddalore,Tamil Nadu,11.6600,79.5000
607807,Cuddalore,Tamil Nadu,11.5900,79.4600
608001,Cuddalore,Tamil Nadu,11.4000,79.6900
608002,Cuddalore,Tamil Nadu,11.4000,79.7350
608102,Cuddalore,Tamil Nadu,11.4700,79.6950
608201,Cuddalore,Tamil Nadu,11.4200,79.6000
608301,Cuddalore,Tamil Nadu,11.2800,79.5500
608302,Cuddalore,Tamil Nadu,11.4200,79.6750
608303,Cuddalore,Tamil Nadu,11.3700,79.8050
608304,Cuddalore,Tamil Nadu,11.1950,79.5250
608305,Cuddalore,Tamil Nadu,11.3500,79.5900
608306,Cuddalore,Tamil Nadu,11.2200,79.5600
608401,Cuddalore,Tamil Nadu,11.3500,79.6900
608501,Cuddalore,Tamil Nadu,11.4700,79.7000
608502,Cuddalore,Tamil Nadu,11.4900,79.7600
608601,Cuddalore,Tamil Nadu,11.4600,79.6100
608602,Cuddalore,Tamil Nadu,11.4300,79.6700
608701,Cuddalore,Tamil Nadu,11.3550,79.5100
608702,Cuddalore,Tamil Nadu,11.4200,79.5200
608703,Cuddalore,Tamil Nadu,11.4200,79.4050
608704,Cuddalore,Tamil Nadu,11.4800,79.5900
608801,Cuddalore,Tamil Nadu,11.5800,79.7200
608901,Ariyalur,Tamil Nadu,11.3800,79.3300
609001,Mayiladuthurai,Tamil Nadu,11.0989,79.6500
609003,Mayiladuthurai,Tamil Nadu,11.0971,79.6261
609101,Mayiladuthurai,Tamil Nadu,11.3300,79.7900
609102,Mayiladuthurai,Tamil Nadu,11.3150,79.7250
609103,Mayiladuthurai,Tamil Nadu,11.1507,79.6613
609104,Mayiladuthurai,Tamil Nadu,11.2750,79.7700
609105,Mayiladuthurai,Tamil Nadu,11.1400,79.8433
609106,Mayiladuthurai,Tamil Nadu,11.2050,79.8000
609107,Mayiladuthurai,Tamil Nadu,11.1400,79.8100
609108,Mayiladuthurai,Tamil Nadu,11.2800,79.7100
609109,Mayiladuthurai,Tamil Nadu,11.2000,79.7600
609110,Mayiladuthurai,Tamil Nadu,11.2379,79.7347
609111,Mayiladuthurai,Tamil Nadu,11.2400,79.7350
609112,Mayiladuthurai,Tamil Nadu,11.1850,79.6800
609113,Mayiladuthurai,Tamil Nadu,11.2150,79.6650
609114,Mayiladuthurai,Tamil Nadu,11.1600,79.8100
609115,Mayiladuthurai,Tamil Nadu,11.2500,79.8000
609116,Mayiladuthurai,Tamil Nadu,11.2550,79.7000
609117,Mayiladuthurai,Tamil Nadu,11.1800,79.7300
609118,Mayiladuthurai,Tamil Nadu,11.1250,79.6900
609201,Mayiladuthurai,Tamil Nadu,10.9852,79.7533
609202,Mayiladuthurai,Tamil Nadu,11.1976,79.5977
609203,Mayiladuthurai,Tamil Nadu,11.1378,79.6350
609204,Mayiladuthurai,Tamil Nadu,11.1650,79.5500
609205,Mayiladuthurai,Tamil Nadu,11.2300,79.6300
609301,Mayiladuthurai,Tamil Nadu,11.1000,79.8200
609302,Mayiladuthurai,Tamil Nadu,11.0500,79.7200
609303,Mayiladuthurai,Tamil Nadu,10.8852,79.8333
609304,Mayiladuthurai,Tamil Nadu,11.1200,79.7442
609305,Mayiladuthurai,Tamil Nadu,11.1027,79.6899
609306,Mayiladuthurai,Tamil Nadu,11.0300,79.7400
609307,Mayiladuthurai,Tamil Nadu,11.0200,79.8317
609308,Mayiladuthurai,Tamil Nadu,11.0201,79.7641
609309,Mayiladuthurai,Tamil Nadu,11.1100,79.7400
609310,Mayiladuthurai,Tamil Nadu,11.0400,79.7900
609311,Mayiladuthurai,Tamil Nadu,10.9202,79.8333
609312,Mayiladuthurai,Tamil Nadu,11.0000,79.7900
609313,Mayiladuthurai,Tamil Nadu,10.9152,79.8483
609314,Mayiladuthurai,Tamil Nadu,10.9152,79.7633
609401,Mayiladuthurai,Tamil Nadu,10.9052,79.7433
609402,Mayiladuthurai,Tamil Nadu,10.8952,79.7733
609403,Thiruvarur,Tamil Nadu,10.9850,79.6900
609404,Mayiladuthurai,Tamil Nadu,11.0300,79.6521
609405,Thiruvarur,Tamil Nadu,10.9400,79.6500
609501,Thiruvarur,Tamil Nadu,10.9200,79.5250
609502,Thiruvarur,Tamil Nadu,10.9000,79.6350
609503,Thiruvarur,Tamil Nadu,10.9300,79.6371
609504,Thiruvarur,Tamil Nadu,10.8700,79.6300
609601,Karaikal,Puducherry,10.9600,79.7400
609602,Karaikal,Puducherry,10.9270,79.8300
609603,Karaikal,Puducherry,10.9800,79.7700
609604,Karaikal,Puducherry,10.8950,79.8300
609605,Karaikal,Puducherry,10.9400,79.8450
609606,Karaikal,Puducherry,10.8700,79.8300
609607,Karaikal,Puducherry,10.9300,79.7700
609608,Thiruvarur,Tamil Nadu,10.9600,79.7100
609609,Karaikal,Puducherry,10.9800,79.8300
609701,Nagapattinam,Tamil Nadu,10.8600,79.6800
609702,Nagapattinam,Tamil Nadu,10.8850,79.7500
609703,Nagapattinam,Tamil Nadu,10.8550,79.8050
609704,Nagapattinam,Tamil Nadu,10.8500,79.7000
609801,Mayiladuthurai,Tamil Nadu,11.0763,79.5600
609802,Thanjavur,Tamil Nadu,11.0402,79.5024
609803,Mayiladuthurai,Tamil Nadu,11.0400,79.5200
609804,Thanjavur,Tamil Nadu,11.0419,79.4900
609805,Mayiladuthurai,Tamil Nadu,11.0150,79.6050
609806,Mayiladuthurai,Tamil Nadu,11.0855,79.6036
609807,Thanjavur,Tamil Nadu,11.1361,79.5073
609808,Mayiladuthurai,Tamil Nadu,11.0300,79.4700
609810,Mayiladuthurai,Tamil Nadu,11.0467,79.5272
609811,Mayiladuthurai,Tamil Nadu,10.9800,79.6000
610001,Thiruvarur,Tamil Nadu,10.7800,79.6300
610003,Thiruvarur,Tamil Nadu,10.7750,79.6550
610004,Thiruvarur,Tamil Nadu,10.7800,79.6100
610005,Thiruvarur,Tamil Nadu,10.8100,79.6200
610101,Nagapattinam,Tamil Nadu,10.8200,79.6850
610102,Thiruvarur,Tamil Nadu,10.7400,79.5500
610103,Thiruvarur,Tamil Nadu,10.7183,79.6198
610104,Thiruvarur,Tamil Nadu,10.7950,79.5950
610105,Thiruvarur,Tamil Nadu,10.8850,79.6000
610106,Thiruvarur,Tamil Nadu,10.7300,79.6600
610107,Thiruvarur,Tamil Nadu,10.8700,79.5650
610109,Thiruvarur,Tamil Nadu,10.7550,79.6200
610201,Nagapattinam,Tamil Nadu,10.6300,79.6800
610202,Thiruvarur,Tamil Nadu,10.6850,79.6436
610203,Thiruvarur,Tamil Nadu,10.5950,79.6150
610204,Nagapattinam,Tamil Nadu,10.6200,79.7250
610205,Thiruvarur,Tamil Nadu,10.6500,79.6200
610206,Thiruvarur,Tamil Nadu,10.6899,79.5850
610207,Nagapattinam,Tamil Nadu,10.6600,79.6900
611001,Nagapattinam,Tamil Nadu,10.7800,79.8465
611002,Nagapattinam,Tamil Nadu,10.8200,79.8250
611003,Nagapattinam,Tamil Nadu,10.7902,79.8383
611101,Thiruvarur,Tamil Nadu,10.7550,79.6850
611102,Nagapattinam,Tamil Nadu,10.7450,79.8250
611103,Nagapattinam,Tamil Nadu,10.6300,79.7700
611104,Nagapattinam,Tamil Nadu,10.7750,79.7450
611105,Nagapattinam,Tamil Nadu,10.7650,79.7100
611106,Nagapattinam,Tamil Nadu,10.7450,79.8400
611108,Nagapattinam,Tamil Nadu,10.7603,79.8000
611109,Nagapattinam,Tamil Nadu,10.7200,79.7400
611110,Nagapattinam,Tamil Nadu,10.6200,79.8101
611111,Nagapattinam,Tamil Nadu,10.6800,79.8400
611112,Nagapattinam,Tamil Nadu,10.5700,79.8433
612001,Thanjavur,Tamil Nadu,10.9641,79.3802
612002,Thanjavur,Tamil Nadu,10.9682,79.3726
612101,Thanjavur,Tamil Nadu,11.0100,79.4850
612102,Thanjavur,Tamil Nadu,11.0400,79.4550
612103,Thanjavur,Tamil Nadu,10.9900,79.4200
612104,Thanjavur,Tamil Nadu,10.9900,79.4549
612105,Thanjavur,Tamil Nadu,11.0400,79.4300
612106,Thanjavur,Tamil Nadu,11.0835,79.5243
612201,Mayiladuthurai,Tamil Nadu,10.9700,79.5400
612202,Thanjavur,Tamil Nadu,10.9500,79.4600
612203,Mayiladuthurai,Tamil Nadu,10.9900,79.5800
612204,Thanjavur,Tamil Nadu,10.9700,79.4314
612301,Thanjavur,Tamil Nadu,10.9700,79.3000
612302,Thanjavur,Tamil Nadu,10.9600,79.3300
612303,Thanjavur,Tamil Nadu,10.9800,79.3400
612401,Thanjavur,Tamil Nadu,10.9500,79.3969
612402,Thanjavur,Tamil Nadu,10.9150,79.4000
612501,Thanjavur,Tamil Nadu,11.0150,79.3700
612502,Thanjavur,Tamil Nadu,11.1200,79.4500
612503,Thanjavur,Tamil Nadu,11.0350,79.4000
612504,Thanjavur,Tamil Nadu,11.0932,79.4560
612601,Thiruvarur,Tamil Nadu,10.8450,79.4850
612602,Thanjavur,Tamil Nadu,10.9100,79.4700
612603,Thiruvarur,Tamil Nadu,10.8300,79.5400
612604,Thiruvarur,Tamil Nadu,10.8800,79.5100
612605,Thanjavur,Tamil Nadu,10.8800,79.4550
612610,Thiruvarur,Tamil Nadu,10.8400,79.4950
612701,Thiruvarur,Tamil Nadu,10.8992,79.3325
612702,Thanjavur,Tamil Nadu,10.9502,79.3523
612703,Thanjavur,Tamil Nadu,10.9300,79.3450
612801,Thiruvarur,Tamil Nadu,10.8500,79.4400
612802,Thiruvarur,Tamil Nadu,10.8400,79.3500
612803,Thiruvarur,Tamil Nadu,10.7300,79.4250
612804,Thiruvarur,Tamil Nadu,10.8750,79.3981
612901,Ariyalur,Tamil Nadu,11.1900,79.4491
612902,Ariyalur,Tamil Nadu,11.1500,79.3900
612903,Ariyalur,Tamil Nadu,11.2500,79.4600
612904,Ariyalur,Tamil Nadu,11.0970,79.3500
612905,Ariyalur,Tamil Nadu,11.1900,79.4300
613001,Thanjavur,Tamil Nadu,10.7866,79.1400
613002,Thanjavur,Tamil Nadu,10.8045,79.1100
613003,Thanjavur,Tamil Nadu,10.8200,79.1700
613004,Thanjavur,Tamil Nadu,10.7700,79.1039
613005,Thanjavur,Tamil Nadu,10.7400,79.1134
613006,Thanjavur,Tamil Nadu,10.7300,79.1416
613007,Thanjavur,Tamil Nadu,10.7690,79.1259
613008,Thanjavur,Tamil Nadu,10.7789,79.1401
613009,Thanjavur,Tamil Nadu,10.7874,79.1307
613010,Thanjavur,Tamil Nadu,10.7789,79.1401
613101,Thanjavur,Tamil Nadu,10.8400,79.0200
613102,Thanjavur,Tamil Nadu,10.8200,78.9000
613103,Thanjavur,Tamil Nadu,10.8600,79.0900
613104,Thanjavur,Tamil Nadu,10.8496,78.9557
613105,Thanjavur,Tamil Nadu,10.8500,78.9500
613201,Thanjavur,Tamil Nadu,10.8750,79.1400
613202,Thanjavur,Tamil Nadu,10.9264,79.1251
613203,Thanjavur,Tamil Nadu,10.8800,79.0600
613204,Thanjavur,Tamil Nadu,10.9000,79.1300
613205,Thanjavur,Tamil Nadu,10.8300,79.0900
613301,Pudukkottai,Tamil Nadu,10.5700,79.0250
613303,Thanjavur,Tamil Nadu,10.6662,79.0787
613401,Thanjavur,Tamil Nadu,10.7300,79.0200
613402,Thanjavur,Tamil Nadu,10.7300,78.9300
613403,Thanjavur,Tamil Nadu,10.7182,79.0722
613501,Thanjavur,Tamil Nadu,10.7842,79.2100
613502,Thanjavur,Tamil Nadu,10.7789,79.2300
613503,Thanjavur,Tamil Nadu,10.7059,79.2452
613504,Thanjavur,Tamil Nadu,10.7809,79.2723
613601,Thanjavur,Tamil Nadu,10.7800,79.0531
613602,Thanjavur,Tamil Nadu,10.7900,78.9739
613701,Thiruvarur,Tamil Nadu,10.7800,79.5500
613702,Thiruvarur,Tamil Nadu,10.7600,79.5100
613703,Thiruvarur,Tamil Nadu,10.7700,79.4900
613704,Thiruvarur,Tamil Nadu,10.7450,79.5900
613705,Thiruvarur,Tamil Nadu,10.8250,79.4600
614001,Thiruvarur,Tamil Nadu,10.6673,79.4500
614013,Thiruvarur,Tamil Nadu,10.6998,79.3603
614014,Thiruvarur,Tamil Nadu,10.6800,79.4300
614015,Thiruvarur,Tamil Nadu,10.5800,79.4300
614016,Thiruvarur,Tamil Nadu,10.6400,79.4800
614017,Thiruvarur,Tamil Nadu,10.5400,79.4700
614018,Thiruvarur,Tamil Nadu,10.6100,79.4000
614019,Thiruvarur,Tamil Nadu,10.7000,79.3277
614020,Thiruvarur,Tamil Nadu,10.5700,79.4800
614101,Thiruvarur,Tamil Nadu,10.6900,79.5300
614102,Thiruvarur,Tamil Nadu,10.7000,79.5100
614103,Thiruvarur,Tamil Nadu,10.7400,79.5100
614201,Thanjavur,Tamil Nadu,10.8917,79.1877
614202,Thanjavur,Tamil Nadu,10.9200,79.1800
614203,Thanjavur,Tamil Nadu,10.9400,79.2500
614204,Thanjavur,Tamil Nadu,10.9169,79.2391
614205,Thanjavur,Tamil Nadu,10.9227,79.2671
614206,Thanjavur,Tamil Nadu,10.8750,79.1750
614207,Thanjavur,Tamil Nadu,10.9173,79.2447
614208,Thiruvarur,Tamil Nadu,10.9200,79.3000
614210,Thanjavur,Tamil Nadu,10.8445,79.1800
614211,Thanjavur,Tamil Nadu,10.8395,79.1750
614301,Thanjavur,Tamil Nadu,10.8300,79.2200
614302,Thanjavur,Tamil Nadu,10.8699,79.2700
614303,Thanjavur,Tamil Nadu,10.8700,79.2200
614401,Thanjavur,Tamil Nadu,10.8100,79.3350
614402,Thanjavur,Tamil Nadu,10.7674,79.3162
614403,Thiruvarur,Tamil Nadu,10.7664,79.3700
614404,Thiruvarur,Tamil Nadu,10.7701,79.4350
614601,Thanjavur,Tamil Nadu,10.4266,79.3187
614602,Thanjavur,Tamil Nadu,,
614612,Thanjavur,Tamil Nadu,,
614613,Thanjavur,Tamil Nadu,10.6644,79.4550
614614,Thanjavur,Tamil Nadu,10.5045,79.1625
614615,Thanjavur,Tamil Nadu,10.4505,79.3064
614616,Pudukkottai,Tamil Nadu,10.1400,79.0200
614617,Pudukkottai,Tamil Nadu,10.5000,79.0700
614618,Pudukkottai,Tamil Nadu,10.0500,79.0950
614619,Pudukkottai,Tamil Nadu,10.0100,79.1700
614620,Pudukkottai,Tamil Nadu,10.3150,78.8800
614621,Pudukkottai,Tamil Nadu,9.9800,79.0900
614622,Pudukkottai,Tamil Nadu,10.2450,78.9800
614623,Thanjavur,Tamil Nadu,,
614624,Pudukkottai,Tamil Nadu,10.2700,79.0700
614625,Thanjavur,Tamil Nadu,10.6296,79.2538
614626,Thanjavur,Tamil Nadu,10.5494,79.2876
614628,Thanjavur,Tamil Nadu,,
614629,Pudukkottai,Tamil Nadu,9.9300,79.0100
614630,Pudukkottai,Tamil Nadu,10.1150,79.1850
614701,Thanjavur,Tamil Nadu,,
614702,Thiruvarur,Tamil Nadu,10.4714,79.5868
614703,Thiruvarur,Tamil Nadu,10.4689,79.6171
614704,Thiruvarur,Tamil Nadu,10.3974,79.4960
614705,Thiruvarur,Tamil Nadu,10.4992,79.5200
614706,Thiruvarur,Tamil Nadu,10.4609,79.5478
614707,Nagapattinam,Tamil Nadu,10.3963,79.7517
614708,Thiruvarur,Tamil Nadu,10.6250,79.5600
614710,Thiruvarur,Tamil Nadu,10.5400,79.5950
614711,Nagapattinam,Tamil Nadu,,
614712,Nagapattinam,Tamil Nadu,10.5630,79.7733
614713,Thiruvarur,Tamil Nadu,10.5360,79.6388
614714,Nagapattinam,Tamil Nadu,10.3722,79.8511
614715,Thiruvarur,Tamil Nadu,10.5897,79.5408
614716,Thiruvarur,Tamil Nadu,10.5021,79.6605
614717,Thiruvarur,Tamil Nadu,10.6150,79.5300
614723,Thanjavur,Tamil Nadu,,
614738,Thiruvarur,Tamil Nadu,10.3863,79.5010
614801,Pudukkottai,Tamil Nadu,10.1900,79.0900
614802,Thanjavur,Tamil Nadu,,
614803,Thanjavur,Tamil Nadu,,
614804,Thanjavur,Tamil Nadu,,
614805,Pudukkottai,Tamil Nadu,10.1750,79.1600
614806,Nagapattinam,Tamil Nadu,10.4609,79.7289
614807,Nagapattinam,Tamil Nadu,10.7603,79.8465
614808,Nagapattinam,Tamil Nadu,10.4216,79.7866
614809,Nagapattinam,Tamil Nadu,10.4010,79.8488
614810,Nagapattinam,Tamil Nadu,10.3797,79.8482
614901,Thanjavur,Tamil Nadu,10.4887,79.3432
614902,Thanjavur,Tamil Nadu,10.6027,79.1839
614903,Thanjavur,Tamil Nadu,10.4827,79.3985
614904,Thanjavur,Tamil Nadu,10.6860,79.2182
614905,Thanjavur,Tamil Nadu,10.5385,79.3689
614906,Thanjavur,Tamil Nadu,10.4499,79.3484
620001,Tiruchirappalli,Tamil Nadu,10.8011,78.6862
620002,Tiruchirappalli,Tamil Nadu,10.8263,78.6959
620003,Tiruchirappalli,Tamil Nadu,10.8284,78.6755
620004,Tiruchirappalli,Tamil Nadu,10.7944,78.7264
620005,Tiruchirappalli,Tamil Nadu,10.8500,78.7100
620006,Tiruchirappalli,Tamil Nadu,10.8600,78.6900
620007,Tiruchirappalli,Tamil Nadu,10.7376,78.7133
620008,Tiruchirappalli,Tamil Nadu,10.8134,78.6957
620009,Tiruchirappalli,Tamil Nadu,10.7565,78.6004
620010,Tiruchirappalli,Tamil Nadu,10.8119,78.7251
620011,Tiruchirappalli,Tamil Nadu,10.7785,78.7422
620012,Tiruchirappalli,Tamil Nadu,10.7236,78.6303
620013,Tiruchirappalli,Tamil Nadu,10.8005,78.7901
620014,Tiruchirappalli,Tamil Nadu,10.7763,78.7939
620015,Tiruchirappalli,Tamil Nadu,10.7660,78.8281
620016,Tiruchirappalli,Tamil Nadu,10.7369,78.7779
620017,Tiruchirappalli,Tamil Nadu,10.8169,78.6805
620018,Tiruchirappalli,Tamil Nadu,10.8227,78.6824
620019,Tiruchirappalli,Tamil Nadu,10.8046,78.7397
620020,Tiruchirappalli,Tamil Nadu,10.7877,78.6922
620021,Tiruchirappalli,Tamil Nadu,10.8045,78.6839
620022,Tiruchirappalli,Tamil Nadu,10.7685,78.7685
620023,Tiruchirappalli,Tamil Nadu,10.7775,78.6864
620024,Tiruchirappalli,Tamil Nadu,10.6759,78.7431
620025,Tiruchirappalli,Tamil Nadu,10.7104,78.7963
620026,Tiruchirappalli,Tamil Nadu,10.7283,78.7638
620027,Tiruchirappalli,Tamil Nadu,10.7470,78.6001
620101,Tiruchirappalli,Tamil Nadu,10.8618,78.6518
620102,Tiruchirappalli,Tamil Nadu,10.8155,78.6359
621001,Tiruchirappalli,Tamil Nadu,11.1800,78.5200
621002,Tiruchirappalli,Tamil Nadu,11.2000,78.6400
621003,Tiruchirappalli,Tamil Nadu,11.2400,78.4750
621004,Tiruchirappalli,Tamil Nadu,11.1000,78.6500
621005,Tiruchirappalli,Tamil Nadu,10.9350,78.7100
621006,Tiruchirappalli,Tamil Nadu,11.0200,78.6400
621007,Tiruchirappalli,Tamil Nadu,11.0700,78.6900
621008,Tiruchirappalli,Tamil Nadu,11.1900,78.5800
621009,Tiruchirappalli,Tamil Nadu,10.9600,78.6800
621010,Tiruchirappalli,Tamil Nadu,11.1500,78.6000
621011,Tiruchirappalli,Tamil Nadu,11.2900,78.5900
621012,Tiruchirappalli,Tamil Nadu,11.2500,78.4850
621014,Tiruchirappalli,Tamil Nadu,11.0800,78.6000
621101,Perambalur,Tamil Nadu,11.2300,78.7400
621102,Perambalur,Tamil Nadu,11.3300,78.7800
621103,Perambalur,Tamil Nadu,11.3700,78.7300
621104,Perambalur,Tamil Nadu,11.1400,78.7800
621105,Tiruchirappalli,Tamil Nadu,11.0100,78.8000
621106,Perambalur,Tamil Nadu,11.1500,78.9800
621107,Perambalur,Tamil Nadu,11.2400,78.8100
621108,Perambalur,Tamil Nadu,11.3900,79.0550
621109,Perambalur,Tamil Nadu,11.1300,78.8400
621110,Perambalur,Tamil Nadu,11.4100,78.7200
621111,Tiruchirappalli,Tamil Nadu,10.9300,78.7900
621112,Tiruchirappalli,Tamil Nadu,10.9150,78.7350
621113,Perambalur,Tamil Nadu,11.1750,78.8950
621114,Perambalur,Tamil Nadu,11.1100,78.7200
621115,Perambalur,Tamil Nadu,11.3050,78.9550
621116,Perambalur,Tamil Nadu,11.3700,78.8100
621117,Perambalur,Tamil Nadu,11.4300,78.8600
621118,Perambalur,Tamil Nadu,11.1500,78.7200
621133,Perambalur,Tamil Nadu,11.2366,78.8619
621202,Tiruchirappalli,Tamil Nadu,10.9300,78.5200
621203,Tiruchirappalli,Tamil Nadu,10.9800,78.3200
621204,Tiruchirappalli,Tamil Nadu,10.9050,78.5750
621205,Tiruchirappalli,Tamil Nadu,11.0500,78.4850
621206,Tiruchirappalli,Tamil Nadu,11.0850,78.5450
621207,Tiruchirappalli,Tamil Nadu,11.0400,78.2200
621208,Tiruchirappalli,Tamil Nadu,11.0500,78.3900
621209,Tiruchirappalli,Tamil Nadu,10.9700,78.3900
621210,Tiruchirappalli,Tamil Nadu,11.1800,78.4400
621211,Tiruchirappalli,Tamil Nadu,10.9900,78.4400
621212,Perambalur,Tamil Nadu,11.2400,78.8700
621213,Tiruchirappalli,Tamil Nadu,10.9000,78.6150
621214,Tiruchirappalli,Tamil Nadu,11.1200,78.4200
621215,Tiruchirappalli,Tamil Nadu,11.0300,78.3100
621216,Tiruchirappalli,Tamil Nadu,10.8800,78.7000
621217,Tiruchirappalli,Tamil Nadu,11.0100,78.5500
621218,Tiruchirappalli,Tamil Nadu,10.8700,78.7700
621219,Perambalur,Tamil Nadu,11.3000,78.8600
621220,Perambalur,Tamil Nadu,11.2300,78.8700
621301,Karur,Tamil Nadu,10.7600,78.2100
621302,Tiruchirappalli,Tamil Nadu,10.6050,78.3100
621305,Tiruchirappalli,Tamil Nadu,10.5212,78.4750
621306,Tiruchirappalli,Tamil Nadu,10.6200,78.4200
621307,Tiruchirappalli,Tamil Nadu,10.6300,78.3600
621308,Tiruchirappalli,Tamil Nadu,10.4600,78.5100
621310,Tiruchirappalli,Tamil Nadu,10.8584,78.6902
621311,Karur,Tamil Nadu,10.6650,78.2200
621312,Tiruchirappalli,Tamil Nadu,10.6000,78.4600
621313,Karur,Tamil Nadu,10.7300,78.4300
621314,Tiruchirappalli,Tamil Nadu,,
621315,Tiruchirappalli,Tamil Nadu,10.7242,78.3000
621316,Pudukkottai,Tamil Nadu,10.6000,78.5800
621601,Tiruchirappalli,Tamil Nadu,10.8753,78.8152
621651,Tiruchirappalli,Tamil Nadu,11.0100,78.9100
621652,Tiruchirappalli,Tamil Nadu,11.0350,78.9600
621653,Ariyalur,Tamil Nadu,11.0300,79.0200
621701,Ariyalur,Tamil Nadu,11.0800,79.1850
621702,Tiruchirappalli,Tamil Nadu,10.8900,78.9100
621703,Tiruchirappalli,Tamil Nadu,10.8900,78.7900
621704,Ariyalur,Tamil Nadu,11.1200,79.0900
621705,Ariyalur,Tamil Nadu,11.1700,79.1400
621706,Tiruchirappalli,Tamil Nadu,10.8929,78.8800
621707,Ariyalur,Tamil Nadu,11.0300,79.0682
621708,Perambalur,Tamil Nadu,11.2300,79.0000
621709,Ariyalur,Tamil Nadu,11.3300,79.1900
621710,Ariyalur,Tamil Nadu,11.2600,79.2591
621711,Tiruchirappalli,Tamil Nadu,10.9400,78.9110
621712,Tiruchirappalli,Tamil Nadu,10.9200,78.8258
621713,Perambalur,Tamil Nadu,11.1450,79.0200
621714,Ariyalur,Tamil Nadu,11.2400,79.1800
621715,Ariyalur,Tamil Nadu,10.9600,79.1250
621716,Perambalur,Tamil Nadu,11.3150,79.1100
621717,Perambalur,Tamil Nadu,11.3250,79.0450
621718,Ariyalur,Tamil Nadu,11.2200,79.1500
621719,Ariyalur,Tamil Nadu,11.3200,79.2591
621722,Tiruchirappalli,Tamil Nadu,10.9100,79.0000
621729,Ariyalur,Tamil Nadu,11.1393,79.0961
621730,Ariyalur,Tamil Nadu,11.3650,79.1950
621731,Ariyalur,Tamil Nadu,,
621801,Ariyalur,Tamil Nadu,11.2000,79.2200
621802,Ariyalur,Tamil Nadu,11.2100,79.3600
621803,Ariyalur,Tamil Nadu,11.2800,79.4000
621804,Ariyalur,Tamil Nadu,11.1400,79.2600
621805,Ariyalur,Tamil Nadu,11.3200,79.4100
621806,Ariyalur,Tamil Nadu,11.2300,79.3000
621851,Ariyalur,Tamil Nadu,10.9500,79.0400
622001,Pudukkottai,Tamil Nadu,10.3700,78.8300
622002,Pudukkottai,Tamil Nadu,10.3800,78.6100
622003,Pudukkottai,Tamil Nadu,10.3400,78.8150
622004,Pudukkottai,Tamil Nadu,10.4100,78.8600
622005,Pudukkottai,Tamil Nadu,10.3800,78.8200
622101,Pudukkottai,Tamil Nadu,10.4500,78.7200
622102,Pudukkottai,Tamil Nadu,10.5000,78.6100
622103,Pudukkottai,Tamil Nadu,10.4603,78.6861
622104,Pudukkottai,Tamil Nadu,10.4000,78.6900
622201,Pudukkottai,Tamil Nadu,10.2300,78.8900
622202,Pudukkottai,Tamil Nadu,10.1800,78.9100
622203,Pudukkottai,Tamil Nadu,10.5250,78.9350
622204,Pudukkottai,Tamil Nadu,10.0150,79.0050
622209,Pudukkottai,Tamil Nadu,10.1400,78.8700
622301,Pudukkottai,Tamil Nadu,10.3750,78.9750
622302,Pudukkottai,Tamil Nadu,10.4800,79.1200
622303,Pudukkottai,Tamil Nadu,10.3500,78.8900
622304,Pudukkottai,Tamil Nadu,10.3600,79.0800
622401,Pudukkottai,Tamil Nadu,10.3000,78.5800
622402,Pudukkottai,Tamil Nadu,10.3000,78.6500
622403,Pudukkottai,Tamil Nadu,10.2450,78.5200
622404,Pudukkottai,Tamil Nadu,10.3214,78.7215
622407,Pudukkottai,Tamil Nadu,10.3350,78.5650
622409,Pudukkottai,Tamil Nadu,10.2400,78.6650
622411,Pudukkottai,Tamil Nadu,10.2900,78.5300
622412,Pudukkottai,Tamil Nadu,10.3250,78.7300
622422,Pudukkottai,Tamil Nadu,10.3400,78.7900
622501,Pudukkottai,Tamil Nadu,10.4750,78.8000
622502,Pudukkottai,Tamil Nadu,10.5850,78.8250
622503,Pudukkottai,Tamil Nadu,10.1700,78.7400
622504,Pudukkottai,Tamil Nadu,10.5400,78.8200
622505,Pudukkottai,Tamil Nadu,10.2650,78.7750
622506,Pudukkottai,Tamil Nadu,10.2900,78.8100
622507,Pudukkottai,Tamil Nadu,10.2400,78.7700
622515,Pudukkottai,Tamil Nadu,10.6450,78.7271
623115,Ramanathapuram,Tamil Nadu,9.2500,78.3600
623120,Ramanathapuram,Tamil Nadu,9.2000,78.4000
623135,Ramanathapuram,Tamil Nadu,9.1600,78.4200
623308,Ramanathapuram,Tamil Nadu,9.3699,78.8272
623315,Ramanathapuram,Tamil Nadu,9.3699,78.8272
623401,Ramanathapuram,Tamil Nadu,9.7200,78.7900
623402,Ramanathapuram,Tamil Nadu,9.7900,78.8300
623403,Ramanathapuram,Tamil Nadu,9.4500,78.8272
623404,Ramanathapuram,Tamil Nadu,9.3699,78.8272
623406,Ramanathapuram,Tamil Nadu,9.3699,78.8272
623407,Ramanathapuram,Tamil Nadu,9.7100,78.9400
623409,Ramanathapuram,Tamil Nadu,9.7424,79.0178
623501,Ramanathapuram,Tamil Nadu,9.3699,78.8272
623502,Ramanathapuram,Tamil Nadu,9.3700,78.8000
623503,Ramanathapuram,Tamil Nadu,9.3606,78.8658
623504,Ramanathapuram,Tamil Nadu,9.3745,78.8450
623512,Ramanathapuram,Tamil Nadu,9.3650,78.8986
623513,Ramanathapuram,Tamil Nadu,9.3200,78.8386
623514,Ramanathapuram,Tamil Nadu,9.4800,78.8800
623515,Ramanathapuram,Tamil Nadu,9.2600,78.7400
623516,Ramanathapuram,Tamil Nadu,9.3000,79.0200
623517,Ramanathapuram,Tamil Nadu,9.2600,78.7700
623518,Ramanathapuram,Tamil Nadu,9.3350,78.9986
623519,Ramanathapuram,Tamil Nadu,9.2700,79.0900
623520,Ramanathapuram,Tamil Nadu,9.3699,78.8272
623521,Ramanathapuram,Tamil Nadu,9.3699,78.8272
623522,Ramanathapuram,Tamil Nadu,9.3700,78.8886
623523,Ramanathapuram,Tamil Nadu,9.3000,78.9000
623524,Ramanathapuram,Tamil Nadu,9.3350,78.8936
623525,Ramanathapuram,Tamil Nadu,9.6050,78.8300
623526,Ramanathapuram,Tamil Nadu,,
623527,Ramanathapuram,Tamil Nadu,9.4250,78.6900
623528,Ramanathapuram,Tamil Nadu,9.2050,78.6100
623529,Ramanathapuram,Tamil Nadu,9.3699,78.8272
623530,Ramanathapuram,Tamil Nadu,9.4700,78.7900
623531,Ramanathapuram,Tamil Nadu,9.5200,78.8800
623532,Ramanathapuram,Tamil Nadu,9.2750,78.8550
623533,Ramanathapuram,Tamil Nadu,9.3400,78.7250
623534,Ramanathapuram,Tamil Nadu,9.3100,78.9800
623536,Ramanathapuram,Tamil Nadu,9.3500,78.8950
623537,Ramanathapuram,Tamil Nadu,9.5250,78.8386
623538,Ramanathapuram,Tamil Nadu,9.7000,78.8600
623566,Ramanathapuram,Tamil Nadu,9.3699,78.8272
623601,Ramanathapuram,Tamil Nadu,9.4700,78.4350
623603,Ramanathapuram,Tamil Nadu,9.3400,78.4200
623604,Ramanathapuram,Tamil Nadu,9.3800,78.4100
623605,Ramanathapuram,Tamil Nadu,9.4550,78.3600
623608,Ramanathapuram,Tamil Nadu,9.5700,78.4800
623701,Ramanathapuram,Tamil Nadu,9.5650,78.6050
623703,Ramanathapuram,Tamil Nadu,9.2200,78.5400
623704,Ramanathapuram,Tamil Nadu,9.3200,78.5300
623705,Ramanathapuram,Tamil Nadu,9.5350,78.7200
623706,Ramanathapuram,Tamil Nadu,9.4900,78.5600
623707,Ramanathapuram,Tamil Nadu,9.5444,78.5894
623708,Ramanathapuram,Tamil Nadu,9.3600,78.6236
623711,Ramanathapuram,Tamil Nadu,9.3300,78.6400
623712,Ramanathapuram,Tamil Nadu,9.4000,78.6150
623806,Ramanathapuram,Tamil Nadu,9.3699,78.8272
624001,Dindigul,Tamil Nadu,10.3744,77.9615
624002,Dindigul,Tamil Nadu,10.3600,77.9400
624003,Dindigul,Tamil Nadu,10.2750,78.0022
624004,Dindigul,Tamil Nadu,10.4000,77.9500
624005,Dindigul,Tamil Nadu,10.6094,77.8792
624101,Dindigul,Tamil Nadu,10.2700,77.5500
624103,Dindigul,Tamil Nadu,10.3000,77.4100
624201,Dindigul,Tamil Nadu,10.1400,77.9100
624202,Dindigul,Tamil Nadu,10.1664,77.7490
624204,Dindigul,Tamil Nadu,10.2400,77.7500
624206,Dindigul,Tamil Nadu,10.1900,77.9100
624208,Dindigul,Tamil Nadu,10.1636,77.9972
624210,Dindigul,Tamil Nadu,10.4393,77.5901
624211,Dindigul,Tamil Nadu,10.2091,77.7700
624212,Dindigul,Tamil Nadu,10.3500,77.7100
624215,Dindigul,Tamil Nadu,10.1800,77.8700
624216,Dindigul,Tamil Nadu,10.3000,77.6650
624219,Dindigul,Tamil Nadu,10.1100,77.8500
624220,Dindigul,Tamil Nadu,10.0900,77.7400
624301,Dindigul,Tamil Nadu,10.4820,78.0155
624302,Dindigul,Tamil Nadu,10.2700,77.9200
624303,Dindigul,Tamil Nadu,10.3100,77.9200
624304,Dindigul,Tamil Nadu,10.3000,78.0700
624306,Dindigul,Tamil Nadu,10.3700,78.1300
624307,Dindigul,Tamil Nadu,10.3100,77.9600
624308,Dindigul,Tamil Nadu,10.2550,78.1400
624401,Dindigul,Tamil Nadu,10.2300,78.2300
624402,Dindigul,Tamil Nadu,10.3993,77.9051
624403,Dindigul,Tamil Nadu,10.4050,78.2200
624601,Dindigul,Tamil Nadu,10.4500,77.5175
624610,Dindigul,Tamil Nadu,10.4943,77.5251
624612,Dindigul,Tamil Nadu,10.5800,77.7200
624613,Dindigul,Tamil Nadu,10.4570,77.5850
624614,Dindigul,Tamil Nadu,10.5300,77.6700
624615,Dindigul,Tamil Nadu,10.4450,77.4750
624616,Dindigul,Tamil Nadu,10.6200,77.6300
624617,Dindigul,Tamil Nadu,10.6000,77.5300
624618,Dindigul,Tamil Nadu,10.5300,77.4689
624619,Dindigul,Tamil Nadu,10.4869,77.7800
624620,Dindigul,Tamil Nadu,10.7500,78.0500
624621,Dindigul,Tamil Nadu,10.4700,77.4400
624622,Dindigul,Tamil Nadu,10.4150,77.8750
624701,Dindigul,Tamil Nadu,10.6085,77.5702
624702,Dindigul,Tamil Nadu,10.5250,78.0250
624703,Dindigul,Tamil Nadu,10.6800,78.0700
624704,Dindigul,Tamil Nadu,10.5700,77.8300
624705,Dindigul,Tamil Nadu,10.3650,77.8450
624706,Dindigul,Tamil Nadu,10.6100,78.0500
624707,Dindigul,Tamil Nadu,10.3100,77.8600
624708,Dindigul,Tamil Nadu,10.2350,77.8200
624709,Dindigul,Tamil Nadu,10.4700,77.9700
624710,Dindigul,Tamil Nadu,10.5400,77.9700
624711,Dindigul,Tamil Nadu,10.6000,77.9400
624712,Dindigul,Tamil Nadu,10.6200,77.7800
624801,Dindigul,Tamil Nadu,10.4800,78.1500
624802,Dindigul,Tamil Nadu,10.4300,78.1050
625001,Madurai,Tamil Nadu,9.9181,78.1232
625002,Madurai,Tamil Nadu,9.9380,78.1311
625003,Madurai,Tamil Nadu,9.9087,78.0963
625004,Madurai,Tamil Nadu,9.8938,78.0800
625005,Madurai,Tamil Nadu,9.8682,78.0395
625006,Madurai,Tamil Nadu,9.8832,78.0585
625007,Madurai,Tamil Nadu,9.8486,78.1862
625008,Madurai,Tamil Nadu,9.8496,78.0254
625009,Madurai,Tamil Nadu,9.8891,78.1479
625011,Madurai,Tamil Nadu,9.9375,77.9485
625012,Madurai,Tamil Nadu,9.9010,78.1233
625014,Madurai,Tamil Nadu,9.9940,78.1429
625015,Madurai,Tamil Nadu,9.8834,78.0799
625016,Madurai,Tamil Nadu,9.9302,78.0956
625017,Madurai,Tamil Nadu,9.9662,78.1123
625018,Madurai,Tamil Nadu,9.9562,78.0934
625019,Madurai,Tamil Nadu,9.9358,78.0547
625020,Madurai,Tamil Nadu,9.9136,78.2036
625021,Madurai,Tamil Nadu,9.9161,78.0049
625022,Madurai,Tamil Nadu,9.8496,78.1198
625023,Madurai,Tamil Nadu,9.7527,78.2094
625101,Madurai,Tamil Nadu,10.1456,78.3523
625102,Madurai,Tamil Nadu,10.0722,78.4267
625103,Madurai,Tamil Nadu,10.2213,78.3738
625104,Madurai,Tamil Nadu,9.9659,78.1987
625105,Madurai,Tamil Nadu,10.1119,78.3135
625106,Madurai,Tamil Nadu,10.0333,78.3366
625107,Madurai,Tamil Nadu,9.9497,78.2070
625108,Madurai,Tamil Nadu,10.1073,78.3943
625109,Madurai,Tamil Nadu,9.9978,78.4128
625110,Madurai,Tamil Nadu,9.9016,78.3002
625122,Madurai,Tamil Nadu,9.9964,78.2375
625201,Madurai,Tamil Nadu,9.8792,78.1935
625203,Theni,Tamil Nadu,10.1779,77.7031
625205,Madurai,Tamil Nadu,10.0566,77.9260
625207,Madurai,Tamil Nadu,10.0212,77.9402
625214,Madurai,Tamil Nadu,,
625218,Madurai,Tamil Nadu,10.0910,77.9670
625221,Madurai,Tamil Nadu,10.0414,78.0255
625234,Madurai,Tamil Nadu,9.9695,78.0138
625301,Madurai,Tamil Nadu,10.0381,78.2200
625402,Madurai,Tamil Nadu,9.9889,78.0436
625501,Madurai,Tamil Nadu,10.0527,78.0881
625503,Madurai,Tamil Nadu,10.1166,78.1172
625512,Theni,Tamil Nadu,9.9722,77.6006
625513,Theni,Tamil Nadu,10.0086,77.3527
625514,Madurai,Tamil Nadu,9.9430,77.9550
625515,Theni,Tamil Nadu,9.8000,77.3900
625516,Theni,Tamil Nadu,9.7410,77.2861
625517,Theni,Tamil Nadu,9.9420,77.5395
625518,Theni,Tamil Nadu,9.8000,77.3260
625519,Theni,Tamil Nadu,9.6229,77.3461
625520,Theni,Tamil Nadu,9.8659,77.4541
625521,Theni,Tamil Nadu,9.7296,77.3063
625522,Theni,Tamil Nadu,9.8494,77.2973
625523,Theni,Tamil Nadu,10.0782,77.5237
625524,Theni,Tamil Nadu,9.8626,77.3287
625525,Theni,Tamil Nadu,9.6204,77.2727
625526,Theni,Tamil Nadu,9.7735,77.3364
625527,Madurai,Tamil Nadu,9.8400,77.7943
625528,Theni,Tamil Nadu,9.9850,77.3492
625529,Madurai,Tamil Nadu,9.8975,77.8714
625530,Theni,Tamil Nadu,9.9000,77.3000
625531,Theni,Tamil Nadu,10.0052,77.4823
625532,Madurai,Tamil Nadu,9.9638,77.7878
625533,Theni,Tamil Nadu,9.7926,77.3289
625534,Theni,Tamil Nadu,9.9458,77.4738
625535,Madurai,Tamil Nadu,9.8678,77.7311
625536,Theni,Tamil Nadu,10.0000,77.6299
625537,Madurai,Tamil Nadu,10.0146,77.8330
625540,Theni,Tamil Nadu,9.8328,77.4300
625556,Theni,Tamil Nadu,,
625562,Theni,Tamil Nadu,10.0536,77.5897
625579,Theni,Tamil Nadu,9.7261,77.5165
625582,Theni,Tamil Nadu,10.0009,77.3209
625601,Theni,Tamil Nadu,10.1224,77.5395
625602,Theni,Tamil Nadu,10.1400,77.6300
625603,Theni,Tamil Nadu,10.1058,77.5721
625604,Theni,Tamil Nadu,10.1298,77.6001
625605,Theni,Tamil Nadu,10.1070,77.5459
625701,Madurai,Tamil Nadu,9.6927,77.9749
625702,Madurai,Tamil Nadu,9.6875,77.8525
625703,Madurai,Tamil Nadu,9.7171,77.8031
625704,Madurai,Tamil Nadu,9.7919,77.9010
625705,Madurai,Tamil Nadu,9.7700,77.7373
625706,Madurai,Tamil Nadu,9.8194,77.9797
625707,Madurai,Tamil Nadu,9.6607,77.9361
625708,Madurai,Tamil Nadu,9.7507,77.9011
626001,Virudhunagar,Tamil Nadu,9.5884,77.9573
626002,Virudhunagar,Tamil Nadu,9.6300,77.9550
626003,Virudhunagar,Tamil Nadu,9.5398,77.9430
626004,Virudhunagar,Tamil Nadu,9.5300,77.9950
626005,Virudhunagar,Tamil Nadu,9.5700,77.8500
626101,Virudhunagar,Tamil Nadu,9.5100,78.0995
626102,Virudhunagar,Tamil Nadu,9.3941,77.5800
626103,Virudhunagar,Tamil Nadu,9.6100,77.8392
626104,Virudhunagar,Tamil Nadu,9.6150,78.1000
626105,Virudhunagar,Tamil Nadu,9.5100,78.1500
626106,Virudhunagar,Tamil Nadu,9.6600,78.1550
626107,Virudhunagar,Tamil Nadu,9.5600,78.1283
626108,Virudhunagar,Tamil Nadu,9.4300,77.5700
626109,Virudhunagar,Tamil Nadu,9.6200,78.0000
626110,Virudhunagar,Tamil Nadu,9.4886,77.5799
626111,Virudhunagar,Tamil Nadu,9.3550,77.4950
626112,Virudhunagar,Tamil Nadu,9.4700,78.0600
626113,Virudhunagar,Tamil Nadu,9.4700,78.0400
626114,Virudhunagar,Tamil Nadu,9.3500,78.2693
626115,Virudhunagar,Tamil Nadu,9.7225,78.1073
626116,Virudhunagar,Tamil Nadu,9.6080,77.6483
626117,Virudhunagar,Tamil Nadu,9.4488,77.5530
626118,Virudhunagar,Tamil Nadu,9.4000,78.2000
626119,Virudhunagar,Tamil Nadu,9.5086,77.8800
626121,Virudhunagar,Tamil Nadu,9.3800,77.4600
626122,Virudhunagar,Tamil Nadu,9.3883,77.4951
626123,Virudhunagar,Tamil Nadu,9.4533,77.7941
626124,Virudhunagar,Tamil Nadu,9.4400,77.7450
626125,Virudhunagar,Tamil Nadu,9.5073,77.6329
626126,Virudhunagar,Tamil Nadu,9.6000,77.6800
626127,Virudhunagar,Tamil Nadu,9.3350,77.6700
626128,Virudhunagar,Tamil Nadu,9.3731,77.8200
626129,Virudhunagar,Tamil Nadu,9.5100,78.2250
626130,Virudhunagar,Tamil Nadu,9.4900,77.8100
626131,Virudhunagar,Tamil Nadu,9.3600,77.7200
626132,Virudhunagar,Tamil Nadu,9.6419,77.6339
626133,Virudhunagar,Tamil Nadu,9.6300,77.6000
626134,Virudhunagar,Tamil Nadu,9.4300,78.0600
626135,Virudhunagar,Tamil Nadu,9.4900,77.6494
626136,Virudhunagar,Tamil Nadu,9.3700,77.6300
626137,Virudhunagar,Tamil Nadu,9.4400,77.6575
626138,Virudhunagar,Tamil Nadu,9.5600,77.7200
626139,Virudhunagar,Tamil Nadu,9.3650,77.5743
626140,Virudhunagar,Tamil Nadu,9.3976,77.8774
626141,Virudhunagar,Tamil Nadu,9.4850,77.6847
626142,Virudhunagar,Tamil Nadu,9.4100,77.5096
626149,Virudhunagar,Tamil Nadu,9.6450,77.7200
626161,Virudhunagar,Tamil Nadu,9.2900,78.0700
626188,Virudhunagar,Tamil Nadu,9.3942,77.4963
626189,Virudhunagar,Tamil Nadu,9.4300,77.8350
626201,Virudhunagar,Tamil Nadu,9.2850,77.8200
626202,Virudhunagar,Tamil Nadu,9.3400,77.9900
626203,Virudhunagar,Tamil Nadu,9.3572,77.9100
626204,Virudhunagar,Tamil Nadu,9.4409,77.9401
626205,Virudhunagar,Tamil Nadu,9.2548,77.9200
626607,Virudhunagar,Tamil Nadu,9.6300,78.2800
626612,Virudhunagar,Tamil Nadu,,
627001,Tirunelveli,Tamil Nadu,8.7267,77.7032
627002,Tirunelveli,Tamil Nadu,8.7206,77.7434
627003,Tirunelveli,Tamil Nadu,8.7318,77.7197
627004,Tirunelveli,Tamil Nadu,8.7249,77.6639
627005,Tirunelveli,Tamil Nadu,8.6373,77.7277
627006,Tirunelveli,Tamil Nadu,8.7257,77.6840
627007,Tirunelveli,Tamil Nadu,8.6855,77.7371
627008,Tirunelveli,Tamil Nadu,8.6546,77.7127
627009,Tirunelveli,Tamil Nadu,8.7256,77.7134
627010,Tirunelveli,Tamil Nadu,8.7158,77.6056
627011,Tirunelveli,Tamil Nadu,8.7051,77.7759
627012,Tirunelveli,Tamil Nadu,8.7727,77.6271
627101,Tirunelveli,Tamil Nadu,8.4285,77.6479
627102,Tirunelveli,Tamil Nadu,8.4625,77.5848
627103,Tirunelveli,Tamil Nadu,8.4441,77.6082
627104,Tirunelveli,Tamil Nadu,8.2163,77.7444
627105,Tirunelveli,Tamil Nadu,8.5727,77.7536
627106,Tirunelveli,Tamil Nadu,8.1933,77.6611
627107,Tirunelveli,Tamil Nadu,8.4857,77.5593
627108,Tirunelveli,Tamil Nadu,8.4885,77.6867
627109,Tirunelveli,Tamil Nadu,8.3254,77.5909
627110,Tirunelveli,Tamil Nadu,8.4279,77.7330
627111,Tirunelveli,Tamil Nadu,8.2562,77.7196
627112,Tirunelveli,Tamil Nadu,8.3357,77.7198
627113,Tirunelveli,Tamil Nadu,8.3503,77.6665
627114,Tirunelveli,Tamil Nadu,8.1843,77.5772
627115,Tirunelveli,Tamil Nadu,8.4364,77.5674
627116,Tirunelveli,Tamil Nadu,8.2353,77.6356
627117,Tirunelveli,Tamil Nadu,8.3840,77.6164
627118,Tirunelveli,Tamil Nadu,8.4100,77.7908
627119,Tirunelveli,Tamil Nadu,8.4035,77.7501
627120,Tirunelveli,Tamil Nadu,8.1661,77.6199
627127,Tirunelveli,Tamil Nadu,8.1543,77.5902
627133,Tirunelveli,Tamil Nadu,8.2822,77.5786
627151,Tirunelveli,Tamil Nadu,8.6000,77.7170
627152,Tirunelveli,Tamil Nadu,8.5866,77.6572
627201,Tirunelveli,Tamil Nadu,8.8869,77.6500
627202,Tirunelveli,Tamil Nadu,8.9092,77.6140
627351,Tirunelveli,Tamil Nadu,8.7587,77.8010
627352,Tuticorin,Tamil Nadu,8.8731,77.8135
627353,Tirunelveli,Tamil Nadu,8.7700,77.8784
627354,Tirunelveli,Tamil Nadu,8.5587,77.7556
627355,Tirunelveli,Tamil Nadu,8.4813,77.7949
627356,Tirunelveli,Tamil Nadu,8.6836,77.6867
627357,Tirunelveli,Tamil Nadu,8.8024,77.7154
627358,Tirunelveli,Tamil Nadu,8.7544,77.7030
627359,Tirunelveli,Tamil Nadu,8.7988,77.7692
627401,Tirunelveli,Tamil Nadu,8.7044,77.4511
627412,Tenkasi,Tamil Nadu,8.7840,77.3897
627413,Tirunelveli,Tamil Nadu,8.7303,77.4623
627414,Tirunelveli,Tamil Nadu,8.6508,77.5664
627415,Tenkasi,Tamil Nadu,8.8486,77.3925
627416,Tirunelveli,Tamil Nadu,8.6812,77.4644
627417,Tirunelveli,Tamil Nadu,8.6265,77.6527
627418,Tenkasi,Tamil Nadu,8.7660,77.3823
627420,Tirunelveli,Tamil Nadu,8.5694,77.4075
627421,Tirunelveli,Tamil Nadu,8.6653,77.4283
627422,Tirunelveli,Tamil Nadu,8.7126,77.3836
627423,Tenkasi,Tamil Nadu,8.8006,77.4188
627424,Tenkasi,Tamil Nadu,8.8081,77.3612
627425,Tirunelveli,Tamil Nadu,8.7122,77.3881
627426,Tirunelveli,Tamil Nadu,8.7020,77.5064
627427,Tirunelveli,Tamil Nadu,8.5530,77.3596
627428,Tirunelveli,Tamil Nadu,8.5727,77.7536
627451,Tirunelveli,Tamil Nadu,8.6743,77.6391
627452,Tirunelveli,Tamil Nadu,8.6678,77.6168
627453,Tirunelveli,Tamil Nadu,8.6787,77.5896
627501,Tirunelveli,Tamil Nadu,8.5188,77.5587
627502,Tirunelveli,Tamil Nadu,8.5572,77.5698
627601,Tirunelveli,Tamil Nadu,8.7452,77.5263
627602,Tirunelveli,Tamil Nadu,8.7504,77.5059
627603,Tirunelveli,Tamil Nadu,8.7201,77.5447
627604,Tirunelveli,Tamil Nadu,8.6497,77.5829
627651,Tirunelveli,Tamil Nadu,8.3051,77.8903
627652,Tirunelveli,Tamil Nadu,8.4007,77.8452
627654,Tirunelveli,Tamil Nadu,8.3123,77.8131
627657,Tirunelveli,Tamil Nadu,8.3380,77.8356
627713,Tenkasi,Tamil Nadu,9.2053,77.6985
627719,Tenkasi,Tamil Nadu,9.1865,77.5704
627751,Tenkasi,Tamil Nadu,9.0734,77.3337
627753,Tenkasi,Tamil Nadu,9.2553,77.5281
627754,Tenkasi,Tamil Nadu,9.1608,77.5951
627755,Tenkasi,Tamil Nadu,9.1692,77.4342
627756,Tenkasi,Tamil Nadu,9.1667,77.5062
627757,Tenkasi,Tamil Nadu,9.3217,77.4376
627758,Tenkasi,Tamil Nadu,9.2235,77.4092
627759,Tenkasi,Tamil Nadu,9.0786,77.3196
627760,Tenkasi,Tamil Nadu,9.2485,77.3964
627761,Tenkasi,Tamil Nadu,9.2467,77.4639
627764,Tenkasi,Tamil Nadu,9.2863,77.4378
627802,Tenkasi,Tamil Nadu,8.9221,77.2455
627803,Tenkasi,Tamil Nadu,8.9960,77.2639
627804,Tenkasi,Tamil Nadu,9.0128,77.3036
627805,Tenkasi,Tamil Nadu,8.9549,77.2519
627806,Tenkasi,Tamil Nadu,8.9255,77.3810
627807,Tenkasi,Tamil Nadu,9.0159,77.2415
627808,Tenkasi,Tamil Nadu,8.8698,77.3549
627809,Tenkasi,Tamil Nadu,8.9693,77.2334
627811,Tenkasi,Tamil Nadu,8.9423,77.2797
627812,Tenkasi,Tamil Nadu,9.0321,77.2493
627813,Tenkasi,Tamil Nadu,8.9767,77.1960
627814,Tenkasi,Tamil Nadu,8.9296,77.3124
627818,Tenkasi,Tamil Nadu,8.9428,77.2839
627851,Tenkasi,Tamil Nadu,8.8266,77.4699
627852,Tenkasi,Tamil Nadu,9.0014,77.3240
627853,Tenkasi,Tamil Nadu,8.8728,77.5011
627854,Tenkasi,Tamil Nadu,8.9067,77.5008
627855,Tenkasi,Tamil Nadu,9.1442,77.3805
627856,Tenkasi,Tamil Nadu,9.0066,77.3719
627857,Tenkasi,Tamil Nadu,9.0590,77.4220
627858,Tenkasi,Tamil Nadu,8.9619,77.3615
627859,Tenkasi,Tamil Nadu,8.9682,77.4129
627860,Tenkasi,Tamil Nadu,8.9907,77.4948
627861,Tenkasi,Tamil Nadu,8.9201,77.4218
627862,Tenkasi,Tamil Nadu,9.1019,77.4359
627951,Tirunelveli,Tamil Nadu,8.9729,77.6403
627953,Tenkasi,Tamil Nadu,9.0879,77.5740
628001,Tuticorin,Tamil Nadu,8.8039,78.1623
628002,Tuticorin,Tamil Nadu,8.8254,78.1351
628003,Tuticorin,Tamil Nadu,8.7257,78.2026
628004,Tuticorin,Tamil Nadu,8.7569,78.1730
628005,Tuticorin,Tamil Nadu,8.7389,78.1248
628006,Tuticorin,Tamil Nadu,8.5701,78.2435
628007,Tuticorin,Tamil Nadu,8.7353,78.1225
628008,Tuticorin,Tamil Nadu,8.7954,78.1267
628101,Tuticorin,Tamil Nadu,8.7764,78.0954
628102,Tuticorin,Tamil Nadu,8.7148,77.9523
628103,Tuticorin,Tamil Nadu,8.7466,78.0597
628104,Tuticorin,Tamil Nadu,8.8919,77.9226
628105,Tuticorin,Tamil Nadu,8.9157,78.1626
628151,Tuticorin,Tamil Nadu,8.6213,78.0652
628152,Tuticorin,Tamil Nadu,8.6905,78.0909
628201,Tuticorin,Tamil Nadu,8.5518,78.0688
628202,Tuticorin,Tamil Nadu,8.5671,78.0930
628203,Tuticorin,Tamil Nadu,8.4241,78.0156
628204,Tuticorin,Tamil Nadu,8.5655,78.1232
628205,Tuticorin,Tamil Nadu,8.5096,78.0460
628206,Tuticorin,Tamil Nadu,8.3989,78.0466
628207,Tuticorin,Tamil Nadu,8.5906,78.0508
628208,Tuticorin,Tamil Nadu,8.4594,78.0422
628209,Tuticorin,Tamil Nadu,8.3779,78.0567
628210,Tuticorin,Tamil Nadu,8.4712,77.9833
628211,Tuticorin,Tamil Nadu,8.4564,77.9486
628212,Tuticorin,Tamil Nadu,8.5778,78.0445
628213,Tuticorin,Tamil Nadu,8.4926,78.0393
628215,Tuticorin,Tamil Nadu,8.4977,78.1251
628216,Tuticorin,Tamil Nadu,8.5200,78.1161
628217,Tuticorin,Tamil Nadu,8.7257,78.2026
628218,Tuticorin,Tamil Nadu,8.5299,78.0578
628219,Tuticorin,Tamil Nadu,8.4726,78.0521
628229,Tuticorin,Tamil Nadu,8.5919,78.0875
628251,Tuticorin,Tamil Nadu,8.6689,78.0242
628252,Tuticorin,Tamil Nadu,8.7172,77.8314
628301,Tuticorin,Tamil Nadu,8.8841,78.0217
628302,Tuticorin,Tamil Nadu,8.8951,77.8969
628303,Tuticorin,Tamil Nadu,8.8279,77.8482
628304,Tuticorin,Tamil Nadu,8.8145,78.0252
628401,Tuticorin,Tamil Nadu,8.9636,78.0107
628402,Tuticorin,Tamil Nadu,8.8716,78.0217
628501,Tuticorin,Tamil Nadu,,
628502,Tuticorin,Tamil Nadu,9.1321,77.8468
628503,Tuticorin,Tamil Nadu,,
628552,Tenkasi,Tamil Nadu,9.0565,77.6019
628601,Tuticorin,Tamil Nadu,8.6312,77.9111
628612,Tuticorin,Tamil Nadu,8.6052,77.9439
628613,Tuticorin,Tamil Nadu,8.5291,77.8625
628614,Tuticorin,Tamil Nadu,8.5986,77.9734
628615,Tuticorin,Tamil Nadu,8.6445,77.8553
628616,Tuticorin,Tamil Nadu,8.5719,77.9827
628617,Tuticorin,Tamil Nadu,8.5539,77.9536
628618,Tuticorin,Tamil Nadu,8.5749,78.0131
628619,Tuticorin,Tamil Nadu,8.6564,77.8646
628620,Tuticorin,Tamil Nadu,8.6514,77.9552
628621,Tuticorin,Tamil Nadu,8.6320,77.8932
628622,Tuticorin,Tamil Nadu,8.5772,77.8423
628623,Tuticorin,Tamil Nadu,8.4956,78.1192
628653,Tuticorin,Tamil Nadu,8.3739,77.9345
628656,Tuticorin,Tamil Nadu,8.3406,77.9142
628701,Tuticorin,Tamil Nadu,8.5259,77.9073
628702,Tuticorin,Tamil Nadu,8.4113,77.9480
628703,Tuticorin,Tamil Nadu,8.3673,77.9822
628704,Tuticorin,Tamil Nadu,8.4397,77.8882
628712,Tuticorin,Tamil Nadu,9.0282,78.0789
628714,Tuticorin,Tamil Nadu,8.9766,77.8315
628716,Tuticorin,Tamil Nadu,9.0571,77.7888
628718,Tuticorin,Tamil Nadu,8.9931,77.9343
628720,Tuticorin,Tamil Nadu,9.0773,77.8763
628721,Tuticorin,Tamil Nadu,8.8427,77.8085
628722,Tuticorin,Tamil Nadu,8.9582,78.0747
628751,Tuticorin,Tamil Nadu,8.6562,77.9977
628752,Tuticorin,Tamil Nadu,8.7257,78.2026
628753,Tuticorin,Tamil Nadu,8.6379,77.9736
628801,Tuticorin,Tamil Nadu,8.6285,78.0395
628802,Tuticorin,Tamil Nadu,8.6331,78.0206
628809,Tuticorin,Tamil Nadu,8.6621,77.8295
628851,Tuticorin,Tamil Nadu,8.7431,77.9207
628901,Tuticorin,Tamil Nadu,9.0876,78.2591
628902,Tuticorin,Tamil Nadu,9.1319,78.0096
628903,Tuticorin,Tamil Nadu,8.9942,78.2259
628904,Tuticorin,Tamil Nadu,,
628905,Tuticorin,Tamil Nadu,,
628906,Tuticorin,Tamil Nadu,8.9861,78.2355
628907,Tuticorin,Tamil Nadu,9.0483,78.1244
628908,Tuticorin,Tamil Nadu,9.0308,77.9792
628952,Tuticorin,Tamil Nadu,8.9367,77.7250
629001,Kanniyakumari,Tamil Nadu,8.1902,77.4313
629002,Kanniyakumari,Tamil Nadu,8.1600,77.4398
629003,Kanniyakumari,Tamil Nadu,8.1900,77.4000
629004,Kanniyakumari,Tamil Nadu,8.1565,77.4013
629101,Kanniyakumari,Tamil Nadu,8.4550,77.2400
629102,Kanniyakumari,Tamil Nadu,8.5161,77.3161
629151,Kanniyakumari,Tamil Nadu,8.3736,77.2360
629152,Kanniyakumari,Tamil Nadu,8.3750,77.2050
629153,Kanniyakumari,Tamil Nadu,8.3300,77.1706
629154,Kanniyakumari,Tamil Nadu,8.2620,77.1881
629155,Kanniyakumari,Tamil Nadu,8.2948,77.2472
629156,Kanniyakumari,Tamil Nadu,8.2376,77.2571
629157,Kanniyakumari,Tamil Nadu,8.2341,77.2150
629158,Kanniyakumari,Tamil Nadu,8.2857,77.2673
629159,Kanniyakumari,Tamil Nadu,8.1997,77.2500
629160,Kanniyakumari,Tamil Nadu,8.2800,77.1400
629161,Kanniyakumari,Tamil Nadu,8.3638,77.2992
629162,Kanniyakumari,Tamil Nadu,8.2900,77.2033
629163,Kanniyakumari,Tamil Nadu,8.3200,77.2060
629164,Kanniyakumari,Tamil Nadu,8.2946,77.3038
629165,Kanniyakumari,Tamil Nadu,8.3063,77.2223
629166,Kanniyakumari,Tamil Nadu,8.2950,77.2994
629167,Kanniyakumari,Tamil Nadu,8.2600,77.2881
629168,Kanniyakumari,Tamil Nadu,8.3500,77.2200
629169,Kanniyakumari,Tamil Nadu,8.2666,77.2546
629170,Kanniyakumari,Tamil Nadu,8.3744,77.1581
629171,Kanniyakumari,Tamil Nadu,8.2800,77.1900
629172,Kanniyakumari,Tamil Nadu,8.3015,77.1648
629173,Kanniyakumari,Tamil Nadu,8.2400,77.1743
629174,Kanniyakumari,Tamil Nadu,8.2448,77.3055
629175,Kanniyakumari,Tamil Nadu,8.2448,77.3221
629176,Kanniyakumari,Tamil Nadu,8.2602,77.1466
629177,Kanniyakumari,Tamil Nadu,8.3250,77.2747
629178,Kanniyakumari,Tamil Nadu,8.2584,77.2283
629179,Kanniyakumari,Tamil Nadu,8.3079,77.2404
629180,Kanniyakumari,Tamil Nadu,8.2200,77.3505
629193,Kanniyakumari,Tamil Nadu,8.2260,77.1800
629201,Kanniyakumari,Tamil Nadu,8.1600,77.3800
629202,Kanniyakumari,Tamil Nadu,8.1264,77.3285
629203,Kanniyakumari,Tamil Nadu,8.1608,77.3434
629204,Kanniyakumari,Tamil Nadu,8.1569,77.3201
629251,Kanniyakumari,Tamil Nadu,8.1800,77.2616
629252,Kanniyakumari,Tamil Nadu,8.1382,77.3650
629301,Kanniyakumari,Tamil Nadu,8.2450,77.5300
629302,Kanniyakumari,Tamil Nadu,8.2200,77.4800
629401,Kanniyakumari,Tamil Nadu,8.1473,77.5600
629402,Kanniyakumari,Tamil Nadu,8.1731,77.5000
629403,Kanniyakumari,Tamil Nadu,8.1519,77.4984
629501,Kanniyakumari,Tamil Nadu,8.1207,77.4100
629502,Kanniyakumari,Tamil Nadu,8.1308,77.3636
629601,Kanniyakumari,Tamil Nadu,8.1100,77.4400
629602,Kanniyakumari,Tamil Nadu,8.1077,77.4650
629701,Kanniyakumari,Tamil Nadu,8.1142,77.4998
629702,Kanniyakumari,Tamil Nadu,8.1000,77.5400
629703,Kanniyakumari,Tamil Nadu,8.1300,77.5100
629704,Kanniyakumari,Tamil Nadu,8.1635,77.4750
629801,Kanniyakumari,Tamil Nadu,8.1946,77.3600
629802,Kanniyakumari,Tamil Nadu,8.1900,77.3056
629803,Kanniyakumari,Tamil Nadu,8.1933,77.2800
629804,Kanniyakumari,Tamil Nadu,8.2100,77.2900
629809,Kanniyakumari,Tamil Nadu,8.2007,77.3477
629810,Kanniyakumari,Tamil Nadu,8.2061,77.3264
629851,Kanniyakumari,Tamil Nadu,8.3108,77.4250
629852,Kanniyakumari,Tamil Nadu,8.2600,77.4427
629901,Kanniyakumari,Tamil Nadu,8.2200,77.4500
630001,Sivaganga,Tamil Nadu,10.0630,78.7604
630002,Sivaganga,Tamil Nadu,10.0765,78.7716
630003,Sivaganga,Tamil Nadu,10.0748,78.7832
630005,Sivaganga,Tamil Nadu,,
630101,Sivaganga,Tamil Nadu,,
630102,Sivaganga,Tamil Nadu,,
630103,Sivaganga,Tamil Nadu,10.1851,78.7678
630104,Sivaganga,Tamil Nadu,9.8536,78.4874
630105,Sivaganga,Tamil Nadu,9.8536,78.4874
630106,Sivaganga,Tamil Nadu,9.8536,78.4874
630107,Sivaganga,Tamil Nadu,10.1490,78.8019
630108,Sivaganga,Tamil Nadu,10.1030,78.8451
630201,Sivaganga,Tamil Nadu,10.1891,78.5289
630202,Sivaganga,Tamil Nadu,10.0431,78.8084
630203,Sivaganga,Tamil Nadu,10.1850,78.5800
630204,Sivaganga,Tamil Nadu,10.0450,78.6000
630205,Sivaganga,Tamil Nadu,9.8536,78.4874
630206,Sivaganga,Tamil Nadu,9.8536,78.4874
630207,Sivaganga,Tamil Nadu,10.0797,78.6702
630208,Sivaganga,Tamil Nadu,10.1126,78.7412
630210,Sivaganga,Tamil Nadu,9.9668,78.5137
630211,Sivaganga,Tamil Nadu,10.1150,78.5600
630212,Sivaganga,Tamil Nadu,10.1808,78.6658
630301,Sivaganga,Tamil Nadu,10.0327,78.7709
630302,Sivaganga,Tamil Nadu,9.9463,78.8222
630303,Sivaganga,Tamil Nadu,9.7536,78.6279
630305,Sivaganga,Tamil Nadu,9.9978,78.6850
630306,Sivaganga,Tamil Nadu,9.9163,78.6135
630307,Sivaganga,Tamil Nadu,10.0641,78.7206
630309,Sivaganga,Tamil Nadu,10.1252,78.6085
630311,Sivaganga,Tamil Nadu,9.9177,78.7743
630312,Sivaganga,Tamil Nadu,9.8469,78.8634
630313,Sivaganga,Tamil Nadu,10.0100,78.5800
630314,Sivaganga,Tamil Nadu,9.9957,78.8188
630321,Sivaganga,Tamil Nadu,9.8318,78.5837
630405,Sivaganga,Tamil Nadu,9.8536,78.4874
630408,Sivaganga,Tamil Nadu,9.8000,78.7600
630410,Sivaganga,Tamil Nadu,9.8536,78.4874
630411,Sivaganga,Tamil Nadu,9.8501,78.7300
630501,Sivaganga,Tamil Nadu,10.1932,78.4319
630502,Sivaganga,Tamil Nadu,10.1829,78.4230
630551,Sivaganga,Tamil Nadu,9.8250,78.6550
630552,Sivaganga,Tamil Nadu,9.9168,78.4787
630553,Sivaganga,Tamil Nadu,10.0000,78.4874
630554,Sivaganga,Tamil Nadu,9.7700,78.6600
630555,Sivaganga,Tamil Nadu,9.9200,78.6400
630556,Sivaganga,Tamil Nadu,9.8400,78.5900
630557,Sivaganga,Tamil Nadu,9.9150,78.5100
630558,Sivaganga,Tamil Nadu,9.9068,78.5237
630559,Sivaganga,Tamil Nadu,9.8050,78.4100
630561,Sivaganga,Tamil Nadu,9.6768,78.3887
630562,Sivaganga,Tamil Nadu,9.8500,78.4500
630566,Sivaganga,Tamil Nadu,10.0300,78.4874
630602,Sivaganga,Tamil Nadu,9.8018,78.4387
630606,Sivaganga,Tamil Nadu,9.5981,78.5586
630609,Sivaganga,Tamil Nadu,9.6900,78.4300
630610,Sivaganga,Tamil Nadu,9.7500,78.3300
630611,Sivaganga,Tamil Nadu,9.8156,78.2490
630612,Sivaganga,Tamil Nadu,9.8250,78.2000
630702,Sivaganga,Tamil Nadu,9.6300,78.6246
630709,Sivaganga,Tamil Nadu,9.6750,78.6350
630710,Sivaganga,Tamil Nadu,9.6300,78.7250
630713,Sivaganga,Tamil Nadu,9.7050,78.7250
631001,Ranipet,Tamil Nadu,13.0856,79.6764
631002,Ranipet,Tamil Nadu,13.0827,79.6282
631003,Ranipet,Tamil Nadu,13.1318,79.6708
631004,Ranipet,Tamil Nadu,13.1108,79.6929
631005,Ranipet,Tamil Nadu,12.9999,79.6185
631006,Ranipet,Tamil Nadu,13.1413,79.7168
631051,Ranipet,Tamil Nadu,12.9681,79.5863
631052,Ranipet,Tamil Nadu,12.9173,79.5830
631101,Ranipet,Tamil Nadu,13.1051,79.6171
631102,Ranipet,Tamil Nadu,13.0827,79.6708
631151,Ranipet,Tamil Nadu,13.0827,79.6708
631152,Ranipet,Tamil Nadu,,
631201,Thiruvallur,Tamil Nadu,12.8270,79.6873
631202,Thiruvallur,Tamil Nadu,13.1733,79.6168
631203,Thiruvallur,Tamil Nadu,13.0946,79.8717
631204,Thiruvallur,Tamil Nadu,13.1435,79.8932
631205,Thiruvallur,Tamil Nadu,13.1733,79.6168
631206,Thiruvallur,Tamil Nadu,13.1733,79.6168
631207,Thiruvallur,Tamil Nadu,,
631208,Thiruvallur,Tamil Nadu,13.1381,79.8231
631209,Thiruvallur,Tamil Nadu,13.1687,79.6168
631210,Thiruvallur,Tamil Nadu,13.1668,79.7484
631211,Thiruvallur,Tamil Nadu,13.1733,79.6168
631212,Thiruvallur,Tamil Nadu,13.1733,79.6624
631213,Thiruvallur,Tamil Nadu,13.1733,79.6168
631301,Thiruvallur,Tamil Nadu,13.1733,79.6168
631302,Thiruvallur,Tamil Nadu,13.1161,79.8716
631303,Thiruvallur,Tamil Nadu,12.9999,79.6185
631304,Thiruvallur,Tamil Nadu,13.1685,79.6168
631402,Thiruvallur,Tamil Nadu,13.0249,79.8263
631501,Kanchipuram,Tamil Nadu,12.8333,79.7068
631502,Kanchipuram,Tamil Nadu,12.8522,79.7116
631551,Kanchipuram,Tamil Nadu,12.8342,79.7036
631552,Kanchipuram,Tamil Nadu,12.8342,79.7036
631553,Kanchipuram,Tamil Nadu,12.9675,79.9418
631561,Kanchipuram,Tamil Nadu,12.8366,79.7105
631601,Kanchipuram,Tamil Nadu,12.8342,79.7036
631603,Kanchipuram,Tamil Nadu,12.8342,79.7036
631604,Kanchipuram,Tamil Nadu,12.9463,79.9418
631605,Kanchipuram,Tamil Nadu,12.7956,79.7575
631606,Kanchipuram,Tamil Nadu,12.7798,79.8760
631701,Tiruvannamalai,Tamil Nadu,12.2352,79.0766
631702,Tiruvannamalai,Tamil Nadu,12.7752,79.6805
632001,Vellore,Tamil Nadu,12.9085,79.1336
632002,Vellore,Tamil Nadu,12.8924,79.1256
632004,Vellore,Tamil Nadu,12.9246,79.1344
632006,Vellore,Tamil Nadu,12.9497,79.1260
632007,Vellore,Tamil Nadu,12.9912,79.1444
632008,Vellore,Tamil Nadu,,
632009,Vellore,Tamil Nadu,12.9326,79.1871
632010,Vellore,Tamil Nadu,12.9222,79.0940
632011,Vellore,Tamil Nadu,12.8124,79.1297
632012,Vellore,Tamil Nadu,12.9156,79.1320
632013,Vellore,Tamil Nadu,12.9270,79.1065
632014,Vellore,Tamil Nadu,12.9682,79.1636
632055,Vellore,Tamil Nadu,12.8919,79.1101
632057,Vellore,Tamil Nadu,,
632058,Vellore,Tamil Nadu,12.8480,79.0947
632059,Vellore,Tamil Nadu,12.9872,79.1272
632101,Vellore,Tamil Nadu,12.8720,78.9824
632102,Tiruvannamalai,Tamil Nadu,12.6884,79.0324
632103,Vellore,Tamil Nadu,12.7407,78.9348
632104,Vellore,Tamil Nadu,12.9159,79.0247
632105,Vellore,Tamil Nadu,12.8765,79.0528
632106,Vellore,Tamil Nadu,12.9982,79.1912
632107,Vellore,Tamil Nadu,12.7809,78.8524
632113,Vellore,Tamil Nadu,12.7784,79.0839
632114,Vellore,Tamil Nadu,12.9156,79.0500
632115,Vellore,Tamil Nadu,12.9156,79.1320
632201,Vellore,Tamil Nadu,12.9642,78.9813
632202,Vellore,Tamil Nadu,12.9800,79.0629
632203,Vellore,Tamil Nadu,13.0019,78.9907
632204,Vellore,Tamil Nadu,12.9641,79.0142
632209,Vellore,Tamil Nadu,12.9624,78.9656
632301,Tiruvannamalai,Tamil Nadu,12.6696,79.2854
632311,Tiruvannamalai,Tamil Nadu,,
632312,Vellore,Tamil Nadu,,
632313,Tiruvannamalai,Tamil Nadu,12.7290,79.6059
632314,Tiruvannamalai,Tamil Nadu,12.7290,79.6059
632315,Tiruvannamalai,Tamil Nadu,12.7209,79.1815
632316,Tiruvannamalai,Tamil Nadu,12.7290,79.6059
632317,Tiruvannamalai,Tamil Nadu,12.5667,79.7072
632318,Ranipet,Tamil Nadu,12.9045,79.3191
632319,Vellore,Tamil Nadu,12.7732,79.1842
632326,Tiruvannamalai,Tamil Nadu,12.7231,79.5738
632401,Ranipet,Tamil Nadu,12.9283,79.3325
632403,Ranipet,Tamil Nadu,12.9460,79.3470
632404,Ranipet,Tamil Nadu,12.9269,79.3289
632405,Ranipet,Tamil Nadu,12.9250,79.3668
632406,Ranipet,Tamil Nadu,12.9156,79.1320
632501,Ranipet,Tamil Nadu,12.9250,79.3668
632502,Ranipet,Tamil Nadu,13.0827,79.6708
632503,Ranipet,Tamil Nadu,12.9045,79.3191
632504,Ranipet,Tamil Nadu,12.9045,79.3191
632505,Ranipet,Tamil Nadu,13.0090,79.4925
632506,Ranipet,Tamil Nadu,12.8152,79.3839
632507,Ranipet,Tamil Nadu,12.9045,79.3191
632508,Ranipet,Tamil Nadu,12.9250,79.3668
632509,Ranipet,Tamil Nadu,12.9182,79.3197
632510,Ranipet,Tamil Nadu,13.0827,79.6708
632511,Tiruvannamalai,Tamil Nadu,12.6590,79.5430
632512,Ranipet,Tamil Nadu,12.8347,79.3192
632513,Ranipet,Tamil Nadu,12.9322,79.3664
632514,Vellore,Tamil Nadu,13.1381,79.2524
632515,Vellore,Tamil Nadu,13.0059,79.2079
632516,Vellore,Tamil Nadu,12.9776,79.2565
632517,Ranipet,Tamil Nadu,12.9250,79.3668
632518,Ranipet,Tamil Nadu,12.9020,79.3567
632519,Vellore,Tamil Nadu,12.9165,79.2112
632520,Vellore,Tamil Nadu,13.0454,79.2593
632521,Ranipet,Tamil Nadu,12.8984,79.3072
632531,Ranipet,Tamil Nadu,12.9304,79.5152
632601,Vellore,Tamil Nadu,12.9955,78.8654
632602,Vellore,Tamil Nadu,12.9448,78.8657
632603,Vellore,Tamil Nadu,13.0616,78.9536
632604,Vellore,Tamil Nadu,12.9748,78.8174
635001,Krishnagiri,Tamil Nadu,12.5261,78.2192
635002,Krishnagiri,Tamil Nadu,12.5186,78.2137
635101,Krishnagiri,Tamil Nadu,12.5186,78.2137
635102,Krishnagiri,Tamil Nadu,12.5275,78.2162
635103,Krishnagiri,Tamil Nadu,12.7330,77.8302
635104,Krishnagiri,Tamil Nadu,12.5310,78.2035
635105,Krishnagiri,Tamil Nadu,12.7330,77.9028
635106,Dharmapuri,Tamil Nadu,12.5186,78.2137
635107,Krishnagiri,Tamil Nadu,12.5498,77.8328
635108,Krishnagiri,Tamil Nadu,12.5186,78.2162
635109,Krishnagiri,Tamil Nadu,12.7402,77.8586
635110,Krishnagiri,Tamil Nadu,12.6501,77.8056
635111,Dharmapuri,Tamil Nadu,12.3106,78.1880
635112,Krishnagiri,Tamil Nadu,12.5186,78.2137
635113,Krishnagiri,Tamil Nadu,12.5907,77.8295
635114,Krishnagiri,Tamil Nadu,12.7330,77.8302
635115,Krishnagiri,Tamil Nadu,12.5375,78.2065
635116,Krishnagiri,Tamil Nadu,12.5121,78.0265
635117,Krishnagiri,Tamil Nadu,12.7330,77.8302
635118,Krishnagiri,Tamil Nadu,12.5275,78.2162
635119,Krishnagiri,Tamil Nadu,12.6065,77.9425
635120,Krishnagiri,Tamil Nadu,12.5186,78.2137
635121,Krishnagiri,Tamil Nadu,12.5186,78.2137
635122,Krishnagiri,Tamil Nadu,12.5186,78.2137
635123,Krishnagiri,Tamil Nadu,12.5292,78.2098
635124,Krishnagiri,Tamil Nadu,12.5275,78.2162
635126,Krishnagiri,Tamil Nadu,12.7400,77.8170
635130,Krishnagiri,Tamil Nadu,12.7330,77.8302
635201,Krishnagiri,Tamil Nadu,12.1274,78.1580
635202,Dharmapuri,Tamil Nadu,12.1846,78.3494
635203,Krishnagiri,Tamil Nadu,12.5310,78.2035
635204,Krishnagiri,Tamil Nadu,12.5310,78.2035
635205,Dharmapuri,Tamil Nadu,12.2134,78.1815
635206,Krishnagiri,Tamil Nadu,12.5310,78.2235
635207,Krishnagiri,Tamil Nadu,12.2630,78.4990
635301,Dharmapuri,Tamil Nadu,11.9136,78.3600
635302,Dharmapuri,Tamil Nadu,12.0300,78.2900
635303,Dharmapuri,Tamil Nadu,12.1091,78.2945
635304,Krishnagiri,Tamil Nadu,12.2193,78.4689
635305,Dharmapuri,Tamil Nadu,12.0514,78.4800
635306,Krishnagiri,Tamil Nadu,12.3258,78.4856
635307,Krishnagiri,Tamil Nadu,12.4297,78.3985
635601,Tirupathur,Tamil Nadu,12.4973,78.5649
635602,Tirupathur,Tamil Nadu,12.4892,78.5553
635651,Tirupathur,Tamil Nadu,12.5248,78.5081
635652,Tirupathur,Tamil Nadu,12.4004,78.6007
635653,Tirupathur,Tamil Nadu,12.4816,78.6170
635654,Tirupathur,Tamil Nadu,12.4271,78.4802
635655,Tirupathur,Tamil Nadu,12.4044,78.6871
635701,Tirupathur,Tamil Nadu,12.5963,78.7960
635702,Tirupathur,Tamil Nadu,12.5262,78.6534
635703,Tiruvannamalai,Tamil Nadu,12.5800,78.9826
635710,Tirupathur,Tamil Nadu,12.5671,78.7141
635751,Tirupathur,Tamil Nadu,12.6791,78.6122
635752,Tirupathur,Tamil Nadu,12.6476,78.6711
635754,Tirupathur,Tamil Nadu,12.7028,78.6158
635801,Tirupathur,Tamil Nadu,12.6760,78.5572
635802,Tirupathur,Tamil Nadu,12.7858,78.7186
635803,Vellore,Tamil Nadu,12.9378,78.9189
635804,Vellore,Tamil Nadu,12.8475,78.8915
635805,Vellore,Tamil Nadu,12.8663,78.7796
635806,Vellore,Tamil Nadu,12.9187,78.8658
635807,Tirupathur,Tamil Nadu,12.7358,78.6849
635808,Tirupathur,Tamil Nadu,12.8407,78.7172
635809,Vellore,Tamil Nadu,12.9036,78.9283
635810,Vellore,Tamil Nadu,12.9450,78.7254
635811,Tirupathur,Tamil Nadu,12.7882,78.6819
635812,Tirupathur,Tamil Nadu,12.8444,78.7824
635813,Vellore,Tamil Nadu,12.8888,78.8284
635814,Tirupathur,Tamil Nadu,12.7548,78.7102
635815,Tirupathur,Tamil Nadu,12.6198,78.5643
635851,Tirupathur,Tamil Nadu,12.5741,78.5824
635852,Tirupathur,Tamil Nadu,12.5914,78.5210
635853,Tirupathur,Tamil Nadu,12.5617,78.6324
635854,Tirupathur,Tamil Nadu,12.5777,78.4687
635901,Tirupathur,Tamil Nadu,12.4862,78.4601
636001,Salem,Tamil Nadu,11.6560,78.1619
636002,Salem,Tamil Nadu,11.6530,78.1451
636003,Salem,Tamil Nadu,11.6605,78.1814
636004,Salem,Tamil Nadu,11.6740,78.1341
636005,Salem,Tamil Nadu,11.6709,78.1119
636006,Salem,Tamil Nadu,11.6412,78.1507
636007,Salem,Tamil Nadu,11.6659,78.1599
636008,Salem,Tamil Nadu,11.6909,78.1763
636009,Salem,Tamil Nadu,11.6604,78.1411
636010,Salem,Tamil Nadu,11.6209,78.1173
636011,Salem,Tamil Nadu,11.7199,78.0773
636012,Salem,Tamil Nadu,11.7417,78.1117
636013,Salem,Tamil Nadu,11.6699,78.0299
636014,Salem,Tamil Nadu,11.6647,78.1990
636015,Salem,Tamil Nadu,11.6445,78.1690
636016,Salem,Tamil Nadu,11.6772,78.1455
636017,Salem,Tamil Nadu,11.6706,78.2132
636030,Salem,Tamil Nadu,11.6718,78.0543
636101,Salem,Tamil Nadu,,
636102,Salem,Tamil Nadu,,
636103,Salem,Tamil Nadu,11.6752,78.2424
636104,Salem,Tamil Nadu,11.7294,78.4103
636105,Salem,Tamil Nadu,,
636106,Salem,Tamil Nadu,11.6740,78.2796
636107,Salem,Tamil Nadu,11.5675,78.4949
636108,Salem,Tamil Nadu,11.6090,78.5369
636109,Salem,Tamil Nadu,11.6286,78.5154
636110,Salem,Tamil Nadu,11.4580,78.5242
636111,Salem,Tamil Nadu,11.6530,78.3312
636112,Salem,Tamil Nadu,,
636113,Salem,Tamil Nadu,11.4452,78.4828
636114,Salem,Tamil Nadu,11.7407,78.4845
636115,Salem,Tamil Nadu,11.6433,78.4096
636116,Salem,Tamil Nadu,,
636117,Salem,Tamil Nadu,11.7020,78.4541
636118,Namakkal,Tamil Nadu,11.4918,78.4072
636119,Salem,Tamil Nadu,11.6400,78.4771
636121,Salem,Tamil Nadu,,
636122,Salem,Tamil Nadu,11.7115,78.2498
636138,Salem,Tamil Nadu,11.6699,78.1146
636139,Salem,Tamil Nadu,11.7237,78.3338
636140,Salem,Tamil Nadu,11.6621,78.2138
636141,Salem,Tamil Nadu,11.6699,78.1146
636142,Namakkal,Tamil Nadu,11.4314,78.3803
636201,Salem,Tamil Nadu,11.6060,78.1461
636202,Namakkal,Tamil Nadu,11.5639,78.3791
636203,Salem,Tamil Nadu,11.5601,78.1276
636204,Salem,Tamil Nadu,11.5696,78.2015
636301,Namakkal,Tamil Nadu,11.5004,78.1628
636302,Salem,Tamil Nadu,11.6795,78.1070
636303,Salem,Tamil Nadu,11.8409,77.7341
636304,Salem,Tamil Nadu,11.7025,78.0543
636305,Salem,Tamil Nadu,11.8290,78.0749
636306,Salem,Tamil Nadu,11.6470,77.9431
636307,Salem,Tamil Nadu,11.6493,78.0846
636308,Salem,Tamil Nadu,11.5778,78.0719
636309,Salem,Tamil Nadu,11.7877,78.0523
636351,Salem,Tamil Nadu,11.8821,78.0912
636352,Dharmapuri,Tamil Nadu,11.9353,78.4898
636354,Salem,Tamil Nadu,11.9274,78.1849
636401,Salem,Tamil Nadu,11.7843,77.7967
636402,Salem,Tamil Nadu,11.8052,77.8226
636403,Salem,Tamil Nadu,11.8129,77.8381
636404,Salem,Tamil Nadu,11.8198,77.8575
636406,Salem,Tamil Nadu,11.7726,77.8101
636451,Salem,Tamil Nadu,11.8290,77.9658
636452,Salem,Tamil Nadu,11.7692,77.7859
636453,Salem,Tamil Nadu,11.8238,77.9222
636454,Salem,Tamil Nadu,11.7734,77.8917
636455,Salem,Tamil Nadu,11.7459,78.0314
636456,Salem,Tamil Nadu,11.7952,77.8152
636457,Salem,Tamil Nadu,11.7513,77.8696
636458,Salem,Tamil Nadu,11.8726,77.9018
636501,Salem,Tamil Nadu,11.6965,77.8782
636502,Salem,Tamil Nadu,11.7019,77.9579
636503,Salem,Tamil Nadu,11.7474,77.9686
636601,Salem,Tamil Nadu,11.8062,78.2521
636602,Salem,Tamil Nadu,11.8458,78.2243
636701,Dharmapuri,Tamil Nadu,12.1382,78.1592
636704,Dharmapuri,Tamil Nadu,12.1274,78.1580
636705,Dharmapuri,Tamil Nadu,12.1200,78.1750
636803,Dharmapuri,Tamil Nadu,12.1326,78.0186
636804,Dharmapuri,Tamil Nadu,12.1274,78.1580
636805,Dharmapuri,Tamil Nadu,12.3054,78.0704
636806,Dharmapuri,Tamil Nadu,12.3884,77.9934
636807,Dharmapuri,Tamil Nadu,12.1010,78.1236
636808,Dharmapuri,Tamil Nadu,12.3054,78.0704
636809,Dharmapuri,Tamil Nadu,12.1326,77.8956
636810,Dharmapuri,Tamil Nadu,12.1326,77.8956
636811,Dharmapuri,Tamil Nadu,11.9809,77.9200
636812,Dharmapuri,Tamil Nadu,12.4230,77.9730
636813,Dharmapuri,Tamil Nadu,12.1311,77.9737
636902,Dharmapuri,Tamil Nadu,12.1200,78.3800
636903,Dharmapuri,Tamil Nadu,12.0374,78.4803
636904,Dharmapuri,Tamil Nadu,11.9182,78.3646
636905,Dharmapuri,Tamil Nadu,11.9136,78.3657
636906,Dharmapuri,Tamil Nadu,12.0514,78.4803
637001,Namakkal,Tamil Nadu,11.2192,78.1683
637002,Namakkal,Tamil Nadu,11.1910,78.1749
637003,Namakkal,Tamil Nadu,11.2545,78.1265
637013,Namakkal,Tamil Nadu,11.1422,78.2737
637014,Namakkal,Tamil Nadu,11.3506,78.1703
637015,Namakkal,Tamil Nadu,11.0677,78.1405
637017,Namakkal,Tamil Nadu,11.1309,78.0984
637018,Namakkal,Tamil Nadu,11.3809,78.1245
637019,Namakkal,Tamil Nadu,11.3232,78.1465
637020,Namakkal,Tamil Nadu,11.1035,78.2152
637021,Namakkal,Tamil Nadu,11.1538,78.3654
637101,Salem,Tamil Nadu,11.6122,77.8233
637102,Salem,Tamil Nadu,11.5712,77.9068
637103,Salem,Tamil Nadu,11.5414,77.9582
637104,Salem,Tamil Nadu,11.5418,77.7321
637105,Salem,Tamil Nadu,11.6010,77.8630
637107,Salem,Tamil Nadu,11.6017,77.7649
637201,Namakkal,Tamil Nadu,11.3024,77.9468
637202,Namakkal,Tamil Nadu,11.3843,78.0059
637203,Namakkal,Tamil Nadu,11.2444,77.9475
637204,Namakkal,Tamil Nadu,11.1501,77.9392
637205,Namakkal,Tamil Nadu,11.3965,77.9457
637206,Namakkal,Tamil Nadu,11.2141,78.0047
637207,Namakkal,Tamil Nadu,11.1990,78.0783
637208,Namakkal,Tamil Nadu,11.1056,77.9305
637209,Namakkal,Tamil Nadu,11.3898,77.8877
637210,Namakkal,Tamil Nadu,11.2761,77.8478
637211,Namakkal,Tamil Nadu,11.3797,77.8892
637212,Namakkal,Tamil Nadu,11.2987,78.0471
637213,Namakkal,Tamil Nadu,11.1504,77.8919
637214,Namakkal,Tamil Nadu,11.3424,77.8682
637215,Namakkal,Tamil Nadu,11.3646,77.8356
637301,Salem,Tamil Nadu,11.4788,77.8689
637302,Salem,Tamil Nadu,11.4535,77.8727
637303,Salem,Tamil Nadu,11.4652,77.8172
637304,Namakkal,Tamil Nadu,11.3989,77.8287
637401,Namakkal,Tamil Nadu,11.4450,78.1564
637402,Namakkal,Tamil Nadu,11.3951,78.2562
637403,Namakkal,Tamil Nadu,11.4289,78.1219
637404,Namakkal,Tamil Nadu,11.3300,78.2497
637405,Namakkal,Tamil Nadu,11.2332,78.2152
637406,Namakkal,Tamil Nadu,11.4448,78.2653
637407,Namakkal,Tamil Nadu,11.4901,78.2398
637408,Namakkal,Tamil Nadu,11.4620,78.1934
637409,Namakkal,Tamil Nadu,11.2873,78.2342
637410,Namakkal,Tamil Nadu,11.4120,78.0674
637411,Namakkal,Tamil Nadu,11.3154,78.3747
637412,Namakkal,Tamil Nadu,11.4143,78.2134
637415,Namakkal,Tamil Nadu,,
637501,Salem,Tamil Nadu,11.5350,78.0558
637502,Salem,Tamil Nadu,11.6084,78.0053
637503,Namakkal,Tamil Nadu,11.4650,78.0248
637504,Salem,Tamil Nadu,11.5652,78.0188
637505,Namakkal,Tamil Nadu,11.4948,78.0885
638001,Erode,Tamil Nadu,11.3447,77.7257
638002,Erode,Tamil Nadu,11.3142,77.7450
638003,Erode,Tamil Nadu,11.3562,77.7236
638004,Erode,Tamil Nadu,11.3579,77.7071
638005,Erode,Tamil Nadu,11.3854,77.6982
638006,Namakkal,Tamil Nadu,11.3674,77.7456
638007,Namakkal,Tamil Nadu,11.3358,77.7754
638008,Namakkal,Tamil Nadu,11.3831,77.7559
638009,Erode,Tamil Nadu,11.3242,77.7130
638010,Namakkal,Tamil Nadu,11.3640,77.7848
638011,Erode,Tamil Nadu,11.3379,77.7071
638012,Erode,Tamil Nadu,11.3203,77.6779
638051,Erode,Tamil Nadu,11.1547,77.5959
638052,Erode,Tamil Nadu,11.2732,77.5752
638053,Erode,Tamil Nadu,11.2849,77.5580
638054,Erode,Tamil Nadu,11.3662,77.4525
638055,Erode,Tamil Nadu,11.3193,77.4880
638056,Erode,Tamil Nadu,11.2613,77.5225
638057,Erode,Tamil Nadu,11.3040,77.5419
638060,Erode,Tamil Nadu,11.1681,77.5658
638101,Erode,Tamil Nadu,11.1583,77.7044
638102,Erode,Tamil Nadu,11.3791,77.6550
638103,Tiruppur,Tamil Nadu,11.2483,77.4183
638104,Erode,Tamil Nadu,11.2316,77.7710
638105,Tiruppur,Tamil Nadu,11.0184,77.7445
638106,Tiruppur,Tamil Nadu,10.7664,77.7375
638107,Erode,Tamil Nadu,11.3399,77.6412
638108,Tiruppur,Tamil Nadu,11.0881,77.6651
638109,Erode,Tamil Nadu,11.1127,77.7871
638110,Erode,Tamil Nadu,11.3510,77.4358
638111,Tiruppur,Tamil Nadu,10.9181,77.7098
638112,Erode,Tamil Nadu,11.2594,77.6717
638115,Erode,Tamil Nadu,11.2369,77.7288
638116,Erode,Tamil Nadu,11.3711,77.5869
638151,Erode,Tamil Nadu,11.0764,77.8495
638152,Erode,Tamil Nadu,11.1077,77.8678
638153,Erode,Tamil Nadu,11.2403,77.8271
638154,Erode,Tamil Nadu,11.1974,77.8477
638181,Namakkal,Tamil Nadu,11.1211,77.9898
638182,Namakkal,Tamil Nadu,11.1132,78.0256
638183,Namakkal,Tamil Nadu,11.4357,77.7191
638301,Erode,Tamil Nadu,11.4431,77.6820
638311,Erode,Tamil Nadu,11.6156,77.7303
638312,Erode,Tamil Nadu,11.4675,77.6256
638313,Erode,Tamil Nadu,11.4839,77.4998
638314,Erode,Tamil Nadu,11.5777,77.6486
638315,Erode,Tamil Nadu,11.4793,77.5665
638316,Erode,Tamil Nadu,11.4362,77.6680
638401,Erode,Tamil Nadu,11.5108,77.2378
638402,Erode,Tamil Nadu,11.4613,77.2263
638451,Erode,Tamil Nadu,11.4812,77.1439
638452,Erode,Tamil Nadu,11.4569,77.4281
638453,Erode,Tamil Nadu,11.4959,77.4054
638454,Erode,Tamil Nadu,11.4487,77.2935
638455,Erode,Tamil Nadu,11.4337,77.5512
638456,Erode,Tamil Nadu,11.3760,77.4109
638457,Erode,Tamil Nadu,11.4188,77.3457
638458,Erode,Tamil Nadu,11.3598,77.3207
638459,Erode,Tamil Nadu,11.3693,77.1679
638460,Tiruppur,Tamil Nadu,11.2825,77.2604
638461,Erode,Tamil Nadu,,
638462,Erode,Tamil Nadu,11.3615,77.2574
638476,Erode,Tamil Nadu,11.4536,77.4434
638501,Erode,Tamil Nadu,11.6023,77.5794
638502,Erode,Tamil Nadu,11.5414,77.5147
638503,Erode,Tamil Nadu,11.5322,77.2984
638504,Erode,Tamil Nadu,11.6546,77.6886
638505,Erode,Tamil Nadu,11.5247,77.4505
638506,Erode,Tamil Nadu,11.5073,77.3729
638656,Tiruppur,Tamil Nadu,10.7328,77.5310
638657,Tiruppur,Tamil Nadu,10.7272,77.4484
638660,Tiruppur,Tamil Nadu,10.9431,77.4656
638661,Tiruppur,Tamil Nadu,10.7637,77.6218
638672,Tiruppur,Tamil Nadu,10.6796,77.4773
638673,Tiruppur,Tamil Nadu,10.6996,77.5618
638701,Tiruppur,Tamil Nadu,11.0078,77.5580
638702,Tiruppur,Tamil Nadu,10.8472,77.4082
638703,Tiruppur,Tamil Nadu,10.8895,77.5205
638706,Tiruppur,Tamil Nadu,10.8378,77.5762
638751,Erode,Tamil Nadu,11.1564,77.5122
638752,Tiruppur,Tamil Nadu,11.1576,77.4350
638812,Tiruppur,Tamil Nadu,11.2509,77.5318
639001,Karur,Tamil Nadu,10.9602,78.0800
639002,Karur,Tamil Nadu,10.9400,77.9900
639003,Karur,Tamil Nadu,10.9300,78.0500
639004,Karur,Tamil Nadu,10.9704,78.1050
639005,Karur,Tamil Nadu,10.8800,78.0855
639006,Karur,Tamil Nadu,10.9850,78.0739
639007,Karur,Tamil Nadu,10.9100,78.1100
639008,Karur,Tamil Nadu,10.9900,78.0400
639101,Tiruchirappalli,Tamil Nadu,10.8724,78.6025
639102,Karur,Tamil Nadu,10.9100,78.2650
639103,Tiruchirappalli,Tamil Nadu,10.8411,78.5935
639104,Karur,Tamil Nadu,10.9401,78.4193
639105,Karur,Tamil Nadu,10.9499,78.3292
639107,Karur,Tamil Nadu,10.9000,78.4500
639108,Karur,Tamil Nadu,10.9400,78.2200
639109,Karur,Tamil Nadu,10.8250,77.9858
639110,Karur,Tamil Nadu,10.8250,78.5050
639111,Karur,Tamil Nadu,10.9602,77.9100
639112,Tiruchirappalli,Tamil Nadu,10.8948,78.4864
639113,Karur,Tamil Nadu,11.0700,78.0400
639114,Karur,Tamil Nadu,10.9500,78.1526
639115,Tiruchirappalli,Tamil Nadu,10.8862,78.5566
639116,Karur,Tamil Nadu,11.0050,78.1050
639117,Karur,Tamil Nadu,11.0600,77.9600
639118,Karur,Tamil Nadu,10.8463,78.1400
639119,Karur,Tamil Nadu,10.8500,78.3200
639120,Karur,Tamil Nadu,10.8000,78.3900
639136,Karur,Tamil Nadu,11.0000,78.0000
639201,Karur,Tamil Nadu,10.7740,77.9016
639202,Karur,Tamil Nadu,10.8077,77.9044
639203,Karur,Tamil Nadu,10.6900,77.9920
639205,Karur,Tamil Nadu,10.6750,77.8600
639206,Karur,Tamil Nadu,10.9450,77.8200
639207,Karur,Tamil Nadu,10.7250,77.8900
641001,Coimbatore,Tamil Nadu,10.9950,76.9632
641002,Coimbatore,Tamil Nadu,11.0095,76.9530
641003,Coimbatore,Tamil Nadu,11.0110,76.9352
641004,Coimbatore,Tamil Nadu,11.0210,76.9663
641005,Coimbatore,Tamil Nadu,10.9999,77.0308
641006,Coimbatore,Tamil Nadu,11.0476,76.9669
641007,Coimbatore,Tamil Nadu,11.0082,76.9130
641008,Coimbatore,Tamil Nadu,10.9414,76.9520
641009,Coimbatore,Tamil Nadu,11.0110,76.9661
641010,Coimbatore,Tamil Nadu,10.9628,76.8742
641011,Coimbatore,Tamil Nadu,11.0262,76.9474
641012,Coimbatore,Tamil Nadu,11.0197,76.9621
641013,Coimbatore,Tamil Nadu,11.0207,76.9363
641014,Coimbatore,Tamil Nadu,11.0258,77.0246
641015,Coimbatore,Tamil Nadu,11.0071,77.0229
641016,Coimbatore,Tamil Nadu,11.0059,77.0471
641017,Coimbatore,Tamil Nadu,11.0859,76.9303
641018,Coimbatore,Tamil Nadu,11.0020,76.9751
641019,Coimbatore,Tamil Nadu,11.1787,76.9604
641020,Coimbatore,Tamil Nadu,11.1513,76.9394
641021,Coimbatore,Tamil Nadu,10.9321,76.9775
641022,Coimbatore,Tamil Nadu,11.1019,76.9538
641023,Coimbatore,Tamil Nadu,10.9646,76.9882
641024,Coimbatore,Tamil Nadu,10.9579,76.9882
641025,Coimbatore,Tamil Nadu,11.0377,76.9287
641026,Coimbatore,Tamil Nadu,10.9887,76.9401
641027,Coimbatore,Tamil Nadu,11.0268,76.9679
641028,Coimbatore,Tamil Nadu,11.0025,76.9964
641029,Coimbatore,Tamil Nadu,11.0669,76.9504
641030,Coimbatore,Tamil Nadu,11.0446,76.9394
641031,Coimbatore,Tamil Nadu,11.1101,76.9404
641032,Coimbatore,Tamil Nadu,10.8457,76.9656
641033,Coimbatore,Tamil Nadu,11.0111,77.0362
641034,Coimbatore,Tamil Nadu,11.0811,76.9440
641035,Coimbatore,Tamil Nadu,11.0753,76.9972
641036,Coimbatore,Tamil Nadu,10.9755,76.9947
641037,Coimbatore,Tamil Nadu,11.0179,76.9844
641038,Coimbatore,Tamil Nadu,11.0182,76.9580
641039,Coimbatore,Tamil Nadu,11.1812,77.0798
641040,Coimbatore,Tamil Nadu,11.0420,76.9498
641041,Coimbatore,Tamil Nadu,11.0224,76.9107
641042,Coimbatore,Tamil Nadu,10.9577,76.9231
641043,Coimbatore,Tamil Nadu,11.0198,76.9516
641044,Coimbatore,Tamil Nadu,11.0174,76.9844
641045,Coimbatore,Tamil Nadu,11.0041,77.0170
641046,Coimbatore,Tamil Nadu,11.1469,76.8211
641047,Coimbatore,Tamil Nadu,11.1637,76.9459
641048,Coimbatore,Tamil Nadu,11.0864,77.0510
641049,Coimbatore,Tamil Nadu,11.0611,76.9852
641050,Coimbatore,Tamil Nadu,11.0429,77.1139
641062,Coimbatore,Tamil Nadu,11.0588,77.0680
641101,Coimbatore,Tamil Nadu,10.9484,76.8057
641103,Coimbatore,Tamil Nadu,11.0127,77.0744
641104,Coimbatore,Tamil Nadu,11.2479,76.9221
641105,Coimbatore,Tamil Nadu,10.8810,76.9389
641107,Coimbatore,Tamil Nadu,11.1483,77.0570
641108,Coimbatore,Tamil Nadu,11.0786,76.8582
641109,Coimbatore,Tamil Nadu,10.9921,76.8136
641110,Coimbatore,Tamil Nadu,11.1415,77.0100
641111,Coimbatore,Tamil Nadu,10.9907,76.9987
641112,Coimbatore,Tamil Nadu,10.8951,76.9039
641113,Coimbatore,Tamil Nadu,11.2254,76.8786
641114,Coimbatore,Tamil Nadu,10.9504,76.7416
641201,Coimbatore,Tamil Nadu,10.9072,77.0705
641202,Coimbatore,Tamil Nadu,10.8342,77.0695
641301,Coimbatore,Tamil Nadu,11.2926,76.9402
641302,Coimbatore,Tamil Nadu,11.3243,77.0148
641305,Coimbatore,Tamil Nadu,11.3089,76.9255
641401,Coimbatore,Tamil Nadu,11.0306,77.1589
641402,Coimbatore,Tamil Nadu,11.0092,77.1291
641407,Coimbatore,Tamil Nadu,11.0844,77.1169
641601,Tiruppur,Tamil Nadu,11.1079,77.3409
641602,Tiruppur,Tamil Nadu,11.1208,77.3412
641603,Tiruppur,Tamil Nadu,11.1189,77.3367
641604,Tiruppur,Tamil Nadu,11.0947,77.3484
641605,Tiruppur,Tamil Nadu,11.0383,77.3412
641606,Tiruppur,Tamil Nadu,11.0939,77.4230
641607,Tiruppur,Tamil Nadu,11.1219,77.3676
641652,Tiruppur,Tamil Nadu,11.1675,77.3152
641653,Coimbatore,Tamil Nadu,11.2387,77.1021
641654,Tiruppur,Tamil Nadu,11.1906,77.2919
641655,Tiruppur,Tamil Nadu,11.3008,77.2028
641658,Coimbatore,Tamil Nadu,10.9709,77.0504
641659,Coimbatore,Tamil Nadu,11.1454,77.1440
641662,Tiruppur,Tamil Nadu,11.0160,77.2240
641663,Tiruppur,Tamil Nadu,11.0811,77.2488
641664,Tiruppur,Tamil Nadu,10.9900,77.2822
641665,Tiruppur,Tamil Nadu,11.0147,77.4338
641666,Tiruppur,Tamil Nadu,11.1887,77.3593
641667,Tiruppur,Tamil Nadu,10.8400,77.2850
641668,Coimbatore,Tamil Nadu,11.0899,77.1918
641669,Coimbatore,Tamil Nadu,10.8715,77.1831
641670,Tiruppur,Tamil Nadu,11.2126,77.1952
641671,Coimbatore,Tamil Nadu,10.8302,77.2384
641687,Tiruppur,Tamil Nadu,11.0925,77.3123
641697,Coimbatore,Tamil Nadu,11.2432,77.0330
642001,Coimbatore,Tamil Nadu,10.6562,77.0046
642002,Coimbatore,Tamil Nadu,10.6570,77.0110
642003,Coimbatore,Tamil Nadu,10.6561,77.0521
642004,Coimbatore,Tamil Nadu,10.8204,76.9719
642005,Coimbatore,Tamil Nadu,10.6902,76.9239
642006,Coimbatore,Tamil Nadu,10.9997,76.9637
642007,Coimbatore,Tamil Nadu,10.6573,77.0107
642101,Coimbatore,Tamil Nadu,10.6573,76.9754
642102,Tiruppur,Tamil Nadu,10.9997,76.9637
642103,Coimbatore,Tamil Nadu,10.6290,76.9026
642104,Coimbatore,Tamil Nadu,10.6009,76.9334
642105,Coimbatore,Tamil Nadu,10.6661,76.9657
642106,Coimbatore,Tamil Nadu,10.6126,76.9465
642107,Coimbatore,Tamil Nadu,10.6267,77.0963
642108,Coimbatore,Tamil Nadu,10.6573,77.0107
642109,Coimbatore,Tamil Nadu,10.8066,77.0259
642110,Coimbatore,Tamil Nadu,10.7461,76.9852
642111,Tiruppur,Tamil Nadu,10.8175,77.1312
642112,Tiruppur,Tamil Nadu,11.0887,77.3978
642113,Tiruppur,Tamil Nadu,10.5528,77.3632
642114,Coimbatore,Tamil Nadu,,
642117,Coimbatore,Tamil Nadu,10.6573,77.0107
642120,Coimbatore,Tamil Nadu,10.7393,77.0852
642122,Tiruppur,Tamil Nadu,10.6027,77.2025
642123,Coimbatore,Tamil Nadu,10.9750,76.9637
642125,Coimbatore,Tamil Nadu,10.6475,77.0251
642126,Tiruppur,Tamil Nadu,10.5845,77.2439
642127,Coimbatore,Tamil Nadu,10.6573,77.0107
642128,Tiruppur,Tamil Nadu,10.5778,77.2690
642129,Coimbatore,Tamil Nadu,10.5631,76.9188
642130,Coimbatore,Tamil Nadu,10.6573,77.0107
642132,Tiruppur,Tamil Nadu,11.0399,77.1451
642133,Coimbatore,Tamil Nadu,10.6472,76.9625
642134,Coimbatore,Tamil Nadu,10.6573,76.9946
642154,Tiruppur,Tamil Nadu,10.5747,77.2404
642201,Tiruppur,Tamil Nadu,10.7258,77.2739
642202,Coimbatore,Tamil Nadu,10.8007,77.1506
642203,Tiruppur,Tamil Nadu,10.6073,77.3939
642204,Tiruppur,Tamil Nadu,11.1915,77.2689
642205,Tiruppur,Tamil Nadu,10.6759,77.2147
642206,Tiruppur,Tamil Nadu,10.8517,77.1224
642207,Tiruppur,Tamil Nadu,,
643001,The Nilgiris,Tamil Nadu,11.4100,76.7030
643002,The Nilgiris,Tamil Nadu,11.4271,76.7541
643003,The Nilgiris,Tamil Nadu,11.3494,76.7006
643004,The Nilgiris,Tamil Nadu,11.3749,76.6566
643005,The Nilgiris,Tamil Nadu,11.4720,76.6517
643006,The Nilgiris,Tamil Nadu,11.3494,76.8029
643007,The Nilgiris,Tamil Nadu,11.4600,76.7100
643101,The Nilgiris,Tamil Nadu,11.3494,76.8029
643102,The Nilgiris,Tamil Nadu,11.3467,76.7910
643103,The Nilgiris,Tamil Nadu,11.3800,76.8100
643105,The Nilgiris,Tamil Nadu,,
643201,The Nilgiris,Tamil Nadu,,
643202,The Nilgiris,Tamil Nadu,11.3685,76.7676
643203,The Nilgiris,Tamil Nadu,,
643204,The Nilgiris,Tamil Nadu,11.2913,76.6799
643205,The Nilgiris,Tamil Nadu,11.3494,76.8029
643206,The Nilgiris,Tamil Nadu,11.4589,76.7411
643207,The Nilgiris,Tamil Nadu,11.4547,76.6164
643209,The Nilgiris,Tamil Nadu,11.3073,76.6283
643211,The Nilgiris,Tamil Nadu,11.5300,76.5000
643212,The Nilgiris,Tamil Nadu,11.4937,76.4400
643213,The Nilgiris,Tamil Nadu,11.3148,76.7373
643214,The Nilgiris,Tamil Nadu,11.4295,76.8033
643215,The Nilgiris,Tamil Nadu,11.3622,76.7285
643216,The Nilgiris,Tamil Nadu,11.4358,76.9434
643217,The Nilgiris,Tamil Nadu,11.4428,76.8597
643218,The Nilgiris,Tamil Nadu,11.2876,76.7317
643219,The Nilgiris,Tamil Nadu,11.2500,76.6434
643220,The Nilgiris,Tamil Nadu,11.4380,76.7959
643221,The Nilgiris,Tamil Nadu,11.2883,76.7033
643223,The Nilgiris,Tamil Nadu,11.5381,76.6851
643224,The Nilgiris,Tamil Nadu,11.4050,76.6805
643225,The Nilgiris,Tamil Nadu,11.5148,76.4100
643226,The Nilgiris,Tamil Nadu,11.4308,76.4632
643231,The Nilgiris,Tamil Nadu,11.3779,76.7863
643233,The Nilgiris,Tamil Nadu,,
643236,The Nilgiris,Tamil Nadu,11.4397,76.9446
643237,The Nilgiris,Tamil Nadu,11.4625,76.6200
643238,The Nilgiris,Tamil Nadu,11.2963,76.7760
643239,The Nilgiris,Tamil Nadu,11.4640,76.5688
643240,The Nilgiris,Tamil Nadu,11.5773,76.3630
643241,The Nilgiris,Tamil Nadu,11.4924,76.3851
643242,The Nilgiris,Tamil Nadu,11.3576,76.9300
643243,The Nilgiris,Tamil Nadu,11.3783,76.7426
643253,The Nilgiris,Tamil Nadu,11.3494,76.8029
643270,The Nilgiris,Tamil Nadu,11.4920,76.3820
670001,Kannur,Kerala,11.8733,75.3654
670002,Kannur,Kerala,11.8787,75.3708
670003,Kannur,Kerala,11.8625,75.3841
670004,Kannur,Kerala,11.8745,75.3702
670005,Kannur,Kerala,11.8907,75.3757
670006,Kannur,Kerala,11.8745,75.4283
670007,Kannur,Kerala,11.8507,75.3945
670008,Kannur,Kerala,11.8745,75.3702
670009,Kannur,Kerala,11.8776,75.3702
670010,Kannur,Kerala,11.8745,75.3702
670011,Kannur,Kerala,11.9157,75.3607
670012,Kannur,Kerala,11.7639,75.4661
670013,Kannur,Kerala,11.8745,75.3702
670014,Kannur,Kerala,11.8745,75.3702
670017,Kannur,Kerala,11.8745,75.3702
670018,Kannur,Kerala,11.8745,75.3702
670051,Kannur,Kerala,11.8745,75.3702
670101,Kannur,Kerala,11.7534,75.4900
670102,Kannur,Kerala,11.7350,75.5050
670103,Kannur,Kerala,11.7567,75.5055
670104,Kannur,Kerala,11.7534,75.4909
670105,Kannur,Kerala,11.7667,75.5055
670106,Kannur,Kerala,11.7534,75.4909
670107,Kannur,Kerala,11.7617,75.5105
670141,Kannur,Kerala,12.0418,75.3569
670142,Kannur,Kerala,12.0418,75.4000
670143,Kannur,Kerala,12.0348,75.3384
670301,Kannur,Kerala,11.9765,75.3108
670302,Kannur,Kerala,11.8745,75.3702
670303,Kannur,Kerala,11.9640,75.3284
670304,Kannur,Kerala,11.8745,75.3702
670305,Kannur,Kerala,11.9645,75.2942
670306,Kannur,Kerala,12.1525,75.3223
670307,Kannur,Kerala,12.1273,75.2191
670308,Kannur,Kerala,12.0495,75.2108
670309,Kannur,Kerala,12.0715,75.2487
670310,Kannur,Kerala,12.0418,75.3569
670325,Kannur,Kerala,11.8745,75.3702
670327,Kannur,Kerala,12.0418,75.3569
670331,Kannur,Kerala,11.8745,75.3702
670334,Kannur,Kerala,12.0470,75.3363
670353,Kannur,Kerala,12.2270,75.3174
670358,Kannur,Kerala,11.8745,75.3702
670501,Kannur,Kerala,11.8745,75.3702
670502,Kannur,Kerala,12.0418,75.3569
670503,Kannur,Kerala,12.0418,75.3569
670504,Kannur,Kerala,12.0837,75.2802
670511,Kannur,Kerala,12.2664,75.4217
670521,Kannur,Kerala,12.1716,75.2264
670561,Kannur,Kerala,11.9428,75.3671
670562,Kannur,Kerala,12.0225,75.3607
670563,Kannur,Kerala,12.0312,75.3660
670567,Kannur,Kerala,12.0418,75.3569
670571,Kannur,Kerala,12.2040,75.4694
670581,Kannur,Kerala,12.1524,75.4082
670582,Kannur,Kerala,12.1222,75.5058
670591,Kannur,Kerala,11.9226,75.4379
670592,Kannur,Kerala,11.9356,75.4589
670593,Kannur,Kerala,12.0049,75.5618
670594,Kannur,Kerala,11.8837,75.3891
670595,Kannur,Kerala,11.9286,75.5120
670601,Kannur,Kerala,11.9566,75.3876
670602,Kannur,Kerala,11.9940,75.4368
670604,Kannur,Kerala,11.9071,75.3931
670611,Kannur,Kerala,11.8894,75.4272
670612,Kannur,Kerala,11.8860,75.5201
670613,Kannur,Kerala,11.8726,75.4258
670621,Kannur,Kerala,11.8698,75.4398
670622,Kannur,Kerala,11.8587,75.4745
670631,Kannur,Kerala,12.0456,75.5001
670632,Kannur,Kerala,12.0847,75.5621
670633,Kannur,Kerala,12.0940,75.6086
670641,Kannur,Kerala,11.7617,75.5155
670642,Kannur,Kerala,11.7700,75.5200
670643,Kannur,Kerala,11.8250,75.5500
670644,Wayanad,Kerala,11.8200,75.9300
670645,Wayanad,Kerala,11.7800,75.9900
670646,Wayanad,Kerala,11.8850,76.0400
670649,Kannur,Kerala,11.7517,75.5055
670650,Kannur,Kerala,11.8413,75.7000
670651,Kannur,Kerala,11.8800,75.8500
670661,Kannur,Kerala,11.7817,75.4805
670662,Kannur,Kerala,11.7534,75.4909
670663,Kannur,Kerala,11.8100,75.4600
670671,Kannur,Kerala,11.7467,75.5105
670672,Kannur,Kerala,11.7300,75.5800
670673,Kannur,Kerala,11.9050,75.7150
670674,Kannur,Kerala,11.9100,75.8150
670675,Kannur,Kerala,11.7200,75.5800
670676,Kannur,Kerala,11.7534,75.4909
670691,Kannur,Kerala,11.8050,75.5700
670692,Kannur,Kerala,11.7600,75.5900
670693,Kannur,Kerala,11.7585,75.6400
670694,Kannur,Kerala,11.7667,75.5355
670701,Kannur,Kerala,11.8400,75.5700
670702,Kannur,Kerala,11.9400,75.6100
670703,Kannur,Kerala,11.9800,75.6700
670704,Kannur,Kerala,11.9800,75.7500
670705,Kannur,Kerala,12.0550,75.6550
670706,Kannur,Kerala,12.0500,75.7300
670708,Kannur,Kerala,11.9142,75.5486
670721,Wayanad,Kerala,11.7400,76.0700
670731,Wayanad,Kerala,11.7400,75.9000
670741,Kannur,Kerala,11.8400,75.4900
671121,Kasaragod,Kerala,12.5106,74.9857
671122,Kasaragod,Kerala,12.5106,74.9857
671123,Kasaragod,Kerala,12.5339,75.0314
671124,Kasaragod,Kerala,12.5527,74.9945
671310,Kasaragod,Kerala,12.1948,75.1633
671311,Kasaragod,Kerala,12.1418,75.1720
671312,Kasaragod,Kerala,12.1792,75.1344
671313,Kasaragod,Kerala,12.2305,75.1723
671314,Kasaragod,Kerala,12.2835,75.1534
671315,Kasaragod,Kerala,12.3321,75.0966
671316,Kasaragod,Kerala,12.3712,75.0668
671317,Kasaragod,Kerala,12.4876,75.0085
671318,Kasaragod,Kerala,12.3803,75.0835
671319,Kasaragod,Kerala,12.4419,75.0485
671320,Kasaragod,Kerala,12.4097,75.0933
671321,Kasaragod,Kerala,12.6113,74.9857
671322,Kasaragod,Kerala,12.6962,74.9898
671323,Kasaragod,Kerala,12.7374,74.9437
671324,Kasaragod,Kerala,12.6527,74.9971
671326,Kasaragod,Kerala,12.3199,75.2142
671348,Kasaragod,Kerala,12.6011,75.0088
671351,Kasaragod,Kerala,12.2753,75.1103
671531,Kasaragod,Kerala,12.3324,75.1274
671532,Kasaragod,Kerala,12.4468,75.3097
671533,Kasaragod,Kerala,12.3517,75.2417
671534,Kasaragod,Kerala,12.3647,75.3339
671541,Kasaragod,Kerala,12.4897,75.1421
671542,Kasaragod,Kerala,12.5106,75.1283
671543,Kasaragod,Kerala,12.5580,75.1962
671551,Kasaragod,Kerala,12.6029,75.0662
671552,Kasaragod,Kerala,12.6308,75.1282
673001,Kozhikode,Kerala,11.2453,75.7900
673002,Kozhikode,Kerala,11.2526,75.8092
673003,Kozhikode,Kerala,11.2453,75.7900
673004,Kozhikode,Kerala,11.2500,75.8200
673005,Kozhikode,Kerala,11.2800,75.7900
673006,Kozhikode,Kerala,11.3600,75.8200
673007,Kozhikode,Kerala,11.2400,75.8400
673008,Kozhikode,Kerala,11.2600,75.8800
673009,Kozhikode,Kerala,11.3750,75.9200
673010,Kozhikode,Kerala,11.2700,75.8000
673011,Kozhikode,Kerala,11.2750,75.7900
673012,Kozhikode,Kerala,11.2776,75.8142
673014,Kozhikode,Kerala,11.2426,75.8792
673015,Kozhikode,Kerala,11.2126,75.8042
673016,Kozhikode,Kerala,11.2500,75.8300
673017,Kozhikode,Kerala,11.2600,75.8300
673018,Kozhikode,Kerala,11.2453,75.7785
673019,Kozhikode,Kerala,11.2300,75.8700
673020,Kozhikode,Kerala,11.2750,75.8050
673021,Kozhikode,Kerala,11.2453,75.7785
673027,Kozhikode,Kerala,11.2100,75.8200
673028,Kozhikode,Kerala,11.2453,75.7785
673029,Kozhikode,Kerala,11.2000,75.8200
673032,Kozhikode,Kerala,11.2426,75.7842
673051,Kozhikode,Kerala,11.2823,75.7697
673101,Kozhikode,Kerala,11.6082,75.5917
673102,Kozhikode,Kerala,11.6300,75.5700
673103,Kozhikode,Kerala,11.6082,75.5917
673104,Kozhikode,Kerala,11.6091,75.6050
673105,Kozhikode,Kerala,11.5700,75.6300
673106,Kozhikode,Kerala,11.6300,75.5900
673121,Wayanad,Kerala,11.6100,76.1000
673122,Wayanad,Kerala,11.6400,76.0800
673123,Wayanad,Kerala,11.5900,76.2050
673124,Wayanad,Kerala,11.6650,76.0650
673301,Kozhikode,Kerala,11.1500,75.8400
673302,Kozhikode,Kerala,11.2453,75.7785
673303,Kozhikode,Kerala,11.3300,75.7700
673304,Kozhikode,Kerala,11.3910,75.7450
673305,Kozhikode,Kerala,11.4432,75.6947
673306,Kozhikode,Kerala,11.4200,75.7300
673307,Kozhikode,Kerala,11.4600,75.6700
673308,Kozhikode,Kerala,11.6600,75.5800
673309,Kozhikode,Kerala,11.6441,75.5759
673310,Mahe,Puducherry,11.7150,75.5400
673311,Kannur,Kerala,11.7534,75.4909
673312,Kannur,Kerala,11.7534,75.4909
673313,Kannur,Kerala,11.7534,75.4909
673314,Malappuram,Kerala,11.0927,75.8447
673315,Kozhikode,Kerala,11.4000,75.7669
673316,Kannur,Kerala,11.7534,75.4909
673317,Kozhikode,Kerala,11.3860,75.7669
673323,Kozhikode,Kerala,11.4500,75.7700
673328,Kozhikode,Kerala,11.2600,75.8500
673501,Kozhikode,Kerala,11.6441,75.5959
673502,Kozhikode,Kerala,11.6900,75.6100
673503,Kozhikode,Kerala,11.6550,75.6300
673504,Kozhikode,Kerala,11.6900,75.6500
673505,Kozhikode,Kerala,11.7100,75.6050
673506,Kozhikode,Kerala,11.7100,75.6900
673507,Kozhikode,Kerala,11.6700,75.7100
673508,Kozhikode,Kerala,11.6300,75.7500
673509,Kozhikode,Kerala,11.7300,75.6500
673513,Kozhikode,Kerala,11.6700,75.8000
673517,Kozhikode,Kerala,11.7350,75.6800
673521,Kozhikode,Kerala,11.5550,75.6050
673522,Kozhikode,Kerala,11.5300,75.6109
673523,Kozhikode,Kerala,11.5350,75.6550
673524,Kozhikode,Kerala,11.5500,75.7100
673525,Kozhikode,Kerala,11.5600,75.7639
673526,Kozhikode,Kerala,11.5700,75.8000
673527,Kozhikode,Kerala,11.5300,75.8200
673528,Kozhikode,Kerala,11.6100,75.8050
673529,Kozhikode,Kerala,11.4800,75.6400
673541,Kozhikode,Kerala,11.5991,75.6750
673542,Kozhikode,Kerala,11.6200,75.6300
673570,Kozhikode,Kerala,11.2453,75.7785
673571,Kozhikode,Kerala,11.3000,75.8700
673572,Kozhikode,Kerala,11.3800,75.9200
673573,Kozhikode,Kerala,11.4750,75.9300
673574,Kozhikode,Kerala,11.4400,75.8800
673575,Wayanad,Kerala,11.6400,75.9800
673576,Wayanad,Kerala,11.5400,76.0400
673577,Wayanad,Kerala,11.5500,76.1400
673579,Wayanad,Kerala,11.8000,76.1800
673580,Kozhikode,Kerala,11.4200,76.0100
673581,Wayanad,Kerala,11.5400,76.2400
673582,Kozhikode,Kerala,11.3600,75.9700
673585,Kozhikode,Kerala,11.3500,75.8700
673586,Kozhikode,Kerala,11.4700,75.9900
673591,Wayanad,Kerala,11.6700,76.2000
673592,Wayanad,Kerala,11.6600,76.2600
673593,Wayanad,Kerala,11.6050,76.2200
673595,Wayanad,Kerala,11.6150,76.3150
673596,Wayanad,Kerala,11.7000,76.1750
673601,Kozhikode,Kerala,11.3050,75.9500
673602,Kozhikode,Kerala,11.2900,76.0200
673603,Kozhikode,Kerala,11.3900,76.0700
673604,Kozhikode,Kerala,11.3400,76.0800
673611,Kozhikode,Kerala,11.3100,75.8100
673612,Kozhikode,Kerala,11.4500,75.8300
673613,Kozhikode,Kerala,11.3900,75.8400
673614,Kozhikode,Kerala,11.5000,75.7900
673616,Kozhikode,Kerala,11.3400,75.8250
673620,Kozhikode,Kerala,11.4600,75.7200
673631,Kozhikode,Kerala,11.1750,75.8550
673632,Malappuram,Kerala,11.2000,75.8750
673633,Kozhikode,Kerala,11.1800,75.8900
673634,Malappuram,Kerala,11.1516,75.8701
673635,Malappuram,Kerala,11.1340,75.8952
673636,Malappuram,Kerala,11.1339,75.8940
673637,Malappuram,Kerala,11.1820,75.9166
673638,Malappuram,Kerala,11.1366,75.9643
673639,Malappuram,Kerala,11.2376,76.0597
673640,Malappuram,Kerala,11.0714,76.0331
673641,Malappuram,Kerala,11.1742,76.0329
673642,Malappuram,Kerala,11.1340,76.0381
673645,Malappuram,Kerala,11.1984,75.9206
673647,Malappuram,Kerala,11.2453,75.9508
673655,Kozhikode,Kerala,11.1850,75.8500
673661,Kozhikode,Kerala,11.2650,75.9650
676101,Malappuram,Kerala,10.9138,75.9215
676102,Malappuram,Kerala,10.8545,75.9360
676103,Malappuram,Kerala,10.9296,75.9459
676104,Malappuram,Kerala,10.9088,75.9233
676105,Malappuram,Kerala,10.9029,75.9206
676106,Malappuram,Kerala,10.9285,75.9469
676107,Malappuram,Kerala,10.9257,75.9119
676108,Malappuram,Kerala,10.8572,75.9405
676109,Malappuram,Kerala,10.9266,75.9035
676121,Malappuram,Kerala,11.1203,76.1214
676122,Malappuram,Kerala,11.1030,76.1291
676123,Malappuram,Kerala,11.1540,76.1310
676301,Malappuram,Kerala,10.8955,75.9986
676302,Malappuram,Kerala,10.9773,75.8853
676303,Malappuram,Kerala,11.0503,75.8614
676304,Malappuram,Kerala,11.0484,75.9791
676305,Malappuram,Kerala,11.0735,75.9549
676306,Malappuram,Kerala,11.0418,75.9206
676307,Malappuram,Kerala,10.9610,75.9003
676309,Malappuram,Kerala,11.0157,75.9097
676311,Malappuram,Kerala,11.0603,75.9197
676312,Malappuram,Kerala,11.0833,75.8490
676317,Malappuram,Kerala,11.0971,75.9013
676319,Malappuram,Kerala,11.0709,75.8536
676320,Malappuram,Kerala,10.9783,75.9155
676501,Malappuram,Kerala,10.9947,75.9712
676502,Malappuram,Kerala,10.9047,75.8912
676503,Malappuram,Kerala,10.9991,76.0110
676504,Malappuram,Kerala,11.0123,76.0787
676505,Malappuram,Kerala,11.0458,76.0741
676506,Malappuram,Kerala,11.0443,76.1052
676507,Malappuram,Kerala,11.0358,76.1233
676508,Malappuram,Kerala,11.0114,75.9412
676509,Malappuram,Kerala,11.0783,76.1095
676510,Malappuram,Kerala,10.9681,76.0001
676517,Malappuram,Kerala,11.0848,76.0686
676519,Malappuram,Kerala,11.0552,76.0797
676521,Malappuram,Kerala,11.0925,76.2227
676522,Malappuram,Kerala,11.1010,76.2566
676523,Malappuram,Kerala,11.1208,76.3342
676525,Malappuram,Kerala,11.1482,76.3323
676528,Malappuram,Kerala,11.0291,76.0305
676541,Malappuram,Kerala,11.2120,76.1139
676542,Malappuram,Kerala,11.2456,76.1958
676551,Malappuram,Kerala,10.9243,75.9813
676552,Malappuram,Kerala,10.9103,76.0779
676553,Malappuram,Kerala,10.9517,76.0363
676561,Malappuram,Kerala,10.8461,75.9215
676562,Malappuram,Kerala,10.8297,75.9044
678001,Palakkad,Kerala,10.7996,76.6423
678002,Palakkad,Kerala,10.7996,76.6423
678003,Palakkad,Kerala,10.7996,76.6423
678004,Palakkad,Kerala,10.7996,76.6423
678005,Palakkad,Kerala,10.7996,76.6423
678006,Palakkad,Kerala,10.7996,76.6423
678007,Palakkad,Kerala,10.7996,76.6423
678008,Palakkad,Kerala,10.7996,76.6423
678009,Palakkad,Kerala,10.7996,76.6423
678010,Palakkad,Kerala,10.7996,76.6423
678011,Palakkad,Kerala,10.7996,76.6423
678012,Palakkad,Kerala,10.7996,76.6423
678013,Palakkad,Kerala,10.7996,76.6423
678014,Palakkad,Kerala,10.7996,76.6423
678051,Palakkad,Kerala,10.7759,76.6582
678101,Palakkad,Kerala,10.7996,76.6423
678102,Palakkad,Kerala,10.7996,76.6423
678103,Palakkad,Kerala,10.7996,76.6423
678104,Palakkad,Kerala,10.7996,76.6423
678501,Palakkad,Kerala,10.7996,76.6423
678502,Palakkad,Kerala,10.7996,76.6423
678503,Palakkad,Kerala,10.7996,76.6423
678504,Palakkad,Kerala,10.6422,76.5448
678505,Palakkad,Kerala,10.6422,76.5448
678506,Palakkad,Kerala,10.6422,76.5448
678507,Palakkad,Kerala,10.6422,76.5448
678508,Palakkad,Kerala,10.6422,76.5448
678510,Palakkad,Kerala,10.6422,76.5448
678512,Palakkad,Kerala,10.7996,76.6423
678531,Palakkad,Kerala,10.7996,76.6423
678532,Palakkad,Kerala,10.7996,76.6423
678533,Palakkad,Kerala,10.7996,76.6423
678534,Palakkad,Kerala,10.7996,76.6423
678541,Palakkad,Kerala,10.6422,76.5448
678542,Palakkad,Kerala,10.6422,76.5448
678543,Palakkad,Kerala,10.6422,76.5448
678544,Palakkad,Kerala,10.6422,76.5448
678545,Palakkad,Kerala,10.6422,76.5448
678546,Palakkad,Kerala,10.6422,76.5448
678551,Palakkad,Kerala,10.7996,76.6423
678552,Palakkad,Kerala,10.7996,76.6423
678553,Palakkad,Kerala,10.7996,76.6423
678554,Palakkad,Kerala,10.7996,76.6423
678555,Palakkad,Kerala,10.7996,76.6423
678556,Palakkad,Kerala,10.7996,76.6423
678557,Palakkad,Kerala,10.7996,76.6423
678571,Palakkad,Kerala,10.6422,76.5448
678572,Palakkad,Kerala,10.6422,76.5448
678573,Palakkad,Kerala,10.6422,76.5448
678574,Palakkad,Kerala,10.6422,76.5448
678581,Palakkad,Kerala,10.8811,76.4146
678582,Palakkad,Kerala,10.7721,76.3693
678583,Palakkad,Kerala,10.9642,76.4404
678591,Palakkad,Kerala,10.8368,76.5761
678592,Palakkad,Kerala,10.7996,76.6423
678593,Palakkad,Kerala,10.7721,76.3693
678594,Palakkad,Kerala,10.7996,76.6423
678595,Palakkad,Kerala,10.8045,76.4727
678596,Palakkad,Kerala,10.8045,76.4727
678597,Palakkad,Kerala,10.7721,76.3693
678598,Palakkad,Kerala,10.7721,76.3693
678601,Palakkad,Kerala,11.0091,76.3475
678611,Palakkad,Kerala,10.7996,76.6423
678612,Palakkad,Kerala,10.7996,76.6423
678613,Palakkad,Kerala,10.7996,76.6423
678621,Palakkad,Kerala,10.7996,76.6423
678622,Palakkad,Kerala,10.7996,76.6423
678623,Palakkad,Kerala,10.7996,76.6423
678624,Palakkad,Kerala,10.7996,76.6423
678631,Palakkad,Kerala,10.7996,76.6423
678632,Palakkad,Kerala,10.6248,76.3878
678633,Palakkad,Kerala,10.7721,76.3693
678641,Palakkad,Kerala,10.7996,76.6423
678642,Palakkad,Kerala,10.7996,76.6423
678651,Palakkad,Kerala,10.7996,76.6423
678661,Palakkad,Kerala,10.7996,76.6423
678671,Palakkad,Kerala,10.7996,76.6423
678681,Palakkad,Kerala,10.6422,76.5448
678682,Palakkad,Kerala,10.6422,76.5448
678683,Palakkad,Kerala,10.6422,76.5448
678684,Palakkad,Kerala,10.6422,76.5448
678685,Palakkad,Kerala,10.6422,76.5448
678686,Palakkad,Kerala,10.6422,76.5448
678687,Palakkad,Kerala,10.6422,76.5448
678688,Palakkad,Kerala,10.6422,76.5448
678701,Palakkad,Kerala,10.7996,76.6423
678702,Palakkad,Kerala,10.6422,76.5448
678703,Palakkad,Kerala,10.6422,76.5448
678704,Palakkad,Kerala,10.6422,76.5448
678705,Palakkad,Kerala,10.6422,76.5448
678706,Palakkad,Kerala,10.6422,76.5448
678721,Palakkad,Kerala,10.6422,76.5448
678722,Palakkad,Kerala,10.6422,76.5448
678731,Palakkad,Kerala,10.7996,76.6423
678732,Palakkad,Kerala,10.7996,76.6423
678762,Palakkad,Kerala,10.7875,76.2999
679101,Palakkad,Kerala,10.7725,76.3701
679102,Palakkad,Kerala,10.7721,76.3693
679103,Palakkad,Kerala,10.7721,76.3693
679104,Palakkad,Kerala,10.7721,76.3693
679105,Thrissur,Kerala,10.5021,76.2025
679106,Thrissur,Kerala,10.6101,76.2976
679121,Palakkad,Kerala,10.7721,76.3693
679122,Palakkad,Kerala,10.7709,76.3784
679123,Palakkad,Kerala,10.7715,76.3738
679301,Palakkad,Kerala,10.7632,76.4026
679302,Palakkad,Kerala,10.9449,76.0831
679303,Palakkad,Kerala,10.8001,76.1841
679304,Palakkad,Kerala,10.7721,76.3693
679305,Palakkad,Kerala,10.9449,76.0831
679306,Palakkad,Kerala,10.7721,76.3693
679307,Palakkad,Kerala,10.9449,76.0831
679308,Palakkad,Kerala,10.7721,76.3693
679309,Palakkad,Kerala,10.7721,76.3693
679313,Palakkad,Kerala,10.9232,76.2515
679321,Malappuram,Kerala,10.9805,76.1617
679322,Malappuram,Kerala,10.9690,76.2392
679323,Malappuram,Kerala,10.9190,76.1929
679324,Malappuram,Kerala,11.0412,76.1392
679325,Malappuram,Kerala,11.0294,76.2609
679326,Malappuram,Kerala,11.0684,76.3000
679327,Malappuram,Kerala,11.1242,76.2814
679328,Malappuram,Kerala,11.1919,76.2059
679329,Malappuram,Kerala,11.2870,76.2146
679330,Malappuram,Kerala,11.2826,76.2575
679331,Malappuram,Kerala,11.3341,76.3047
679332,Malappuram,Kerala,11.2438,76.3343
679333,Malappuram,Kerala,11.3783,76.3370
679334,Malappuram,Kerala,11.3567,76.2550
679335,Palakkad,Kerala,10.4000,76.3000
679336,Palakkad,Kerala,10.8011,76.3296
679337,Palakkad,Kerala,10.7721,76.3693
679338,Malappuram,Kerala,10.9683,76.1508
679339,Malappuram,Kerala,11.2281,76.2712
679340,Malappuram,Kerala,10.9021,76.2436
679341,Malappuram,Kerala,10.9722,76.3072
679357,Malappuram,Kerala,10.9261,76.2755
679501,Palakkad,Kerala,10.7721,76.3693
679502,Palakkad,Kerala,10.7721,76.3693
679503,Palakkad,Kerala,10.7721,76.3693
679504,Palakkad,Kerala,10.7721,76.3693
679505,Palakkad,Kerala,10.7721,76.3693
679506,Palakkad,Kerala,10.7721,76.3693
679511,Palakkad,Kerala,10.7721,76.3693
679512,Palakkad,Kerala,10.8451,76.3964
679513,Palakkad,Kerala,10.9180,76.4236
679514,Palakkad,Kerala,10.9180,76.4236
679515,Palakkad,Kerala,10.7721,76.3693
679516,Palakkad,Kerala,10.7721,76.3693
679521,Palakkad,Kerala,10.8322,76.1844
679522,Palakkad,Kerala,10.8922,75.9995
679523,Palakkad,Kerala,10.8922,75.9995
679531,Thrissur,Kerala,10.7346,76.2889
679532,Thrissur,Kerala,10.7579,76.2218
679533,Palakkad,Kerala,10.7725,76.3701
679534,Palakkad,Kerala,10.6446,76.2833
679535,Palakkad,Kerala,10.9972,75.9760
679536,Palakkad,Kerala,10.7721,76.3693
679551,Palakkad,Kerala,10.7721,76.3693
679552,Palakkad,Kerala,10.7870,76.0465
679553,Palakkad,Kerala,10.7721,76.3693
679554,Palakkad,Kerala,10.7796,76.2079
679561,Thrissur,Kerala,10.6758,76.0071
679562,Thrissur,Kerala,10.6598,76.0069
679563,Thrissur,Kerala,10.8800,76.0100
679564,Thrissur,Kerala,10.6780,75.9692
679571,Malappuram,Kerala,10.8721,76.0440
679572,Malappuram,Kerala,10.8647,76.0979
679573,Malappuram,Kerala,10.8347,76.0011
679574,Malappuram,Kerala,10.7916,76.1420
679575,Malappuram,Kerala,10.7263,76.0268
679576,Malappuram,Kerala,10.7855,76.0011
679577,Malappuram,Kerala,10.7677,75.9259
679578,Malappuram,Kerala,10.7949,76.0288
679579,Malappuram,Kerala,10.7236,75.9538
679580,Malappuram,Kerala,10.7028,75.9748
679581,Malappuram,Kerala,10.7318,75.9756
679582,Malappuram,Kerala,10.8263,75.9930
679583,Malappuram,Kerala,,
679584,Malappuram,Kerala,10.9626,75.8940
679585,Malappuram,Kerala,10.7531,76.0357
679586,Malappuram,Kerala,10.7609,75.9343
679587,Malappuram,Kerala,10.7152,75.9784
679591,Malappuram,Kerala,10.7690,76.0687
680001,Thrissur,Kerala,10.5021,76.2025
680002,Thrissur,Kerala,10.5021,76.2025
680003,Thrissur,Kerala,10.5247,76.1912
680004,Thrissur,Kerala,10.5221,76.2011
680005,Thrissur,Kerala,10.4336,76.2305
680006,Thrissur,Kerala,10.5039,76.2266
680007,Thrissur,Kerala,10.4977,76.2038
680008,Thrissur,Kerala,10.5217,76.2100
680009,Thrissur,Kerala,10.5021,76.2025
680010,Thrissur,Kerala,10.5272,76.2100
680011,Thrissur,Kerala,10.5021,76.2025
680012,Thrissur,Kerala,10.4996,76.1690
680013,Thrissur,Kerala,10.5021,76.2025
680014,Thrissur,Kerala,10.5001,76.2778
680020,Thrissur,Kerala,10.5293,76.2169
680021,Thrissur,Kerala,10.5121,76.2082
680022,Thrissur,Kerala,10.5021,76.2025
680026,Thrissur,Kerala,10.5021,76.2025
680027,Thrissur,Kerala,10.4860,76.2145
680028,Thrissur,Kerala,10.5988,76.2740
680101,Thrissur,Kerala,10.5945,76.0412
680102,Thrissur,Kerala,10.6065,76.0822
680103,Thrissur,Kerala,10.5210,76.2180
680104,Thrissur,Kerala,10.5815,76.0696
680121,Thrissur,Kerala,10.3470,76.2076
680122,Thrissur,Kerala,10.3339,76.1835
680123,Thrissur,Kerala,10.2700,76.2022
680125,Thrissur,Kerala,10.3615,76.2023
680301,Thrissur,Kerala,10.4198,76.2731
680302,Thrissur,Kerala,10.4300,76.3000
680303,Thrissur,Kerala,10.4243,76.2797
680304,Thrissur,Kerala,10.4333,76.4310
680305,Thrissur,Kerala,10.3776,76.2618
680306,Thrissur,Kerala,10.4706,76.2422
680307,Thrissur,Kerala,10.3077,76.3364
680308,Thrissur,Kerala,10.2588,76.3366
680309,Thrissur,Kerala,10.2714,76.3250
680310,Thrissur,Kerala,10.3952,76.2280
680311,Thrissur,Kerala,10.2900,76.3600
680312,Thrissur,Kerala,10.3900,76.3100
680317,Thrissur,Kerala,10.4760,76.2663
680501,Thrissur,Kerala,10.6293,76.1247
680502,Thrissur,Kerala,10.5021,76.2025
680503,Thrissur,Kerala,10.6513,76.0704
680504,Thrissur,Kerala,10.5021,76.2025
680505,Thrissur,Kerala,10.6036,76.0363
680506,Thrissur,Kerala,10.5823,76.0247
680507,Thrissur,Kerala,10.5629,76.0548
680508,Thrissur,Kerala,10.5530,76.0760
680509,Thrissur,Kerala,10.5323,76.0856
680510,Thrissur,Kerala,10.5207,76.0943
680511,Thrissur,Kerala,10.5700,76.0816
680512,Thrissur,Kerala,10.5575,76.0358
680513,Thrissur,Kerala,10.5128,76.0769
680514,Thrissur,Kerala,10.3000,76.1200
680515,Thrissur,Kerala,,
680516,Thrissur,Kerala,10.6027,76.0065
680517,Thrissur,Kerala,10.6234,76.0704
680518,Thrissur,Kerala,10.5254,76.0058
680519,Thrissur,Kerala,10.6949,76.0900
680520,Thrissur,Kerala,10.6289,76.0227
680521,Thrissur,Kerala,10.3852,76.0319
680522,Thrissur,Kerala,10.5342,76.1276
680523,Thrissur,Kerala,10.6516,76.0711
680524,Thrissur,Kerala,10.3133,76.0414
680541,Thrissur,Kerala,10.5912,76.1805
680542,Thrissur,Kerala,10.6808,76.0711
680543,Thrissur,Kerala,10.5641,76.0587
680544,Thrissur,Kerala,10.5441,76.0285
680545,Thrissur,Kerala,10.5021,76.2025
680546,Thrissur,Kerala,10.5021,76.2025
680551,Thrissur,Kerala,10.5451,76.1465
680552,Thrissur,Kerala,10.5430,76.1250
680553,Thrissur,Kerala,10.5021,76.2025
680555,Thrissur,Kerala,10.5021,76.2025
680561,Thrissur,Kerala,10.3700,76.1300
680562,Thrissur,Kerala,10.4187,76.2300
680563,Thrissur,Kerala,10.4589,76.1871
680564,Thrissur,Kerala,10.4189,76.1575
680565,Thrissur,Kerala,,
680566,Thrissur,Kerala,10.4146,76.1077
680567,Thrissur,Kerala,10.3900,76.1300
680568,Thrissur,Kerala,10.3700,76.1000
680569,Thrissur,Kerala,10.4411,76.0886
680570,Thrissur,Kerala,10.4259,76.1166
680571,Thrissur,Kerala,10.4313,76.1342
680581,Thrissur,Kerala,10.6182,76.2146
680582,Thrissur,Kerala,10.5021,76.2025
680583,Thrissur,Kerala,10.6951,76.2442
680584,Thrissur,Kerala,10.6961,76.1679
680585,Thrissur,Kerala,10.7146,76.2162
680586,Thrissur,Kerala,10.6931,76.3448
680587,Thrissur,Kerala,10.6892,76.4127
680588,Thrissur,Kerala,10.7312,76.4279
680589,Thrissur,Kerala,10.5021,76.2202
680590,Thrissur,Kerala,10.6919,76.2334
680591,Thrissur,Kerala,10.5021,76.2025
680594,Thrissur,Kerala,10.6207,76.3027
680596,Thrissur,Kerala,10.5595,76.1941
680601,Thrissur,Kerala,10.6401,76.1606
680602,Thrissur,Kerala,10.5942,76.0980
680604,Thrissur,Kerala,10.5167,76.1988
680611,Thrissur,Kerala,10.5021,76.2025
680612,Thrissur,Kerala,10.4776,76.1151
680613,Thrissur,Kerala,,
680614,Thrissur,Kerala,10.4773,76.0879
680615,Thrissur,Kerala,10.5023,76.0609
680616,Thrissur,Kerala,10.5147,76.0550
680617,Thrissur,Kerala,10.4938,76.1528
680618,Thrissur,Kerala,10.5021,76.2025
680619,Thrissur,Kerala,10.4852,76.0718
680620,Thrissur,Kerala,10.4938,76.1408
680623,Thrissur,Kerala,10.6451,76.2127
680631,Thrissur,Kerala,10.5599,76.2351
680641,Thrissur,Kerala,10.4526,76.1548
680642,Thrissur,Kerala,10.5021,76.2025
680651,Thrissur,Kerala,10.5520,76.2573
680652,Thrissur,Kerala,10.5487,76.3323
680653,Thrissur,Kerala,10.5111,76.3466
680654,Thrissur,Kerala,10.3245,76.1708
680655,Thrissur,Kerala,10.3121,76.1453
680656,Thrissur,Kerala,10.3236,76.1714
680661,Thrissur,Kerala,10.3282,76.2188
680662,Thrissur,Kerala,10.3013,76.2353
680663,Thrissur,Kerala,10.2473,76.2123
680664,Thrissur,Kerala,10.2247,76.1964
680665,Thrissur,Kerala,10.5021,76.2025
680666,Thrissur,Kerala,10.2000,76.1715
680667,Thrissur,Kerala,10.1880,76.2057
680668,Thrissur,Kerala,10.2800,76.1900
680669,Thrissur,Kerala,10.2016,76.1983
680670,Thrissur,Kerala,10.2733,76.2121
680671,Thrissur,Kerala,10.2452,76.1715
680681,Thrissur,Kerala,10.3350,76.1476
680682,Thrissur,Kerala,10.2700,76.2446
680683,Thrissur,Kerala,10.3300,76.2600
680684,Thrissur,Kerala,10.3700,76.3100
680685,Thrissur,Kerala,10.2962,76.1670
680686,Thrissur,Kerala,10.3027,76.1355
680687,Thrissur,Kerala,10.3333,76.1554
680688,Thrissur,Kerala,10.3100,76.1974
680689,Thrissur,Kerala,10.3930,76.2912
680691,Thrissur,Kerala,10.2937,76.1479
680697,Thrissur,Kerala,10.3050,76.2900
680699,Thrissur,Kerala,10.3700,76.4000
680701,Thrissur,Kerala,10.3687,76.1909
680702,Thrissur,Kerala,10.3850,76.1400
680703,Thrissur,Kerala,10.3793,76.1392
680711,Thrissur,Kerala,10.4042,76.2100
680712,Thrissur,Kerala,10.3773,76.2186
680721,Thrissur,Kerala,10.3400,76.3850
680722,Thrissur,Kerala,10.2900,76.3200
680724,Thrissur,Kerala,10.3350,76.4050
680731,Thrissur,Kerala,10.2700,76.2800
680732,Thrissur,Kerala,10.2300,76.2640
680733,Thrissur,Kerala,10.2536,76.2608
680734,Thrissur,Kerala,10.2084,76.2800
680741,Thrissur,Kerala,10.3450,76.2850
680751,Thrissur,Kerala,10.5128,76.2825
682001,Ernakulam,Kerala,9.9656,76.2414
682002,Ernakulam,Kerala,9.9593,76.2584
682003,Ernakulam,Kerala,9.9496,76.2775
682004,Ernakulam,Kerala,9.9345,76.7509
682005,Ernakulam,Kerala,9.9354,76.2584
682006,Ernakulam,Kerala,9.9162,76.2755
682007,Ernakulam,Kerala,9.8830,76.2866
682008,Ernakulam,Kerala,9.8753,76.2644
682009,Ernakulam,Kerala,9.9686,76.2585
682010,Ernakulam,Kerala,9.9021,76.2998
682011,Ernakulam,Kerala,9.9719,76.2823
682012,Ernakulam,Kerala,10.0016,76.2821
682013,Ernakulam,Kerala,9.9386,76.2963
682015,Ernakulam,Kerala,9.9495,76.2924
682016,Ernakulam,Kerala,9.9858,76.2862
682017,Ernakulam,Kerala,9.9957,76.2921
682018,Ernakulam,Kerala,9.9914,76.2814
682019,Ernakulam,Kerala,9.9666,76.3179
682020,Ernakulam,Kerala,9.9662,76.2992
682021,Ernakulam,Kerala,10.0237,76.3335
682022,Ernakulam,Kerala,9.7509,76.3675
682023,Ernakulam,Kerala,10.0231,76.2732
682024,Ernakulam,Kerala,10.0306,76.3012
682025,Ernakulam,Kerala,10.0022,76.3044
682026,Ernakulam,Kerala,10.0189,76.0234
682027,Ernakulam,Kerala,10.0525,76.2663
682028,Ernakulam,Kerala,9.9966,76.3190
682029,Ernakulam,Kerala,9.9399,76.2683
682030,Ernakulam,Kerala,10.0211,76.3438
682031,Ernakulam,Kerala,9.9828,76.2794
682032,Ernakulam,Kerala,9.9842,76.3123
682033,Ernakulam,Kerala,10.0406,76.3181
682034,Ernakulam,Kerala,10.0572,76.2871
682035,Ernakulam,Kerala,9.9824,76.2693
682036,Ernakulam,Kerala,9.9629,76.2972
682037,Ernakulam,Kerala,10.0082,76.3443
682038,Ernakulam,Kerala,9.9507,76.3335
682039,Ernakulam,Kerala,10.1102,76.3596
682040,Ernakulam,Kerala,9.9280,76.3222
682041,Ernakulam,Kerala,10.1102,76.3596
682042,Ernakulam,Kerala,9.9719,76.2823
682050,Ernakulam,Kerala,9.9816,76.2999
682051,Ernakulam,Kerala,9.9704,76.2991
682052,Ernakulam,Kerala,10.0212,76.3438
682301,Ernakulam,Kerala,9.9451,76.3547
682302,Ernakulam,Kerala,9.9763,76.3852
682303,Ernakulam,Kerala,9.9890,76.3924
682304,Ernakulam,Kerala,9.9378,76.3234
682305,Ernakulam,Kerala,9.9395,76.3756
682306,Ernakulam,Kerala,9.9732,76.3353
682307,Ernakulam,Kerala,9.8587,76.3832
682308,Ernakulam,Kerala,9.9503,76.4391
682309,Ernakulam,Kerala,10.1102,76.3596
682310,Ernakulam,Kerala,9.9935,76.4292
682311,Ernakulam,Kerala,9.9775,76.4829
682312,Ernakulam,Kerala,9.8467,76.3885
682313,Ernakulam,Kerala,9.8680,76.4372
682314,Ernakulam,Kerala,9.8974,76.4158
682315,Ernakulam,Kerala,9.8607,76.4113
682316,Ernakulam,Kerala,9.9794,76.5504
682317,Ernakulam,Kerala,9.8576,76.4170
682501,Ernakulam,Kerala,10.1125,76.2019
682502,Ernakulam,Kerala,10.0943,76.2068
682503,Ernakulam,Kerala,10.0193,76.2274
682504,Ernakulam,Kerala,10.0076,76.2538
682505,Ernakulam,Kerala,10.0473,76.2176
682506,Ernakulam,Kerala,10.0087,76.3327
682507,Ernakulam,Kerala,9.9235,76.2569
682508,Ernakulam,Kerala,9.9995,76.2326
682509,Ernakulam,Kerala,10.0663,76.2170
682511,Ernakulam,Kerala,10.1102,76.3596
682551,Lakshadweep District,Lakshadweep,10.8546,72.1926
682552,Lakshadweep District,Lakshadweep,10.8546,72.1926
682553,Lakshadweep District,Lakshadweep,10.8546,72.1926
682554,Lakshadweep District,Lakshadweep,10.8546,72.1926
682555,Lakshadweep District,Lakshadweep,,
682556,Lakshadweep District,Lakshadweep,10.8546,72.1926
682557,Lakshadweep District,Lakshadweep,10.8546,72.1926
682558,Lakshadweep District,Lakshadweep,10.8546,72.1926
682559,Lakshadweep District,Lakshadweep,10.8546,72.1926
683101,Ernakulam,Kerala,10.1073,76.3596
683102,Ernakulam,Kerala,10.1297,76.3475
683104,Ernakulam,Kerala,,
683105,Ernakulam,Kerala,10.1102,76.4160
683106,Ernakulam,Kerala,,
683108,Ernakulam,Kerala,10.1079,76.3457
683110,Ernakulam,Kerala,10.0581,76.3992
683111,Ernakulam,Kerala,10.1102,76.3596
683112,Ernakulam,Kerala,10.1102,76.3596
683501,Ernakulam,Kerala,10.0741,76.2999
683502,Ernakulam,Kerala,,
683503,Ernakulam,Kerala,10.0431,76.3286
683511,Ernakulam,Kerala,10.1293,76.3003
683512,Ernakulam,Kerala,10.1723,76.2368
683513,Ernakulam,Kerala,10.1079,76.2855
683514,Ernakulam,Kerala,10.1391,76.1934
683515,Ernakulam,Kerala,10.1730,76.1767
683516,Ernakulam,Kerala,10.1880,76.2006
683517,Ernakulam,Kerala,10.0705,76.2759
683518,Ernakulam,Kerala,10.1044,76.2787
683519,Ernakulam,Kerala,10.1193,76.2465
683520,Ernakulam,Kerala,10.1461,76.2654
683521,Ernakulam,Kerala,10.1784,76.2247
683522,Ernakulam,Kerala,10.1628,76.2022
683541,Ernakulam,Kerala,10.0730,76.4520
683542,Ernakulam,Kerala,10.1154,76.4765
683543,Ernakulam,Kerala,,
683544,Ernakulam,Kerala,10.1747,76.5129
683545,Ernakulam,Kerala,10.1264,76.2332
683546,Ernakulam,Kerala,10.1431,76.5377
683547,Ernakulam,Kerala,10.1102,76.3596
683548,Ernakulam,Kerala,10.1154,76.4765
683549,Ernakulam,Kerala,,
683550,Ernakulam,Kerala,,
683556,Ernakulam,Kerala,10.1500,76.6562
683561,Ernakulam,Kerala,10.0717,76.3887
683562,Ernakulam,Kerala,10.0253,76.4495
683563,Ernakulam,Kerala,10.1102,76.3596
683565,Ernakulam,Kerala,10.0102,76.4075
683571,Ernakulam,Kerala,10.1259,76.3854
683572,Ernakulam,Kerala,9.9833,76.3857
683573,Ernakulam,Kerala,10.1761,76.3753
683574,Ernakulam,Kerala,10.1748,76.4315
683575,Ernakulam,Kerala,10.1446,76.4238
683576,Ernakulam,Kerala,10.2429,76.3936
683577,Ernakulam,Kerala,10.2257,76.4127
683578,Ernakulam,Kerala,10.1553,76.3243
683579,Ernakulam,Kerala,10.1855,76.3272
683580,Ernakulam,Kerala,10.1329,76.3992
683581,Ernakulam,Kerala,10.2487,76.4735
683585,Ernakulam,Kerala,10.1284,76.3565
683587,Ernakulam,Kerala,10.1836,76.5034
683589,Ernakulam,Kerala,10.1619,76.3690
683594,Ernakulam,Kerala,10.1748,76.2766
685501,Idukki,Kerala,9.6494,76.9730
685503,Idukki,Kerala,9.7243,76.9041
685505,Idukki,Kerala,9.7004,77.0052
685507,Idukki,Kerala,9.6987,77.0791
685508,Idukki,Kerala,9.7539,77.1161
685509,Idukki,Kerala,9.6057,77.1547
685511,Idukki,Kerala,9.7343,77.0679
685512,Idukki,Kerala,9.7114,77.1467
685514,Idukki,Kerala,9.8050,77.1017
685515,Idukki,Kerala,9.7686,77.1027
685531,Idukki,Kerala,9.5780,77.0139
685532,Idukki,Kerala,9.5346,76.9360
685533,Idukki,Kerala,9.5949,77.0753
685535,Idukki,Kerala,9.6246,77.1226
685551,Idukki,Kerala,9.7343,77.1785
685552,Idukki,Kerala,9.8111,77.2089
685553,Idukki,Kerala,9.8383,77.1329
685554,Idukki,Kerala,9.8986,77.1809
685561,Idukki,Kerala,10.0229,76.9260
685562,Idukki,Kerala,9.9819,77.0097
685563,Idukki,Kerala,9.9818,77.0449
685565,Idukki,Kerala,10.0333,77.0475
685566,Idukki,Kerala,9.9609,77.1104
685571,Idukki,Kerala,9.9270,77.0745
685581,Idukki,Kerala,9.9183,76.8058
685582,Idukki,Kerala,9.9503,76.7514
685583,Idukki,Kerala,9.8717,76.6501
685584,Idukki,Kerala,9.8952,76.7188
685585,Idukki,Kerala,9.8763,76.7338
685586,Idukki,Kerala,9.8560,76.6846
685587,Idukki,Kerala,9.8140,76.7377
685588,Idukki,Kerala,9.8700,76.7929
685589,Idukki,Kerala,9.7867,76.8483
685590,Idukki,Kerala,9.8175,76.8011
685591,Idukki,Kerala,9.8138,76.8245
685595,Idukki,Kerala,9.9022,76.8192
685601,Idukki,Kerala,9.7958,76.8785
685602,Idukki,Kerala,9.8580,76.9563
685603,Idukki,Kerala,9.8538,76.9481
685604,Idukki,Kerala,9.9005,77.0270
685605,Idukki,Kerala,9.9131,76.7362
685606,Idukki,Kerala,9.9378,76.9460
685607,Idukki,Kerala,9.9913,76.8144
685608,Idukki,Kerala,9.9084,76.6765
685609,Idukki,Kerala,9.8664,77.0542
685612,Idukki,Kerala,10.0734,77.0601
685613,Idukki,Kerala,10.0081,77.1210
685614,Idukki,Kerala,10.0768,77.1333
685615,Idukki,Kerala,10.1565,77.2392
685616,Idukki,Kerala,10.1085,77.1307
685618,Idukki,Kerala,10.0434,77.1756
685619,Idukki,Kerala,9.9683,77.1921
685620,Idukki,Kerala,10.2593,77.1747
686001,Kottayam,Kerala,9.5909,76.5212
686002,Kottayam,Kerala,9.6043,76.5320
686003,Kottayam,Kerala,9.5834,76.5101
686004,Kottayam,Kerala,9.5869,76.5213
686005,Kottayam,Kerala,9.5869,76.5213
686006,Kottayam,Kerala,9.6181,76.5308
686007,Kottayam,Kerala,9.5869,76.5213
686008,Kottayam,Kerala,9.5869,76.5213
686009,Kottayam,Kerala,9.5869,76.5213
686010,Kottayam,Kerala,9.5907,76.5654
686011,Kottayam,Kerala,9.5000,76.5333
686012,Kottayam,Kerala,9.5441,76.5181
686013,Kottayam,Kerala,9.5634,76.5280
686014,Kottayam,Kerala,9.6114,76.4823
686015,Kottayam,Kerala,9.2500,76.5300
686016,Kottayam,Kerala,9.5913,76.5219
686017,Kottayam,Kerala,9.4067,76.5290
686018,Kottayam,Kerala,9.5705,76.5568
686019,Kottayam,Kerala,9.5634,76.5280
686020,Kottayam,Kerala,9.4096,76.5282
686021,Kottayam,Kerala,9.5693,76.5263
686022,Kottayam,Kerala,9.2500,76.5300
686041,Kottayam,Kerala,9.2500,76.5300
686101,Kottayam,Kerala,9.4440,76.5423
686102,Kottayam,Kerala,9.4405,76.5440
686103,Kottayam,Kerala,9.4580,76.5367
686104,Kottayam,Kerala,9.4637,76.5468
686105,Kottayam,Kerala,9.4468,76.5889
686106,Kottayam,Kerala,9.4678,76.5535
686121,Kottayam,Kerala,9.6858,76.7751
686122,Kottayam,Kerala,9.6863,76.7726
686123,Kottayam,Kerala,9.4200,76.6900
686141,Kottayam,Kerala,9.7496,76.3902
686143,Kottayam,Kerala,9.4985,76.4626
686144,Kottayam,Kerala,9.5835,76.5426
686146,Kottayam,Kerala,9.4985,76.4626
686501,Kottayam,Kerala,9.7188,76.5425
686502,Kottayam,Kerala,9.5879,76.6442
686503,Kottayam,Kerala,9.6052,76.6712
686504,Kottayam,Kerala,9.5669,76.7149
686505,Kottayam,Kerala,9.5546,76.7167
686506,Kottayam,Kerala,9.5633,76.7658
686507,Kottayam,Kerala,9.5553,76.7904
686508,Kottayam,Kerala,9.6075,76.7764
686509,Kottayam,Kerala,9.4839,76.8464
686510,Pathanamthitta,Kerala,9.4350,76.8798
686511,Pathanamthitta,Kerala,9.4278,76.8584
686512,Kottayam,Kerala,9.5842,76.8349
686513,Kottayam,Kerala,9.5067,76.9000
686514,Kottayam,Kerala,9.5902,76.8864
686515,Kottayam,Kerala,9.5515,76.6897
686516,Kottayam,Kerala,9.2500,76.5300
686517,Kottayam,Kerala,9.5380,76.7196
686518,Kottayam,Kerala,9.5407,76.8120
686519,Kottayam,Kerala,9.5366,76.7638
686520,Kottayam,Kerala,9.5154,76.7800
686521,Kottayam,Kerala,9.5414,76.6545
686522,Kottayam,Kerala,9.5973,76.7384
686531,Kottayam,Kerala,9.5215,76.5230
686532,Kottayam,Kerala,9.5037,76.5347
686533,Kottayam,Kerala,9.5235,76.5365
686534,Alappuzha,Kerala,9.4948,76.4997
686535,Kottayam,Kerala,9.4807,76.5361
686536,Kottayam,Kerala,9.4795,76.5987
686537,Kottayam,Kerala,9.4244,76.5848
686538,Kottayam,Kerala,9.5043,76.5729
686539,Kottayam,Kerala,9.5246,76.5977
686540,Kottayam,Kerala,9.4978,76.6337
686541,Kottayam,Kerala,9.5072,76.7084
686542,Kottayam,Kerala,9.5079,76.6595
686543,Kottayam,Kerala,9.4942,76.7513
686544,Kottayam,Kerala,9.4704,76.7688
686545,Kottayam,Kerala,9.4775,76.6119
686546,Kottayam,Kerala,9.4574,76.5920
686547,Pathanamthitta,Kerala,9.4559,76.7378
686548,Kottayam,Kerala,9.4256,76.5626
686555,Kottayam,Kerala,9.5334,76.6757
686560,Kottayam,Kerala,9.6000,76.4333
686561,Kottayam,Kerala,9.4250,76.4817
686562,Kottayam,Kerala,9.6642,76.5343
686563,Kottayam,Kerala,9.6000,76.4333
686564,Kottayam,Kerala,9.6000,76.4333
686571,Kottayam,Kerala,9.7155,76.6070
686572,Kottayam,Kerala,9.7280,76.7063
686573,Kottayam,Kerala,9.5740,76.6981
686574,Kottayam,Kerala,9.7280,76.7063
686575,Kottayam,Kerala,9.7129,76.6829
686576,Kottayam,Kerala,9.7997,76.6623
686577,Kottayam,Kerala,9.7280,76.7063
686578,Kottayam,Kerala,9.6970,76.7241
686579,Kottayam,Kerala,9.7138,76.7690
686580,Kottayam,Kerala,9.7031,76.8122
686581,Kottayam,Kerala,9.4000,76.4800
686582,Kottayam,Kerala,9.5278,76.6464
686583,Kottayam,Kerala,9.4200,76.6900
686584,Kottayam,Kerala,9.6852,76.6384
686585,Kottayam,Kerala,9.6251,76.6991
686586,Kottayam,Kerala,9.4200,76.6900
686587,Kottayam,Kerala,9.2500,76.5300
686601,Kottayam,Kerala,9.6853,76.5055
686602,Kottayam,Kerala,9.2500,76.5300
686603,Kottayam,Kerala,9.7499,76.4428
686604,Kottayam,Kerala,9.5138,76.5202
686605,Kottayam,Kerala,9.7790,76.4503
686606,Kottayam,Kerala,9.4881,76.4682
686607,Kottayam,Kerala,9.4809,76.4778
686608,Kottayam,Kerala,9.7991,76.3954
686609,Kottayam,Kerala,9.3400,76.2900
686610,Kottayam,Kerala,9.6552,76.4176
686611,Kottayam,Kerala,9.6202,76.6125
686612,Kottayam,Kerala,9.8204,76.5351
686613,Kottayam,Kerala,9.8204,76.5351
686616,Kottayam,Kerala,9.4600,76.2800
686630,Kottayam,Kerala,9.6690,76.5592
686631,Kottayam,Kerala,9.6694,76.5592
686632,Kottayam,Kerala,9.6690,76.5592
686633,Kottayam,Kerala,9.6690,76.5592
686634,Kottayam,Kerala,9.5445,76.6246
686635,Kottayam,Kerala,9.5495,76.4746
686636,Kottayam,Kerala,9.5745,76.4496
686637,Kottayam,Kerala,,
686651,Kottayam,Kerala,9.8204,76.5351
686652,Kottayam,Kerala,9.8204,76.5351
686653,Kottayam,Kerala,9.7138,76.6829
686661,Ernakulam,Kerala,9.9802,76.5805
686662,Ernakulam,Kerala,9.8853,76.5749
686663,Ernakulam,Kerala,9.9345,76.4889
686664,Ernakulam,Kerala,9.8758,76.4894
686665,Ernakulam,Kerala,9.8327,76.5442
686666,Ernakulam,Kerala,10.0538,76.6192
686667,Ernakulam,Kerala,9.9032,76.5054
686668,Ernakulam,Kerala,9.9753,76.6829
686669,Ernakulam,Kerala,10.0072,76.5049
686670,Ernakulam,Kerala,9.9334,76.6572
686671,Ernakulam,Kerala,10.0036,76.6500
686672,Ernakulam,Kerala,9.9234,76.6071
686673,Ernakulam,Kerala,9.9910,76.5832
686681,Ernakulam,Kerala,10.1500,76.7333
686691,Ernakulam,Kerala,10.1102,76.3596
686692,Ernakulam,Kerala,10.1102,76.5920
686693,Ernakulam,Kerala,10.0584,76.6830
688001,Alappuzha,Kerala,9.4990,76.3353
688002,Alappuzha,Kerala,9.4883,76.3341
688003,Alappuzha,Kerala,9.3305,76.2664
688004,Alappuzha,Kerala,9.4193,76.3353
688005,Alappuzha,Kerala,9.4026,76.3663
688006,Alappuzha,Kerala,9.5316,76.3485
688007,Alappuzha,Kerala,9.5139,76.3243
688008,Alappuzha,Kerala,9.5295,76.3131
688009,Alappuzha,Kerala,9.4555,76.3637
688011,Alappuzha,Kerala,9.4986,76.3637
688012,Alappuzha,Kerala,9.4992,76.3260
688013,Alappuzha,Kerala,9.5042,76.3428
688014,Alappuzha,Kerala,9.4572,76.3346
688501,Alappuzha,Kerala,9.4780,76.3927
688502,Alappuzha,Kerala,9.4486,76.4215
688503,Alappuzha,Kerala,9.4436,76.4042
688504,Alappuzha,Kerala,9.4512,76.4426
688505,Alappuzha,Kerala,9.4133,76.4061
688506,Alappuzha,Kerala,9.4832,76.4680
688521,Alappuzha,Kerala,9.5381,76.3323
688522,Alappuzha,Kerala,9.5704,76.3157
688523,Alappuzha,Kerala,9.6065,76.3154
688524,Alappuzha,Kerala,9.6898,76.3369
688525,Alappuzha,Kerala,9.6050,76.3592
688526,Alappuzha,Kerala,9.7956,76.3465
688527,Alappuzha,Kerala,9.6625,76.3745
688528,Alappuzha,Kerala,9.7744,76.3389
688529,Alappuzha,Kerala,9.7151,76.3031
688530,Alappuzha,Kerala,9.6694,76.2925
688531,Alappuzha,Kerala,9.7419,76.3029
688532,Alappuzha,Kerala,9.6715,76.3455
688533,Alappuzha,Kerala,9.7851,76.3027
688534,Alappuzha,Kerala,9.4995,76.3382
688535,Alappuzha,Kerala,9.8554,76.3383
688536,Alappuzha,Kerala,9.7240,76.3399
688537,Alappuzha,Kerala,9.8240,76.3105
688538,Alappuzha,Kerala,9.5732,76.3490
688539,Alappuzha,Kerala,9.6680,76.3367
688540,Alappuzha,Kerala,9.7710,76.3020
688541,Alappuzha,Kerala,9.7450,76.3640
688555,Alappuzha,Kerala,9.6488,76.3694
688561,Alappuzha,Kerala,9.3326,76.3765
688562,Alappuzha,Kerala,9.3690,76.4098
688570,Alappuzha,Kerala,9.8355,76.3515
688582,Alappuzha,Kerala,9.6307,76.3256
689101,Pathanamthitta,Kerala,9.3345,76.5695
689102,Pathanamthitta,Kerala,9.3560,76.5601
689103,Pathanamthitta,Kerala,9.4239,76.5959
689104,Pathanamthitta,Kerala,9.3588,76.5411
689105,Pathanamthitta,Kerala,9.3834,76.5893
689106,Pathanamthitta,Kerala,9.3112,76.6797
689107,Pathanamthitta,Kerala,9.4951,76.7287
689108,Pathanamthitta,Kerala,9.4399,76.4537
689109,Alappuzha,Kerala,9.4555,76.5145
689110,Pathanamthitta,Kerala,9.4357,76.4687
689111,Pathanamthitta,Kerala,9.3900,76.5700
689112,Pathanamthitta,Kerala,9.3765,76.5227
689113,Pathanamthitta,Kerala,9.3660,76.5459
689115,Pathanamthitta,Kerala,9.4300,76.8000
689121,Alappuzha,Kerala,9.3504,76.7064
689122,Alappuzha,Kerala,9.3077,76.6308
689123,Alappuzha,Kerala,9.3254,76.6313
689124,Alappuzha,Kerala,9.3300,76.6041
689126,Alappuzha,Kerala,9.3016,76.6117
689501,Pathanamthitta,Kerala,9.2050,76.7000
689502,Pathanamthitta,Kerala,9.2200,76.7100
689503,Pathanamthitta,Kerala,9.2400,76.6800
689504,Alappuzha,Kerala,9.5550,76.6200
689505,Alappuzha,Kerala,9.2815,76.4804
689506,Alappuzha,Kerala,9.3269,76.5777
689507,Pathanamthitta,Kerala,9.7000,76.7000
689508,Alappuzha,Kerala,9.2700,76.6000
689509,Alappuzha,Kerala,9.2457,76.6523
689510,Alappuzha,Kerala,9.3051,76.5748
689511,Alappuzha,Kerala,9.2773,76.5705
689512,Alappuzha,Kerala,9.4995,76.3382
689513,Pathanamthitta,Kerala,9.1550,76.6450
689514,Pathanamthitta,Kerala,9.2874,76.6846
689515,Pathanamthitta,Kerala,9.2028,76.6762
689520,Alappuzha,Kerala,9.2934,76.4729
689521,Alappuzha,Kerala,9.5700,76.0700
689531,Pathanamthitta,Kerala,9.3489,76.6539
689532,Pathanamthitta,Kerala,9.3083,76.6767
689533,Pathanamthitta,Kerala,9.3265,76.6840
689541,Pathanamthitta,Kerala,9.3742,76.6133
689542,Pathanamthitta,Kerala,9.3813,76.6268
689543,Pathanamthitta,Kerala,9.3910,76.6529
689544,Pathanamthitta,Kerala,9.4061,76.6835
689545,Pathanamthitta,Kerala,9.3767,76.6988
689546,Pathanamthitta,Kerala,9.3504,76.6239
689547,Pathanamthitta,Kerala,9.3632,76.6551
689548,Pathanamthitta,Kerala,9.3694,76.6737
689549,Pathanamthitta,Kerala,9.3450,76.6954
689550,Pathanamthitta,Kerala,9.3615,76.7019
689551,Pathanamthitta,Kerala,9.3589,76.6149
689571,Alappuzha,Kerala,9.5325,76.3325
689572,Alappuzha,Kerala,9.3700,76.4997
689573,Alappuzha,Kerala,9.3695,76.4500
689574,Alappuzha,Kerala,,
689581,Pathanamthitta,Kerala,9.4368,76.6128
689582,Pathanamthitta,Kerala,9.4100,76.5986
689583,Pathanamthitta,Kerala,9.4500,76.6500
689584,Pathanamthitta,Kerala,9.4400,76.6500
689585,Pathanamthitta,Kerala,9.4395,76.6554
689586,Pathanamthitta,Kerala,9.4187,76.7161
689587,Pathanamthitta,Kerala,9.4400,76.6856
689588,Pathanamthitta,Kerala,9.1100,76.6600
689589,Pathanamthitta,Kerala,9.4743,76.6705
689590,Alappuzha,Kerala,9.4448,76.4708
689591,Pathanamthitta,Kerala,9.6600,76.9300
689592,Pathanamthitta,Kerala,9.3700,76.5600
689594,Pathanamthitta,Kerala,9.4373,76.6284
689595,Alappuzha,Kerala,9.4111,76.4624
689597,Pathanamthitta,Kerala,,
689602,Pathanamthitta,Kerala,9.3700,76.5600
689611,Pathanamthitta,Kerala,9.3587,76.7223
689612,Pathanamthitta,Kerala,9.3731,76.7332
689613,Pathanamthitta,Kerala,9.3948,76.7308
689614,Pathanamthitta,Kerala,9.3587,76.7600
689615,Pathanamthitta,Kerala,9.4101,76.7488
689621,Pathanamthitta,Kerala,9.3415,76.5249
689622,Alappuzha,Kerala,9.3239,76.5285
689623,Alappuzha,Kerala,9.1800,76.3600
689624,Alappuzha,Kerala,9.2464,76.2990
689625,Pathanamthitta,Kerala,9.2550,76.7150
689626,Pathanamthitta,Kerala,9.3300,76.3600
689627,Alappuzha,Kerala,9.4995,76.3382
689641,Pathanamthitta,Kerala,9.3334,76.7140
689642,Pathanamthitta,Kerala,9.3250,76.7400
689643,Pathanamthitta,Kerala,9.2900,76.7400
689644,Pathanamthitta,Kerala,9.6100,76.8300
689645,Pathanamthitta,Kerala,9.1621,76.8536
689646,Pathanamthitta,Kerala,9.2353,76.8081
689647,Pathanamthitta,Kerala,9.2447,76.7489
689648,Pathanamthitta,Kerala,9.2100,76.7700
689649,Pathanamthitta,Kerala,9.3200,76.7800
689650,Pathanamthitta,Kerala,9.3100,76.8700
689652,Pathanamthitta,Kerala,9.0000,76.9100
689653,Pathanamthitta,Kerala,9.2700,76.8300
689654,Pathanamthitta,Kerala,9.1300,76.8700
689656,Pathanamthitta,Kerala,9.2100,76.8150
689661,Pathanamthitta,Kerala,9.5800,76.7400
689662,Pathanamthitta,Kerala,9.3408,76.8950
689663,Pathanamthitta,Kerala,9.3300,76.9300
689664,Pathanamthitta,Kerala,9.3100,76.8300
689666,Pathanamthitta,Kerala,9.7700,76.7600
689667,Pathanamthitta,Kerala,9.3400,76.9750
689668,Pathanamthitta,Kerala,9.5350,76.7050
689671,Pathanamthitta,Kerala,9.2900,76.8100
689672,Pathanamthitta,Kerala,9.3500,76.7900
689673,Pathanamthitta,Kerala,9.3827,76.7950
689674,Pathanamthitta,Kerala,9.3850,76.7700
689675,Pathanamthitta,Kerala,9.4300,76.7900
689676,Pathanamthitta,Kerala,9.4300,76.8250
689677,Pathanamthitta,Kerala,9.5150,76.7150
689678,Pathanamthitta,Kerala,9.3100,76.7950
689691,Pathanamthitta,Kerala,9.2100,76.8650
689692,Pathanamthitta,Kerala,9.2500,76.8700
689693,Pathanamthitta,Kerala,9.1600,76.8700
689694,Pathanamthitta,Kerala,9.1200,76.9200
689695,Kollam,Kerala,9.0938,76.8500
689696,Kollam,Kerala,9.0700,76.9300
689698,Pathanamthitta,Kerala,9.4350,76.7900
689699,Pathanamthitta,Kerala,9.2400,76.9300
689711,Pathanamthitta,Kerala,9.3605,76.8500
689713,Pathanamthitta,Kerala,9.4222,77.0691
690101,Alappuzha,Kerala,9.2404,76.5377
690102,Alappuzha,Kerala,9.3472,76.3773
690103,Alappuzha,Kerala,9.2533,76.5099
690104,Alappuzha,Kerala,9.2638,76.5306
690105,Alappuzha,Kerala,9.2809,76.5209
690106,Alappuzha,Kerala,9.2254,76.5152
690107,Alappuzha,Kerala,9.2208,76.5488
690108,Alappuzha,Kerala,9.3747,76.4591
690110,Alappuzha,Kerala,9.2370,76.6083
690501,Alappuzha,Kerala,9.1454,76.5816
690502,Alappuzha,Kerala,9.1757,76.4973
690503,Alappuzha,Kerala,9.1776,76.5644
690504,Alappuzha,Kerala,9.1684,76.6540
690505,Alappuzha,Kerala,9.1677,76.5983
690506,Alappuzha,Kerala,9.2036,76.4486
690507,Alappuzha,Kerala,9.2394,76.4788
690508,Alappuzha,Kerala,9.3555,76.4268
690509,Alappuzha,Kerala,9.3401,76.5371
690510,Alappuzha,Kerala,9.3900,76.0600
690511,Alappuzha,Kerala,9.4100,76.2000
690512,Alappuzha,Kerala,9.3871,76.4093
690513,Alappuzha,Kerala,9.2615,76.4601
690514,Alappuzha,Kerala,9.3028,76.4617
690515,Alappuzha,Kerala,9.2623,76.4051
690516,Alappuzha,Kerala,9.2684,76.4219
690517,Alappuzha,Kerala,9.3241,76.4412
690518,Kollam,Kerala,9.0600,76.5400
690519,Kollam,Kerala,9.0415,76.5650
690520,Kollam,Kerala,9.0700,76.6500
690521,Kollam,Kerala,9.0400,76.6100
690522,Kollam,Kerala,9.0700,76.6200
690523,Kollam,Kerala,9.0775,76.5400
690524,Kollam,Kerala,8.9700,76.5700
690525,Kollam,Kerala,9.1000,76.5000
690526,Kollam,Kerala,9.1250,76.5250
690527,Alappuzha,Kerala,9.3329,76.4154
690528,Kollam,Kerala,9.1050,76.5100
690529,Alappuzha,Kerala,9.2803,76.3355
690530,Alappuzha,Kerala,9.4700,76.1600
690531,Alappuzha,Kerala,9.3431,76.3939
690532,Alappuzha,Kerala,,
690533,Alappuzha,Kerala,9.1427,76.5277
690534,Alappuzha,Kerala,9.2303,76.6008
690535,Alappuzha,Kerala,9.3258,76.4006
690536,Kollam,Kerala,9.0375,76.5500
690537,Alappuzha,Kerala,9.4995,76.3382
690538,Kollam,Kerala,9.0200,76.5900
690539,Kollam,Kerala,9.0519,76.3321
690540,Kollam,Kerala,9.0350,76.6650
690542,Kollam,Kerala,9.0800,76.5000
690544,Kollam,Kerala,9.0750,76.5300
690546,Kollam,Kerala,9.0900,76.4900
690547,Kollam,Kerala,9.1200,76.4900
690548,Alappuzha,Kerala,9.2887,76.4164
690558,Alappuzha,Kerala,9.2374,76.6108
690559,Alappuzha,Kerala,9.4995,76.3382
690561,Kollam,Kerala,9.1200,76.6100
690571,Alappuzha,Kerala,,
690572,Alappuzha,Kerala,9.3470,76.4190
690573,Kollam,Kerala,9.0500,76.5100
690574,Kollam,Kerala,9.1150,76.5850
691001,Kollam,Kerala,8.8800,76.5900
691002,Kollam,Kerala,8.8900,76.5900
691003,Kollam,Kerala,8.9100,76.5600
691004,Kollam,Kerala,8.8950,76.6150
691005,Kollam,Kerala,8.9100,76.6400
691006,Kollam,Kerala,8.8700,76.5900
691007,Kollam,Kerala,8.8800,76.5700
691008,Kollam,Kerala,8.8900,76.6000
691009,Kollam,Kerala,8.8900,76.5800
691010,Kollam,Kerala,8.8750,76.6100
691011,Kollam,Kerala,8.8600,76.6250
691012,Kollam,Kerala,8.9000,76.5700
691013,Kollam,Kerala,8.8900,76.5800
691014,Kollam,Kerala,8.9300,76.6400
691015,Kollam,Kerala,8.9000,76.6200
691016,Kollam,Kerala,8.8600,76.6100
691019,Kollam,Kerala,8.9000,76.6100
691020,Kollam,Kerala,8.8600,76.6400
691021,Kollam,Kerala,8.8800,76.6200
691301,Kollam,Kerala,8.8100,76.6700
691302,Kollam,Kerala,8.8000,76.6900
691303,Kollam,Kerala,8.8350,76.6550
691304,Kollam,Kerala,8.8500,76.6600
691305,Kollam,Kerala,9.0144,76.9285
691306,Kollam,Kerala,8.9187,76.9100
691307,Kollam,Kerala,8.9950,77.0100
691308,Kollam,Kerala,8.9650,77.0600
691309,Kollam,Kerala,8.9800,77.1300
691310,Kollam,Kerala,8.9050,77.0400
691311,Kollam,Kerala,8.8700,76.9581
691312,Kollam,Kerala,8.9300,76.9800
691319,Kollam,Kerala,8.7900,76.6700
691322,Kollam,Kerala,9.0000,76.9000
691331,Kollam,Kerala,9.0300,76.9400
691332,Kollam,Kerala,9.0274,76.9084
691333,Kollam,Kerala,8.9850,76.9200
691334,Kollam,Kerala,8.8350,76.6900
691500,Kollam,Kerala,9.0200,76.6300
691501,Kollam,Kerala,8.9700,76.6900
691502,Kollam,Kerala,9.0000,76.6400
691503,Kollam,Kerala,8.9850,76.6700
691504,Kollam,Kerala,8.9400,76.6800
691505,Kollam,Kerala,8.9900,76.7200
691506,Kollam,Kerala,9.0000,76.7700
691507,Kollam,Kerala,9.0350,76.7200
691508,Kollam,Kerala,9.0400,76.8500
691509,Kollam,Kerala,8.9400,76.7200
691510,Kollam,Kerala,8.8800,76.7800
691511,Kollam,Kerala,8.9500,76.6450
691512,Kollam,Kerala,8.9500,76.7600
691515,Kollam,Kerala,8.9300,76.7100
691516,Kollam,Kerala,8.8700,76.8100
691520,Kollam,Kerala,8.9300,76.8000
691521,Kollam,Kerala,9.0800,76.7400
691522,Kollam,Kerala,9.0700,76.8050
691523,Pathanamthitta,Kerala,9.1568,76.7304
691524,Pathanamthitta,Kerala,9.1250,76.8100
691525,Pathanamthitta,Kerala,9.1850,76.7450
691526,Pathanamthitta,Kerala,9.1250,76.7600
691527,Kollam,Kerala,8.9700,76.7800
691530,Pathanamthitta,Kerala,9.2643,76.7873
691531,Kollam,Kerala,8.9900,76.7800
691532,Kollam,Kerala,8.9550,76.8450
691533,Kollam,Kerala,8.9000,76.8400
691534,Kollam,Kerala,8.8650,76.8700
691535,Kollam,Kerala,8.8300,76.8700
691536,Kollam,Kerala,8.8300,76.9300
691537,Kollam,Kerala,8.8900,76.7700
691538,Kollam,Kerala,8.9800,76.8500
691540,Kollam,Kerala,8.9300,76.7050
691541,Kollam,Kerala,8.8200,77.0100
691543,Kollam,Kerala,9.0200,76.6850
691551,Pathanamthitta,Kerala,9.1250,76.7050
691552,Pathanamthitta,Kerala,9.1000,76.6600
691553,Kollam,Kerala,9.0700,76.6800
691554,Pathanamthitta,Kerala,9.1600,76.7592
691555,Pathanamthitta,Kerala,9.1850,76.7750
691556,Pathanamthitta,Kerala,9.1300,76.7900
691557,Kollam,Kerala,9.0300,76.8210
691559,Kollam,Kerala,8.8150,76.9650
691560,Kollam,Kerala,9.0500,76.7900
691566,Kollam,Kerala,9.0300,76.7650
691571,Kollam,Kerala,8.8700,76.6800
691572,Kollam,Kerala,8.8600,76.7100
691573,Kollam,Kerala,8.8800,76.7300
691574,Kollam,Kerala,8.8100,76.7800
691576,Kollam,Kerala,8.9000,76.6900
691577,Kollam,Kerala,8.9000,76.6700
691578,Kollam,Kerala,8.8300,76.7400
691579,Kollam,Kerala,8.8600,76.7350
691581,Kollam,Kerala,8.9200,76.5500
691582,Kollam,Kerala,8.9500,76.5350
691583,Kollam,Kerala,9.0050,76.5400
691584,Kollam,Kerala,8.9800,76.5500
691585,Kollam,Kerala,8.9850,76.5600
691589,Kollam,Kerala,8.8700,76.6600
691590,Kollam,Kerala,8.9900,76.5800
691601,Kollam,Kerala,8.9500,76.6100
691602,Kollam,Kerala,8.9400,76.6000
695001,Thiruvananthapuram,Kerala,8.5000,76.9500
695002,Thiruvananthapuram,Kerala,8.4666,76.9746
695003,Thiruvananthapuram,Kerala,8.5188,76.9612
695004,Thiruvananthapuram,Kerala,8.5250,76.9400
695005,Thiruvananthapuram,Kerala,8.5396,76.9672
695006,Thiruvananthapuram,Kerala,8.5000,77.0100
695007,Thiruvananthapuram,Kerala,,
695008,Thiruvananthapuram,Kerala,8.4800,76.9300
695009,Thiruvananthapuram,Kerala,8.6329,76.8939
695010,Thiruvananthapuram,Kerala,8.5120,76.9707
695011,Thiruvananthapuram,Kerala,8.5350,76.9134
695012,Thiruvananthapuram,Kerala,8.4827,76.9762
695013,Thiruvananthapuram,Kerala,8.5300,77.0000
695014,Thiruvananthapuram,Kerala,,
695015,Thiruvananthapuram,Kerala,8.5527,76.9375
695016,Thiruvananthapuram,Kerala,,
695017,Thiruvananthapuram,Kerala,8.5524,76.9154
695018,Thiruvananthapuram,Kerala,8.4710,76.9800
695019,Thiruvananthapuram,Kerala,,
695020,Thiruvananthapuram,Kerala,8.4419,77.0250
695021,Thiruvananthapuram,Kerala,8.5099,76.8992
695022,Thiruvananthapuram,Kerala,,
695023,Thiruvananthapuram,Kerala,8.4800,76.9400
695024,Thiruvananthapuram,Kerala,8.4900,76.9200
695025,Thiruvananthapuram,Kerala,,
695026,Thiruvananthapuram,Kerala,8.4546,76.9542
695027,Thiruvananthapuram,Kerala,8.4307,76.9548
695028,Thiruvananthapuram,Kerala,8.6000,76.9500
695029,Thiruvananthapuram,Kerala,8.5000,76.9200
695030,Thiruvananthapuram,Kerala,,
695032,Thiruvananthapuram,Kerala,8.4799,77.0013
695033,Thiruvananthapuram,Kerala,8.5075,76.9493
695034,Thiruvananthapuram,Kerala,,
695035,Thiruvananthapuram,Kerala,8.4912,76.9417
695036,Thiruvananthapuram,Kerala,,
695038,Thiruvananthapuram,Kerala,,
695040,Thiruvananthapuram,Kerala,8.7919,76.7857
695042,Thiruvananthapuram,Kerala,8.4324,77.0147
695043,Thiruvananthapuram,Kerala,8.5650,76.9650
695051,Thiruvananthapuram,Kerala,8.4848,76.9427
695099,Thiruvananthapuram,Kerala,,
695101,Thiruvananthapuram,Kerala,8.6858,76.8023
695102,Thiruvananthapuram,Kerala,8.7241,76.8332
695103,Thiruvananthapuram,Kerala,8.7079,76.8668
695104,Thiruvananthapuram,Kerala,8.6670,76.8231
695121,Thiruvananthapuram,Kerala,8.2400,77.0400
695122,Thiruvananthapuram,Kerala,8.3571,77.1169
695123,Thiruvananthapuram,Kerala,8.4719,77.0495
695124,Thiruvananthapuram,Kerala,8.4396,77.1200
695125,Thiruvananthapuram,Kerala,8.4896,77.1650
695126,Thiruvananthapuram,Kerala,8.5693,77.1199
695132,Thiruvananthapuram,Kerala,8.3688,77.1044
695133,Thiruvananthapuram,Kerala,8.3600,77.0823
695134,Thiruvananthapuram,Kerala,8.3626,77.0924
695141,Thiruvananthapuram,Kerala,8.7344,76.7262
695142,Thiruvananthapuram,Kerala,,
695143,Thiruvananthapuram,Kerala,8.7505,76.7668
695144,Thiruvananthapuram,Kerala,,
695145,Thiruvananthapuram,Kerala,8.7353,76.7352
695146,Thiruvananthapuram,Kerala,8.7703,76.7629
695301,Thiruvananthapuram,Kerala,8.5789,76.8512
695302,Thiruvananthapuram,Kerala,,
695303,Thiruvananthapuram,Kerala,,
695304,Thiruvananthapuram,Kerala,8.6519,76.7864
695305,Thiruvananthapuram,Kerala,8.6190,76.8023
695306,Thiruvananthapuram,Kerala,8.6686,76.7705
695307,Thiruvananthapuram,Kerala,8.6832,76.7488
695308,Thiruvananthapuram,Kerala,,
695309,Thiruvananthapuram,Kerala,,
695310,Thiruvananthapuram,Kerala,8.7890,76.7246
695311,Thiruvananthapuram,Kerala,8.7634,76.6948
695312,Thiruvananthapuram,Kerala,8.7009,76.7641
695313,Thiruvananthapuram,Kerala,,
695316,Thiruvananthapuram,Kerala,8.5935,76.8560
695317,Thiruvananthapuram,Kerala,,
695318,Thiruvananthapuram,Kerala,,
695501,Thiruvananthapuram,Kerala,8.4000,77.0400
695502,Thiruvananthapuram,Kerala,8.3300,77.1500
695503,Thiruvananthapuram,Kerala,8.5260,77.1829
695504,Thiruvananthapuram,Kerala,8.4050,77.1752
695505,Thiruvananthapuram,Kerala,8.4800,77.2000
695506,Thiruvananthapuram,Kerala,8.3191,77.1100
695507,Thiruvananthapuram,Kerala,8.4594,77.0619
695508,Thiruvananthapuram,Kerala,8.3720,77.1413
695512,Thiruvananthapuram,Kerala,8.4500,77.1000
695513,Thiruvananthapuram,Kerala,,
695521,Thiruvananthapuram,Kerala,8.3800,77.0000
695522,Thiruvananthapuram,Kerala,8.4290,76.9864
695523,Thiruvananthapuram,Kerala,8.4100,77.0200
695524,Thiruvananthapuram,Kerala,8.3846,77.0916
695525,Thiruvananthapuram,Kerala,8.3400,77.0800
695526,Thiruvananthapuram,Kerala,8.3422,77.0500
695527,Thiruvananthapuram,Kerala,8.3913,76.9794
695528,Thiruvananthapuram,Kerala,8.4403,77.0330
695541,Thiruvananthapuram,Kerala,8.6200,77.0300
695542,Thiruvananthapuram,Kerala,8.6100,77.0850
695543,Thiruvananthapuram,Kerala,8.5600,77.0523
695547,Thiruvananthapuram,Kerala,8.3714,77.0157
695551,Thiruvananthapuram,Kerala,8.6800,77.1050
695561,Thiruvananthapuram,Kerala,8.6151,76.9887
695562,Thiruvananthapuram,Kerala,8.7100,77.0300
695563,Thiruvananthapuram,Kerala,8.7180,77.0700
695564,Thiruvananthapuram,Kerala,8.5700,77.0000
695568,Thiruvananthapuram,Kerala,8.6900,76.9816
695570,Thiruvananthapuram,Kerala,8.5106,77.0519
695571,Thiruvananthapuram,Kerala,8.4851,77.0200
695572,Thiruvananthapuram,Kerala,8.5200,77.1200
695573,Thiruvananthapuram,Kerala,8.5200,77.0100
695574,Thiruvananthapuram,Kerala,8.5600,77.1300
695575,Thiruvananthapuram,Kerala,8.5376,77.0867
695581,Thiruvananthapuram,Kerala,8.5618,76.8920
695582,Thiruvananthapuram,Kerala,8.5616,76.8715
695583,Thiruvananthapuram,Kerala,8.5220,76.8821
695584,Thiruvananthapuram,Kerala,8.6179,76.8856
695585,Thiruvananthapuram,Kerala,8.5737,76.8741
695586,Thiruvananthapuram,Kerala,8.5737,76.8495
695587,Thiruvananthapuram,Kerala,,
695588,Thiruvananthapuram,Kerala,8.5737,76.8495
695589,Thiruvananthapuram,Kerala,,
695601,Thiruvananthapuram,Kerala,8.7661,76.8657
695602,Thiruvananthapuram,Kerala,8.8032,76.8120
695603,Thiruvananthapuram,Kerala,8.7933,76.7765
695604,Thiruvananthapuram,Kerala,8.8324,76.8093
695605,Thiruvananthapuram,Kerala,8.7533,76.8041
695606,Thiruvananthapuram,Kerala,8.7149,76.8964
695607,Thiruvananthapuram,Kerala,8.6838,76.9261
695608,Thiruvananthapuram,Kerala,8.7534,76.9330
695609,Thiruvananthapuram,Kerala,8.7459,76.9875
695610,Thiruvananthapuram,Kerala,8.7135,76.9387
695611,Thiruvananthapuram,Kerala,,
695612,Thiruvananthapuram,Kerala,8.7538,76.8732
695614,Thiruvananthapuram,Kerala,8.7875,76.8584
695615,Thiruvananthapuram,Kerala,,
700001,Kolkata,West Bengal,22.3443,88.2104
700002,Kolkata,West Bengal,22.6148,88.3726
700003,Kolkata,West Bengal,22.6032,88.3675
700004,Kolkata,West Bengal,22.5977,88.3718
700005,Kolkata,West Bengal,22.5961,88.3587
700006,Kolkata,West Bengal,22.5900,88.3677
700007,Kolkata,West Bengal,22.5827,88.3595
700008,Kolkata,West Bengal,22.4820,88.3104
700009,Kolkata,West Bengal,22.3437,88.2241
700010,Kolkata,West Bengal,22.3353,88.2347
700011,Kolkata,West Bengal,22.3431,88.2246
700012,Kolkata,West Bengal,22.5686,88.3578
700013,Kolkata,West Bengal,22.5648,88.3604
700014,Kolkata,West Bengal,22.3322,88.2214
700015,Kolkata,West Bengal,22.3361,88.2246
700016,Kolkata,West Bengal,22.5520,88.3543
700017,Kolkata,West Bengal,22.3235,88.2152
700018,Kolkata,West Bengal,22.5226,88.2852
700019,Kolkata,West Bengal,22.5268,88.3658
700020,Kolkata,West Bengal,22.5404,88.3472
700021,Kolkata,West Bengal,22.3895,88.3375
700022,Kolkata,West Bengal,22.5463,88.3272
700023,Kolkata,West Bengal,22.5407,88.3242
700024,Kolkata,West Bengal,22.5406,88.2864
700025,Kolkata,West Bengal,22.5267,88.3489
700026,Kolkata,West Bengal,22.5193,88.3448
700027,Kolkata,West Bengal,22.5257,88.3334
700028,24 Paraganas North,West Bengal,22.6341,88.4229
700029,Kolkata,West Bengal,22.5169,88.3535
700030,24 Paraganas North,West Bengal,22.6245,88.3981
700031,Kolkata,West Bengal,22.5071,88.3718
700032,Kolkata,West Bengal,22.4978,88.3619
700033,Kolkata,West Bengal,22.5036,88.3452
700034,Kolkata,West Bengal,22.4995,88.3168
700035,24 Paraganas North,West Bengal,22.6479,88.3658
700036,24 Paraganas North,West Bengal,22.6340,88.3697
700037,Kolkata,West Bengal,22.6074,88.3866
700038,Kolkata,West Bengal,22.5068,88.3234
700039,Kolkata,West Bengal,22.4228,88.3108
700040,Kolkata,West Bengal,22.4843,88.3522
700041,Kolkata,West Bengal,22.5011,88.3201
700042,Kolkata,West Bengal,22.5454,88.3657
700043,Kolkata,West Bengal,22.5156,88.3206
700044,Kolkata,West Bengal,22.5522,88.2671
700045,Kolkata,West Bengal,22.5065,88.3569
700046,Kolkata,West Bengal,22.3243,88.2255
700047,Kolkata,West Bengal,22.4719,88.3766
700048,24 Paraganas North,West Bengal,,
700049,24 Paraganas North,West Bengal,22.6600,88.4000
700050,Kolkata,West Bengal,22.6285,88.3846
700051,24 Paraganas North,West Bengal,22.6600,88.4250
700052,24 Paraganas North,West Bengal,22.6339,88.4307
700053,Kolkata,West Bengal,22.5112,88.3312
700054,Kolkata,West Bengal,22.3453,88.2326
700055,24 Paraganas North,West Bengal,22.5881,88.4090
700056,24 Paraganas North,West Bengal,22.6652,88.3870
700057,24 Paraganas North,West Bengal,22.6700,88.3650
700058,24 Paraganas North,West Bengal,22.6850,88.3700
700059,24 Paraganas North,West Bengal,,
700060,Kolkata,West Bengal,22.5088,88.2947
700061,Kolkata,West Bengal,22.4797,88.2913
700062,Kolkata,West Bengal,22.3049,88.2056
700063,Kolkata,West Bengal,22.4647,88.3073
700064,24 Paraganas North,West Bengal,22.5900,88.4000
700065,24 Paraganas North,West Bengal,22.6423,88.4120
700066,Kolkata,West Bengal,22.5728,88.3475
700067,Kolkata,West Bengal,22.5926,88.3860
700068,Kolkata,West Bengal,22.5064,88.3669
700069,Kolkata,West Bengal,22.5661,88.3505
700070,24 Paraganas South,West Bengal,22.3421,88.2150
700071,Kolkata,West Bengal,22.5513,88.3526
700072,Kolkata,West Bengal,22.5662,88.3546
700073,Kolkata,West Bengal,22.3456,88.2135
700074,24 Paraganas North,West Bengal,22.6228,88.4097
700075,Kolkata,West Bengal,22.4948,88.3787
700076,24 Paraganas North,West Bengal,22.6600,88.3600
700077,24 Paraganas North,West Bengal,22.6310,88.3969
700078,Kolkata,West Bengal,22.5082,88.3826
700079,24 Paraganas North,West Bengal,22.6400,88.4300
700080,24 Paraganas North,West Bengal,22.6009,88.3843
700081,24 Paraganas North,West Bengal,22.6500,88.4400
700082,Kolkata,West Bengal,22.5223,88.3437
700083,24 Paraganas North,West Bengal,22.6650,88.3850
700084,24 Paraganas South,West Bengal,22.3421,88.2150
700085,Kolkata,West Bengal,22.3413,88.2325
700086,Kolkata,West Bengal,22.4827,88.3860
700087,Kolkata,West Bengal,22.5589,88.3551
700088,Kolkata,West Bengal,22.5138,88.3070
700089,24 Paraganas North,West Bengal,,
700090,24 Paraganas North,West Bengal,22.5627,88.3696
700091,24 Paraganas North,West Bengal,,
700092,Kolkata,West Bengal,22.4854,88.3687
700093,24 Paraganas South,West Bengal,22.2800,88.2242
700094,Kolkata,West Bengal,22.4830,88.3959
700095,Kolkata,West Bengal,22.4970,88.3574
700096,24 Paraganas South,West Bengal,22.2740,88.2150
700097,24 Paraganas North,West Bengal,,
700099,Kolkata,West Bengal,22.4955,88.4017
700100,Kolkata,West Bengal,22.3144,88.2585
700101,24 Paraganas North,West Bengal,,
700102,24 Paraganas North,West Bengal,,
700103,24 Paraganas South,West Bengal,22.3900,88.3652
700104,24 Paraganas South,West Bengal,22.4357,88.2973
700105,Kolkata,West Bengal,22.3269,88.2467
700106,24 Paraganas North,West Bengal,,
700107,Kolkata,West Bengal,22.5094,88.4047
700108,24 Paraganas North,West Bengal,22.6492,88.3759
700109,24 Paraganas North,West Bengal,22.6800,88.3900
700110,24 Paraganas North,West Bengal,22.6900,88.3900
700111,24 Paraganas North,West Bengal,22.6900,88.4000
700112,24 Paraganas North,West Bengal,22.7200,88.3900
700113,24 Paraganas North,West Bengal,22.7000,88.4000
700114,24 Paraganas North,West Bengal,22.7000,88.3700
700115,24 Paraganas North,West Bengal,22.7100,88.3700
700116,24 Paraganas North,West Bengal,22.7000,88.3700
700117,24 Paraganas North,West Bengal,22.7300,88.3700
700118,24 Paraganas North,West Bengal,22.7300,88.3800
700119,24 Paraganas North,West Bengal,22.7400,88.3700
700120,24 Paraganas North,West Bengal,22.7700,88.3500
700121,24 Paraganas North,West Bengal,22.7600,88.4300
700122,24 Paraganas North,West Bengal,22.7800,88.3800
700123,24 Paraganas North,West Bengal,22.7500,88.3800
700124,24 Paraganas North,West Bengal,22.7149,88.4827
700125,24 Paraganas North,West Bengal,22.7632,88.4953
700126,24 Paraganas North,West Bengal,22.7382,88.4607
700127,24 Paraganas North,West Bengal,22.7098,88.4678
700128,24 Paraganas North,West Bengal,22.6664,88.5294
700129,24 Paraganas North,West Bengal,22.6979,88.4626
700130,24 Paraganas North,West Bengal,22.7065,88.4535
700131,24 Paraganas North,West Bengal,22.6871,88.4444
700132,24 Paraganas North,West Bengal,22.6650,88.6652
700133,24 Paraganas North,West Bengal,22.6630,88.8714
700134,24 Paraganas North,West Bengal,22.6700,88.8300
700135,24 Paraganas North,West Bengal,22.6102,88.5158
700136,24 Paraganas North,West Bengal,22.6414,88.4564
700137,24 Paraganas South,West Bengal,22.4600,88.1884
700138,24 Paraganas South,West Bengal,22.4575,88.1275
700139,24 Paraganas South,West Bengal,22.4350,88.2340
700140,24 Paraganas South,West Bengal,22.4973,88.2470
700141,24 Paraganas South,West Bengal,22.5050,88.2506
700142,24 Paraganas South,West Bengal,22.3421,88.2150
700143,24 Paraganas South,West Bengal,22.3057,88.1727
700144,24 Paraganas South,West Bengal,22.3615,88.4322
700145,24 Paraganas South,West Bengal,22.2358,88.3650
700146,24 Paraganas South,West Bengal,22.2545,88.2559
700147,24 Paraganas South,West Bengal,22.2445,88.2559
700148,24 Paraganas South,West Bengal,22.4163,88.4068
700149,24 Paraganas South,West Bengal,22.3421,88.2431
700150,24 Paraganas South,West Bengal,22.4620,88.4220
700151,24 Paraganas South,West Bengal,22.3824,88.2976
700152,24 Paraganas South,West Bengal,22.4666,88.4085
700153,24 Paraganas South,West Bengal,22.3421,88.2150
700154,24 Paraganas South,West Bengal,22.3566,88.2882
700155,24 Paraganas North,West Bengal,22.6912,88.4770
700156,24 Paraganas North,West Bengal,22.5692,88.4708
700157,24 Paraganas North,West Bengal,,
700158,24 Paraganas North,West Bengal,22.6800,88.4400
700159,24 Paraganas North,West Bengal,,
700160,24 Paraganas North,West Bengal,22.5655,88.4013
700161,24 Paraganas North,West Bengal,22.5567,88.3687
700162,24 Paraganas North,West Bengal,22.5909,88.4544
700163,24 Paraganas North,West Bengal,22.5831,88.4538
711101,Howrah,West Bengal,22.5834,88.3310
711102,Howrah,West Bengal,22.5671,88.3243
711103,Howrah,West Bengal,22.5607,88.3103
711104,Howrah,West Bengal,22.5839,88.3016
711105,Howrah,West Bengal,22.5997,88.3142
711106,Howrah,West Bengal,22.6034,88.3399
711107,Howrah,West Bengal,22.6145,88.3517
711108,Howrah,West Bengal,,
711109,Howrah,West Bengal,22.5634,88.2768
711110,Howrah,West Bengal,,
711111,Howrah,West Bengal,22.5804,88.2751
711112,Howrah,West Bengal,22.5909,88.2861
711113,Howrah,West Bengal,22.6062,88.2940
711114,Howrah,West Bengal,22.6344,88.3028
711115,Howrah,West Bengal,22.6502,88.2818
711201,Howrah,West Bengal,22.6394,88.3417
711202,Howrah,West Bengal,22.6290,88.3527
711203,Howrah,West Bengal,22.6254,88.3409
711204,Howrah,West Bengal,22.6182,88.3425
711205,Howrah,West Bengal,22.6487,88.3399
711206,Howrah,West Bengal,22.6502,88.2818
711225,Howrah,West Bengal,22.5817,88.3372
711226,Howrah,West Bengal,22.7128,87.9802
711227,Howrah,West Bengal,22.5817,88.3372
711301,Howrah,West Bengal,22.4971,88.2851
711302,Howrah,West Bengal,22.6834,88.2334
711303,Howrah,West Bengal,22.5007,87.9175
711304,Howrah,West Bengal,22.5817,88.3372
711305,Howrah,West Bengal,22.5005,88.1726
711306,Howrah,West Bengal,22.5817,88.3372
711307,Howrah,West Bengal,22.5167,88.1312
711308,Howrah,West Bengal,22.5817,88.3372
711309,Howrah,West Bengal,22.5284,88.2234
711310,Howrah,West Bengal,22.5172,88.1706
711312,Howrah,West Bengal,22.4041,88.0022
711313,Howrah,West Bengal,22.5615,88.2304
711314,Howrah,West Bengal,22.3001,88.0374
711315,Howrah,West Bengal,22.4164,88.0821
711316,Howrah,West Bengal,22.4804,88.0892
711317,Howrah,West Bengal,22.5817,88.3372
711322,Howrah,West Bengal,22.5457,88.1464
711331,Howrah,West Bengal,22.3348,88.0982
711401,Howrah,West Bengal,22.5211,88.1398
711403,Howrah,West Bengal,22.5926,88.3000
711404,Howrah,West Bengal,22.6524,88.1438
711405,Howrah,West Bengal,22.6407,88.2232
711408,Howrah,West Bengal,22.6374,88.1984
711409,Howrah,West Bengal,22.6173,88.2699
711410,Howrah,West Bengal,22.6533,88.0266
711411,Howrah,West Bengal,22.6128,88.1950
711412,Howrah,West Bengal,22.6599,87.9647
711413,Howrah,West Bengal,22.5620,87.9702
711414,Howrah,West Bengal,22.5925,88.0884
712101,Hooghly,West Bengal,22.8871,88.4022
712102,Hooghly,West Bengal,22.8690,88.4663
712103,Hooghly,West Bengal,22.9000,88.3964
712104,Hooghly,West Bengal,22.7650,88.3336
712105,Hooghly,West Bengal,22.8882,88.4022
712121,Hooghly,West Bengal,22.5956,88.2636
712122,Hooghly,West Bengal,22.9500,88.3900
712123,Hooghly,West Bengal,22.8450,87.8800
712124,Hooghly,West Bengal,22.7443,88.3548
712125,Hooghly,West Bengal,22.7306,88.2199
712134,Hooghly,West Bengal,22.9000,88.3900
712135,Hooghly,West Bengal,23.1130,88.2166
712136,Hooghly,West Bengal,22.8882,88.4022
712137,Hooghly,West Bengal,22.8882,88.4022
712138,Hooghly,West Bengal,22.8882,88.4022
712139,Hooghly,West Bengal,22.8459,88.3542
712146,Hooghly,West Bengal,22.9500,88.3900
712147,Hooghly,West Bengal,22.9500,88.3900
712148,Hooghly,West Bengal,23.0080,88.3900
712149,Hooghly,West Bengal,22.9500,88.3900
712152,Hooghly,West Bengal,23.0764,88.3900
712201,Hooghly,West Bengal,22.7468,88.3424
712202,Hooghly,West Bengal,22.7513,88.3514
712203,Hooghly,West Bengal,22.8882,88.4022
712204,Hooghly,West Bengal,22.8882,88.4022
712221,Hooghly,West Bengal,22.8121,88.3528
712222,Hooghly,West Bengal,22.7922,88.3345
712223,Hooghly,West Bengal,22.7690,88.3215
712232,Hooghly,West Bengal,22.8882,88.4022
712233,Hooghly,West Bengal,22.6861,88.3506
712234,Hooghly,West Bengal,22.7028,88.3236
712235,Hooghly,West Bengal,22.7011,88.3496
712245,Hooghly,West Bengal,22.7400,88.3500
712246,Hooghly,West Bengal,22.9997,88.2229
712248,Hooghly,West Bengal,22.7302,88.3527
712249,Hooghly,West Bengal,22.7367,88.3355
712250,Hooghly,West Bengal,22.7225,88.3372
712258,Hooghly,West Bengal,22.6553,88.3481
712301,Hooghly,West Bengal,22.9200,88.1100
712302,Hooghly,West Bengal,22.9500,88.1074
712303,Hooghly,West Bengal,23.0200,88.1200
712304,Hooghly,West Bengal,22.8882,88.4022
712305,Hooghly,West Bengal,22.9500,88.3900
712306,Hooghly,West Bengal,22.8882,88.4022
712308,Hooghly,West Bengal,22.8882,88.3961
712310,Hooghly,West Bengal,22.6850,88.2989
712311,Hooghly,West Bengal,22.6834,88.2915
712401,Hooghly,West Bengal,22.8361,87.9692
712402,Hooghly,West Bengal,22.9500,88.0200
712403,Hooghly,West Bengal,22.5336,88.2914
712404,Hooghly,West Bengal,22.7377,88.0552
712405,Hooghly,West Bengal,22.8882,88.4022
712406,Hooghly,West Bengal,22.7200,87.8700
712407,Hooghly,West Bengal,22.8283,88.1661
712408,Hooghly,West Bengal,22.7654,88.0045
712409,Hooghly,West Bengal,22.8150,88.2345
712410,Hooghly,West Bengal,22.8787,88.0143
712412,Hooghly,West Bengal,22.7900,87.9000
712413,Hooghly,West Bengal,22.8600,87.8700
712414,Hooghly,West Bengal,22.9500,88.3900
712415,Hooghly,West Bengal,22.8400,87.9050
712416,Hooghly,West Bengal,22.6800,87.9000
712417,Hooghly,West Bengal,22.7886,88.0345
712501,Hooghly,West Bengal,22.8200,87.8900
712502,Hooghly,West Bengal,22.9582,88.4030
712503,Hooghly,West Bengal,22.8882,88.4022
712504,Hooghly,West Bengal,22.8882,88.4022
712512,Hooghly,West Bengal,22.9500,88.3900
712513,Hooghly,West Bengal,22.9191,88.4022
712514,Hooghly,West Bengal,22.8882,88.4022
712515,Hooghly,West Bengal,22.9500,88.3900
712601,Hooghly,West Bengal,,
712602,Hooghly,West Bengal,22.9500,88.3900
712611,Hooghly,West Bengal,22.9500,88.3900
712612,Hooghly,West Bengal,,
712613,Hooghly,West Bengal,22.7600,88.3200
712614,Hooghly,West Bengal,22.9300,88.3850
712615,Hooghly,West Bengal,22.9500,88.3900
712616,Hooghly,West Bengal,22.9500,88.3900
712617,Hooghly,West Bengal,22.9500,88.3900
712701,Hooghly,West Bengal,22.7371,88.1923
712702,Hooghly,West Bengal,22.8882,88.4022
712706,Hooghly,West Bengal,22.7622,88.1709
713101,Purba Bardhaman,West Bengal,23.2568,87.8666
713102,Purba Bardhaman,West Bengal,23.2950,87.8850
713103,Purba Bardhaman,West Bengal,23.2035,87.8683
713104,Purba Bardhaman,West Bengal,23.2390,87.8607
713121,Purba Bardhaman,West Bengal,23.4400,87.8500
713122,Purba Bardhaman,West Bengal,23.1900,88.2700
713123,Purba Bardhaman,West Bengal,23.7350,88.1050
713124,Purba Bardhaman,West Bengal,23.1500,87.9550
713125,Purba Bardhaman,West Bengal,23.4000,87.9500
713126,Purba Bardhaman,West Bengal,23.5500,87.6800
713127,Purba Bardhaman,West Bengal,23.4100,87.8000
713128,Purba Bardhaman,West Bengal,23.4906,87.7400
713129,Purba Bardhaman,West Bengal,23.7250,87.9850
713130,Purba Bardhaman,West Bengal,23.6435,88.1309
713131,Purba Bardhaman,West Bengal,23.5300,87.8200
713132,Purba Bardhaman,West Bengal,23.6000,87.9950
713140,Purba Bardhaman,West Bengal,23.7500,88.0400
713141,Purba Bardhaman,West Bengal,23.3299,87.7752
713142,Purba Bardhaman,West Bengal,23.2000,87.7200
713143,Purba Bardhaman,West Bengal,23.5100,88.0500
713144,Purba Bardhaman,West Bengal,23.4350,87.6200
713145,Purba Bardhaman,West Bengal,23.4300,88.1400
713146,Purba Bardhaman,West Bengal,23.2000,88.1300
713147,Purba Bardhaman,West Bengal,23.5300,87.9100
713148,Purba Bardhaman,West Bengal,23.4400,87.5000
713149,Purba Bardhaman,West Bengal,23.2150,88.0400
713150,Purba Bardhaman,West Bengal,23.6000,88.1050
713151,Purba Bardhaman,West Bengal,23.1700,88.0100
713152,Purba Bardhaman,West Bengal,23.5600,87.6150
713153,Purba Bardhaman,West Bengal,23.5100,87.5600
713154,Purba Bardhaman,West Bengal,23.2002,88.0834
713166,Purba Bardhaman,West Bengal,23.0900,88.0900
713201,Paschim Bardhaman,West Bengal,23.4981,87.3202
713202,Paschim Bardhaman,West Bengal,23.4917,87.3063
713203,Paschim Bardhaman,West Bengal,23.5605,87.2584
713204,Paschim Bardhaman,West Bengal,23.5828,87.3014
713205,Paschim Bardhaman,West Bengal,23.5688,87.3179
713206,Paschim Bardhaman,West Bengal,23.5392,87.3405
713207,Paschim Bardhaman,West Bengal,23.5286,87.2564
713208,Paschim Bardhaman,West Bengal,23.5307,87.2801
713209,Paschim Bardhaman,West Bengal,23.5495,87.2918
713210,Paschim Bardhaman,West Bengal,23.5247,87.3255
713211,Paschim Bardhaman,West Bengal,23.4966,87.3336
713212,Paschim Bardhaman,West Bengal,23.5187,87.3918
713213,Paschim Bardhaman,West Bengal,23.5616,87.2785
713214,Paschim Bardhaman,West Bengal,23.5454,87.3315
713215,Paschim Bardhaman,West Bengal,23.5101,87.2729
713216,Paschim Bardhaman,West Bengal,23.5364,87.2983
713217,Paschim Bardhaman,West Bengal,23.5729,87.2332
713301,Paschim Bardhaman,West Bengal,23.6866,86.9529
713302,Paschim Bardhaman,West Bengal,23.6942,86.9797
713303,Paschim Bardhaman,West Bengal,23.6753,86.9736
713304,Paschim Bardhaman,West Bengal,23.6901,86.9489
713305,Paschim Bardhaman,West Bengal,23.8371,86.9100
713315,Paschim Bardhaman,West Bengal,23.8178,86.9833
713321,Paschim Bardhaman,West Bengal,23.5801,87.1992
713322,Paschim Bardhaman,West Bengal,23.6581,87.2005
713323,Paschim Bardhaman,West Bengal,23.5892,87.1180
713324,Paschim Bardhaman,West Bengal,23.7393,86.8166
713325,Paschim Bardhaman,West Bengal,23.6645,86.9326
713326,Paschim Bardhaman,West Bengal,,
713330,Paschim Bardhaman,West Bengal,23.6739,86.9524
713331,Paschim Bardhaman,West Bengal,23.8492,86.9020
713332,Paschim Bardhaman,West Bengal,,
713333,Paschim Bardhaman,West Bengal,23.6923,86.8296
713334,Paschim Bardhaman,West Bengal,23.7496,87.0293
713335,Paschim Bardhaman,West Bengal,23.8305,86.9048
713336,Paschim Bardhaman,West Bengal,23.7061,87.0774
713337,Paschim Bardhaman,West Bengal,23.6494,87.0692
713338,Paschim Bardhaman,West Bengal,23.6309,87.1907
713339,Paschim Bardhaman,West Bengal,23.6739,86.9524
713340,Paschim Bardhaman,West Bengal,23.8371,86.9100
713341,Paschim Bardhaman,West Bengal,23.7719,86.9299
713342,Paschim Bardhaman,West Bengal,23.6659,87.1641
713343,Paschim Bardhaman,West Bengal,23.7338,86.8381
713344,Paschim Bardhaman,West Bengal,23.8371,86.9100
713346,Paschim Bardhaman,West Bengal,23.7201,87.2657
713347,Paschim Bardhaman,West Bengal,23.6126,87.1158
713357,Paschim Bardhaman,West Bengal,23.8371,86.9100
713358,Paschim Bardhaman,West Bengal,23.6296,87.0957
713359,Paschim Bardhaman,West Bengal,23.7233,86.8948
713360,Paschim Bardhaman,West Bengal,23.8371,86.9100
713361,Paschim Bardhaman,West Bengal,23.8371,86.9100
713362,Paschim Bardhaman,West Bengal,23.6864,87.1321
713363,Paschim Bardhaman,West Bengal,23.6502,87.2456
713365,Paschim Bardhaman,West Bengal,23.6181,87.1362
713369,Paschim Bardhaman,West Bengal,,
713370,Paschim Bardhaman,West Bengal,,
713371,Paschim Bardhaman,West Bengal,23.6936,86.8948
713372,Paschim Bardhaman,West Bengal,23.8371,86.9100
713373,Paschim Bardhaman,West Bengal,23.6739,86.9524
713376,Paschim Bardhaman,West Bengal,,
713378,Paschim Bardhaman,West Bengal,23.7092,87.2045
713381,Paschim Bardhaman,West Bengal,23.6927,87.3465
713384,Paschim Bardhaman,West Bengal,23.6482,87.1605
713385,Paschim Bardhaman,West Bengal,23.6627,87.3074
713386,Paschim Bardhaman,West Bengal,23.8371,86.9100
713401,Purba Bardhaman,West Bengal,23.1350,88.0300
713403,Purba Bardhaman,West Bengal,23.3700,87.6000
713404,Purba Bardhaman,West Bengal,23.0100,88.0000
713405,Purba Bardhaman,West Bengal,23.2789,88.2650
713406,Purba Bardhaman,West Bengal,23.3500,87.7000
713407,Purba Bardhaman,West Bengal,23.2600,88.0000
713408,Purba Bardhaman,West Bengal,23.0500,87.9800
713409,Purba Bardhaman,West Bengal,23.2324,88.3518
713420,Purba Bardhaman,West Bengal,,
713421,Purba Bardhaman,West Bengal,23.0250,87.9000
713422,Purba Bardhaman,West Bengal,23.3500,88.1600
713423,Purba Bardhaman,West Bengal,23.0900,87.7900
713424,Purba Bardhaman,West Bengal,23.1300,87.8639
713426,Purba Bardhaman,West Bengal,23.3300,88.0600
713427,Purba Bardhaman,West Bengal,22.9900,87.8050
713428,Purba Bardhaman,West Bengal,23.2900,87.6410
713502,Purba Bardhaman,West Bengal,23.5900,88.1700
713512,Purba Bardhaman,West Bengal,23.5300,88.2600
713513,Purba Bardhaman,West Bengal,23.4566,88.2900
713514,Purba Bardhaman,West Bengal,23.5300,88.1900
713515,Purba Bardhaman,West Bengal,23.3550,88.2400
713519,Purba Bardhaman,West Bengal,23.3400,88.3000
713520,Purba Bardhaman,West Bengal,23.4600,87.9600
721101,Medinipur West,West Bengal,22.4244,87.3290
721102,Medinipur West,West Bengal,22.4320,87.2979
721121,Medinipur West,West Bengal,22.4309,87.3215
721122,Medinipur West,West Bengal,22.5538,87.4641
721124,Medinipur West,West Bengal,22.4209,87.3215
721125,Jhargram,West Bengal,22.2080,87.1463
721126,Medinipur West,West Bengal,22.3690,87.5544
721127,Medinipur West,West Bengal,22.8631,87.3537
721128,Medinipur West,West Bengal,22.7097,87.1710
721129,Medinipur West,West Bengal,22.4309,87.3215
721130,Medinipur East,West Bengal,22.2957,87.9260
721131,Medinipur West,West Bengal,22.3956,87.7419
721132,Medinipur West,West Bengal,22.3832,87.1908
721133,Medinipur West,West Bengal,22.1168,87.2345
721134,Medinipur East,West Bengal,22.4325,87.8594
721135,Jhargram,West Bengal,22.1810,87.1597
721136,Medinipur West,West Bengal,22.4461,87.6297
721137,Medinipur East,West Bengal,22.4174,87.8620
721139,Medinipur East,West Bengal,22.4042,87.7175
721140,Medinipur West,West Bengal,22.2831,87.5865
721143,Jhargram,West Bengal,22.2786,87.3798
721144,Medinipur West,West Bengal,22.3842,87.7445
721145,Medinipur West,West Bengal,22.2695,87.2867
721146,Medinipur West,West Bengal,22.5367,87.7136
721147,Medinipur West,West Bengal,22.6423,87.3190
721148,Medinipur West,West Bengal,,
721149,Medinipur West,West Bengal,22.3810,87.4401
721150,Medinipur West,West Bengal,22.5538,87.4641
721151,Medinipur East,West Bengal,22.4408,87.7816
721152,Medinipur East,West Bengal,22.4586,87.7745
721153,Medinipur West,West Bengal,22.4586,87.7745
721154,Medinipur East,West Bengal,22.4586,87.7745
721155,Medinipur West,West Bengal,22.2415,87.6719
721156,Medinipur West,West Bengal,22.4309,87.3215
721157,Medinipur West,West Bengal,22.8240,87.2407
721158,Medinipur East,West Bengal,22.5030,87.8370
721159,Jhargram,West Bengal,,
721160,Medinipur West,West Bengal,22.3610,87.6112
721161,Medinipur West,West Bengal,22.4853,87.8558
721166,Medinipur West,West Bengal,22.2232,87.5618
721171,Medinipur East,West Bengal,22.2957,87.9260
721172,Medinipur East,West Bengal,22.2756,87.7150
721201,Medinipur West,West Bengal,22.7329,87.5169
721211,Medinipur West,West Bengal,22.6068,87.7246
721212,Medinipur West,West Bengal,22.6637,87.7468
721222,Medinipur West,West Bengal,22.7252,87.6754
721232,Medinipur West,West Bengal,22.7065,87.6162
721242,Medinipur West,West Bengal,22.8226,87.6137
721253,Medinipur West,West Bengal,22.7021,87.3378
721260,Medinipur West,West Bengal,22.6388,87.4977
721301,Medinipur West,West Bengal,22.3460,87.2320
721302,Medinipur West,West Bengal,22.3216,87.3099
721303,Medinipur West,West Bengal,22.3397,87.2127
721304,Medinipur West,West Bengal,22.3377,87.2693
721305,Medinipur West,West Bengal,22.3304,87.3181
721306,Medinipur West,West Bengal,22.3145,87.3090
721401,Medinipur East,West Bengal,21.7797,87.7177
721402,Medinipur East,West Bengal,21.7745,87.7477
721403,Medinipur East,West Bengal,21.9372,87.7761
721404,Medinipur East,West Bengal,21.7786,87.7419
721405,Medinipur East,West Bengal,21.8007,87.7018
721406,Medinipur East,West Bengal,21.7787,87.7550
721420,Medinipur East,West Bengal,21.8473,87.4822
721422,Medinipur East,West Bengal,21.8820,87.6205
721423,Medinipur East,West Bengal,21.6883,87.5917
721424,Medinipur West,West Bengal,22.0832,87.3687
721425,Medinipur East,West Bengal,22.0085,87.7304
721426,Medinipur West,West Bengal,,
721427,Medinipur East,West Bengal,21.8437,87.8042
721428,Medinipur East,West Bengal,22.2957,87.9260
721429,Medinipur East,West Bengal,21.9029,87.5381
721430,Medinipur East,West Bengal,21.9657,87.8065
721431,Medinipur East,West Bengal,21.8558,87.9152
721432,Medinipur East,West Bengal,21.9204,87.8863
721433,Medinipur East,West Bengal,21.7593,87.6685
721434,Medinipur East,West Bengal,22.0813,87.6359
721435,Medinipur West,West Bengal,,
721436,Medinipur West,West Bengal,,
721437,Medinipur West,West Bengal,22.1737,87.3906
721438,Medinipur East,West Bengal,21.9553,87.5604
721439,Medinipur East,West Bengal,22.0496,87.5287
721440,Medinipur East,West Bengal,21.9977,87.6075
721441,Medinipur East,West Bengal,21.6845,87.5615
721442,Medinipur East,West Bengal,21.8263,87.8344
721443,Medinipur West,West Bengal,21.9819,87.4641
721444,Medinipur East,West Bengal,21.9163,87.7194
721445,Medinipur West,West Bengal,22.2504,87.4636
721446,Medinipur East,West Bengal,21.7337,87.4975
721447,Medinipur East,West Bengal,21.8160,87.4523
721448,Medinipur East,West Bengal,21.7644,87.5255
721449,Medinipur East,West Bengal,21.8588,87.7550
721450,Medinipur East,West Bengal,21.7489,87.7798
721451,Medinipur West,West Bengal,22.0243,87.3153
721452,Medinipur East,West Bengal,21.8119,87.6341
721453,Medinipur East,West Bengal,21.7136,87.5475
721454,Medinipur East,West Bengal,22.0586,87.6241
721455,Medinipur East,West Bengal,21.7068,87.6645
721456,Medinipur East,West Bengal,21.9949,87.6547
721457,Medinipur West,West Bengal,,
721458,Medinipur East,West Bengal,22.0760,87.6655
721463,Medinipur East,West Bengal,,
721467,Medinipur West,West Bengal,22.1335,87.5276
721501,Jhargram,West Bengal,22.6320,86.7642
721503,Jhargram,West Bengal,22.4308,87.3214
721504,Jhargram,West Bengal,22.5040,86.9912
721505,Jhargram,West Bengal,22.4761,86.8572
721506,Jhargram,West Bengal,22.2059,86.8948
721507,Jhargram,West Bengal,22.4538,86.9962
721513,Jhargram,West Bengal,22.3710,87.1248
721514,Jhargram,West Bengal,22.4745,87.0207
721515,Jhargram,West Bengal,22.6168,86.8183
721516,Jhargram,West Bengal,22.5840,87.0499
721517,Jhargram,West Bengal,22.6203,86.7806
721601,Medinipur East,West Bengal,22.2957,87.9260
721602,Medinipur East,West Bengal,22.0798,88.1372
721603,Medinipur East,West Bengal,22.1706,88.0550
721604,Medinipur East,West Bengal,22.3000,88.0559
721606,Medinipur East,West Bengal,22.0423,88.0742
721607,Medinipur East,West Bengal,22.0232,88.0632
721624,Medinipur East,West Bengal,22.1168,87.5900
721625,Medinipur East,West Bengal,21.9971,87.8163
721626,Medinipur East,West Bengal,22.0212,87.4747
721627,Medinipur East,West Bengal,22.2951,87.8873
721628,Medinipur East,West Bengal,22.2092,88.1065
721629,Medinipur East,West Bengal,22.2479,87.7820
721631,Medinipur East,West Bengal,22.0114,87.9738
721632,Medinipur East,West Bengal,22.1701,87.8980
721633,Medinipur East,West Bengal,22.1046,87.7109
721634,Medinipur East,West Bengal,22.3623,87.7811
721635,Medinipur East,West Bengal,22.1138,88.1120
721636,Medinipur East,West Bengal,22.2931,87.9237
721637,Medinipur East,West Bengal,22.2931,87.9236
721641,Medinipur West,West Bengal,22.4835,87.7521
721642,Medinipur East,West Bengal,22.2908,87.9239
721643,Medinipur East,West Bengal,,
721644,Medinipur East,West Bengal,22.2715,87.4656
721645,Medinipur East,West Bengal,22.0838,88.0403
721646,Medinipur East,West Bengal,21.9381,87.9558
721647,Medinipur East,West Bengal,22.2975,87.7542
721648,Medinipur East,West Bengal,22.2472,87.9263
721649,Medinipur East,West Bengal,22.2158,87.7167
721650,Medinipur East,West Bengal,22.0551,87.8967
721651,Medinipur East,West Bengal,22.3031,87.9136
721652,Medinipur East,West Bengal,22.1454,87.9751
721653,Medinipur East,West Bengal,22.2565,87.8619
721654,Medinipur East,West Bengal,22.1303,88.0483
721655,Medinipur East,West Bengal,22.0253,87.8227
721656,Medinipur East,West Bengal,22.2993,87.8950
721657,Medinipur East,West Bengal,22.0000,88.0000
721658,Medinipur East,West Bengal,22.0337,88.0635
721659,Medinipur East,West Bengal,22.0894,87.8569
722101,Bankura,West Bengal,23.2226,87.0674
722102,Bankura,West Bengal,23.2607,87.0494
722121,Bankura,West Bengal,23.1544,86.9339
722122,Bankura,West Bengal,23.0797,87.3285
722132,Bankura,West Bengal,23.2964,86.9677
722133,Bankura,West Bengal,23.4167,87.0930
722134,Bankura,West Bengal,22.8000,86.9500
722135,Bankura,West Bengal,22.8667,86.7833
722136,Bankura,West Bengal,23.1632,86.9339
722137,Bankura,West Bengal,23.3085,86.9649
722138,Bankura,West Bengal,23.0472,87.4467
722139,Bankura,West Bengal,23.3085,86.9649
722140,Bankura,West Bengal,22.9577,86.8997
722141,Bankura,West Bengal,,
722142,Bankura,West Bengal,23.4264,87.2228
722143,Bankura,West Bengal,23.5513,87.1124
722144,Bankura,West Bengal,23.1449,87.2045
722146,Bankura,West Bengal,23.2372,87.0652
722147,Bankura,West Bengal,23.2322,87.2845
722148,Bankura,West Bengal,22.8332,86.7520
722149,Bankura,West Bengal,22.9532,87.2983
722150,Bankura,West Bengal,22.7672,87.0212
722151,Bankura,West Bengal,22.9222,87.0737
722152,Bankura,West Bengal,23.0513,87.1081
722153,Bankura,West Bengal,23.5228,86.9355
722154,Bankura,West Bengal,22.9812,86.7825
722155,Bankura,West Bengal,22.8101,87.0280
722156,Bankura,West Bengal,22.9875,87.1436
722157,Bankura,West Bengal,23.1595,87.3285
722158,Bankura,West Bengal,23.5227,86.9355
722160,Bankura,West Bengal,22.9222,87.0598
722161,Bankura,West Bengal,,
722162,Bankura,West Bengal,23.1309,87.1850
722164,Bankura,West Bengal,23.2587,87.2619
722173,Bankura,West Bengal,23.1632,86.9339
722183,Bankura,West Bengal,,
722201,Bankura,West Bengal,23.2347,87.0725
722202,Bankura,West Bengal,23.4255,87.2797
722203,Bankura,West Bengal,23.4264,87.2851
722204,Bankura,West Bengal,23.3937,87.3054
722205,Bankura,West Bengal,23.0797,87.1850
722206,Bankura,West Bengal,23.1906,87.5445
722207,Bankura,West Bengal,23.3032,87.4157
722208,Bankura,West Bengal,23.4264,87.3766
723101,Purulia,West Bengal,23.2029,86.2154
723102,Purulia,West Bengal,23.2590,86.4051
723103,Purulia,West Bengal,23.3848,86.2630
723104,Purulia,West Bengal,23.3433,86.5850
723121,Purulia,West Bengal,23.4329,86.7706
723126,Purulia,West Bengal,23.4514,86.4534
723127,Purulia,West Bengal,23.0411,86.4084
723128,Purulia,West Bengal,23.1477,86.5022
723129,Purulia,West Bengal,22.9139,86.5300
723130,Purulia,West Bengal,23.3065,86.7165
723131,Purulia,West Bengal,23.0526,86.6268
723132,Purulia,West Bengal,23.3702,86.6598
723133,Purulia,West Bengal,23.5474,86.6796
723142,Purulia,West Bengal,23.4619,86.6234
723143,Purulia,West Bengal,23.1007,86.1993
723145,Purulia,West Bengal,23.5969,86.5462
723146,Purulia,West Bengal,23.5757,86.4661
723147,Purulia,West Bengal,23.4033,86.3757
723148,Purulia,West Bengal,23.3330,86.4992
723149,Purulia,West Bengal,23.3797,86.3292
723151,Purulia,West Bengal,23.1828,86.6639
723152,Purulia,West Bengal,23.2078,86.0372
723153,Purulia,West Bengal,23.1852,86.2889
723154,Purulia,West Bengal,23.2806,86.2464
723155,Purulia,West Bengal,23.5113,86.4656
723156,Purulia,West Bengal,23.4532,86.6681
723201,Purulia,West Bengal,23.3884,86.1675
723202,Purulia,West Bengal,23.3552,86.0096
723212,Purulia,West Bengal,23.0915,86.2348
723213,Purulia,West Bengal,23.4486,86.0607
723215,Purulia,West Bengal,23.4931,86.0918
731101,Birbhum,West Bengal,23.9113,87.5272
731102,Birbhum,West Bengal,23.8357,87.5223
731103,Birbhum,West Bengal,23.9350,87.5654
731104,Birbhum,West Bengal,23.8346,87.4786
731121,Birbhum,West Bengal,23.8712,87.8399
731123,Birbhum,West Bengal,23.8214,87.3383
731124,Birbhum,West Bengal,23.7319,87.4359
731125,Birbhum,West Bengal,23.7849,87.2643
731126,Birbhum,West Bengal,23.9354,87.4183
731127,Birbhum,West Bengal,24.0142,87.5209
731129,Birbhum,West Bengal,23.8519,87.6088
731130,Birbhum,West Bengal,23.9607,87.3325
731132,Birbhum,West Bengal,23.9977,87.6149
731133,Birbhum,West Bengal,23.7594,87.3247
731201,Birbhum,West Bengal,23.8300,87.6902
731202,Birbhum,West Bengal,24.1790,87.8144
731204,Birbhum,West Bengal,23.6730,87.7111
731214,Birbhum,West Bengal,23.6645,87.5280
731215,Birbhum,West Bengal,23.6039,87.8985
731216,Birbhum,West Bengal,24.0645,87.7262
731218,Birbhum,West Bengal,23.9668,87.8058
731219,Birbhum,West Bengal,,
731220,Birbhum,West Bengal,24.2912,87.8685
731221,Birbhum,West Bengal,,
731222,Birbhum,West Bengal,23.7719,87.7259
731223,Birbhum,West Bengal,24.2144,87.7212
731224,Birbhum,West Bengal,24.1812,87.7831
731233,Birbhum,West Bengal,24.1140,87.7957
731234,Birbhum,West Bengal,23.9242,87.6779
731235,Birbhum,West Bengal,23.6862,87.6985
731236,Birbhum,West Bengal,23.7109,87.6313
731237,Birbhum,West Bengal,24.2468,87.9840
731238,Birbhum,West Bengal,,
731240,Birbhum,West Bengal,23.6258,87.8034
731241,Birbhum,West Bengal,24.1906,87.9102
731242,Birbhum,West Bengal,24.2453,87.8973
731243,Birbhum,West Bengal,24.2584,87.7665
731244,Birbhum,West Bengal,24.0893,87.8857
731245,Birbhum,West Bengal,24.0386,87.8446
731301,Birbhum,West Bengal,23.6867,87.8402
731302,Birbhum,West Bengal,23.7652,87.8912
731303,Birbhum,West Bengal,23.8178,87.8002
731304,Birbhum,West Bengal,23.8309,87.8578
732101,Maldah,West Bengal,25.0078,88.1406
732102,Maldah,West Bengal,25.0112,88.1411
732103,Maldah,West Bengal,25.1627,88.3396
732121,Maldah,West Bengal,25.0112,88.1411
732122,Maldah,West Bengal,25.0112,88.1411
732123,Maldah,West Bengal,25.0112,88.1411
732124,Maldah,West Bengal,25.0112,88.1411
732125,Maldah,West Bengal,25.0112,88.1411
732126,Maldah,West Bengal,25.0112,88.1411
732127,Maldah,West Bengal,25.1627,88.3396
732128,Maldah,West Bengal,25.2256,88.3617
732138,Maldah,West Bengal,25.0112,88.1433
732139,Maldah,West Bengal,25.0112,88.1411
732140,Maldah,West Bengal,25.0112,88.1411
732141,Maldah,West Bengal,25.1627,88.3396
732142,Maldah,West Bengal,25.2886,88.3837
732144,Maldah,West Bengal,24.9996,88.1455
732201,Maldah,West Bengal,25.0112,88.1411
732202,Maldah,West Bengal,25.0778,88.1411
732203,Maldah,West Bengal,25.1627,88.3396
732204,Maldah,West Bengal,25.0577,88.1350
732205,Maldah,West Bengal,25.0112,88.1411
732206,Maldah,West Bengal,25.0112,88.1411
732207,Maldah,West Bengal,25.0112,88.1411
732208,Maldah,West Bengal,25.0112,88.1411
732209,Maldah,West Bengal,25.0112,88.1411
732210,Maldah,West Bengal,25.0112,88.1411
732215,Maldah,West Bengal,,
732216,Maldah,West Bengal,25.1627,88.3396
733101,Dinajpur Dakshin,West Bengal,25.2301,88.7732
733102,Dinajpur Dakshin,West Bengal,25.2200,88.7700
733103,Dinajpur Dakshin,West Bengal,25.2500,88.7700
733121,Dinajpur Dakshin,West Bengal,25.2200,88.7700
733123,Dinajpur Uttar,West Bengal,,
733124,Dinajpur Dakshin,West Bengal,25.4200,88.5300
733125,Dinajpur Dakshin,West Bengal,25.3800,88.2700
733126,Dinajpur Dakshin,West Bengal,25.2200,88.7700
733127,Dinajpur Dakshin,West Bengal,25.3000,88.5700
733128,Dinajpur Uttar,West Bengal,25.4500,88.1600
733129,Dinajpur Uttar,West Bengal,25.6700,88.3300
733130,Dinajpur Uttar,West Bengal,25.6524,88.1446
733132,Dinajpur Dakshin,West Bengal,25.3600,88.5200
733133,Dinajpur Dakshin,West Bengal,25.3200,88.7600
733134,Dinajpur Uttar,West Bengal,25.6000,88.1200
733140,Dinajpur Dakshin,West Bengal,25.2200,88.7700
733141,Dinajpur Dakshin,West Bengal,25.4200,88.7300
733142,Dinajpur Dakshin,West Bengal,25.3600,88.5100
733143,Dinajpur Uttar,West Bengal,25.5200,88.1600
733145,Dinajpur Dakshin,West Bengal,25.2600,88.8900
733156,Dinajpur Uttar,West Bengal,25.8700,87.8200
733158,Dinajpur Dakshin,West Bengal,,
733201,Dinajpur Uttar,West Bengal,25.8900,87.8400
733202,Dinajpur Uttar,West Bengal,25.2500,88.1900
733207,Dinajpur Uttar,West Bengal,,
733208,Dinajpur Uttar,West Bengal,,
733209,Dinajpur Uttar,West Bengal,25.8700,87.8400
733210,Dinajpur Uttar,West Bengal,26.0160,88.1070
733215,Dinajpur Uttar,West Bengal,,
734001,Darjeeling,West Bengal,26.7246,88.4266
734002,Darjeeling,West Bengal,26.7097,88.4288
734003,Darjeeling,West Bengal,26.7392,88.4175
734004,Jalpaiguri,West Bengal,26.6981,88.4374
734005,Darjeeling,West Bengal,26.7003,88.4136
734006,Jalpaiguri,West Bengal,26.7112,88.4477
734007,Jalpaiguri,West Bengal,26.6886,88.4604
734008,Darjeeling,West Bengal,26.8193,88.4367
734009,Darjeeling,West Bengal,26.8032,88.4041
734010,Darjeeling,West Bengal,26.7140,88.4063
734011,Darjeeling,West Bengal,26.9703,88.2229
734012,Darjeeling,West Bengal,26.6863,88.3753
734013,Darjeeling,West Bengal,26.8727,88.3082
734014,Darjeeling,West Bengal,26.6753,88.3238
734015,Jalpaiguri,West Bengal,26.5435,88.7205
734101,Darjeeling,West Bengal,27.0536,88.2621
734102,Darjeeling,West Bengal,27.0328,88.2470
734103,Darjeeling,West Bengal,27.0222,88.2546
734104,Darjeeling,West Bengal,27.0551,88.2604
734105,Darjeeling,West Bengal,27.0589,88.2785
734201,Darjeeling,West Bengal,27.0694,88.1965
734203,Darjeeling,West Bengal,26.9572,88.2651
734204,Darjeeling,West Bengal,27.0360,88.2627
734209,Darjeeling,West Bengal,26.8821,88.2748
734213,Darjeeling,West Bengal,27.0360,88.2626
734214,Darjeeling,West Bengal,26.8821,88.2627
734215,Darjeeling,West Bengal,27.0124,88.2626
734216,Darjeeling,West Bengal,26.8821,88.2788
734217,Darjeeling,West Bengal,26.9747,88.4261
734218,Darjeeling,West Bengal,26.9995,88.4324
734220,Darjeeling,West Bengal,26.9377,88.2615
734221,Darjeeling,West Bengal,26.9879,88.2600
734222,Darjeeling,West Bengal,27.0520,88.4254
734223,Darjeeling,West Bengal,26.9144,88.2878
734224,Darjeeling,West Bengal,26.9365,88.3150
734226,Darjeeling,West Bengal,26.9511,88.2790
734301,Kalimpong,West Bengal,27.0593,88.4683
734311,Kalimpong,West Bengal,27.1168,88.5859
734312,Darjeeling,West Bengal,27.0703,88.4764
734313,Darjeeling,West Bengal,27.0600,88.4700
734314,Kalimpong,West Bengal,27.0565,88.5870
734315,Kalimpong,West Bengal,27.1416,88.5632
734316,Kalimpong,West Bengal,27.0666,88.4695
734421,Darjeeling,West Bengal,26.6835,88.3258
734423,Darjeeling,West Bengal,26.8959,88.2609
734424,Darjeeling,West Bengal,26.7344,88.2983
734425,Darjeeling,West Bengal,26.7084,88.4269
734426,Darjeeling,West Bengal,26.7084,88.2994
734427,Darjeeling,West Bengal,26.6136,88.1900
734429,Darjeeling,West Bengal,26.6839,88.2047
734434,Darjeeling,West Bengal,26.8722,88.3629
734501,Jalpaiguri,West Bengal,26.8800,88.5700
734503,Kalimpong,West Bengal,27.0400,88.8700
735101,Jalpaiguri,West Bengal,26.5300,88.7200
735102,Jalpaiguri,West Bengal,26.5300,88.6900
735121,Jalpaiguri,West Bengal,26.5500,88.6700
735122,Coochbehar,West Bengal,26.3000,88.8600
735132,Jalpaiguri,West Bengal,26.4150,88.7050
735133,Jalpaiguri,West Bengal,26.5650,88.5800
735134,Jalpaiguri,West Bengal,26.5600,88.5300
735135,Jalpaiguri,West Bengal,26.6300,88.5050
735202,Jalpaiguri,West Bengal,26.7900,89.0200
735203,Jalpaiguri,West Bengal,26.7500,89.0500
735204,Alipurduar,West Bengal,26.7050,89.1150
735205,Jalpaiguri,West Bengal,26.8900,88.9850
735206,Jalpaiguri,West Bengal,26.8200,88.8000
735207,Jalpaiguri,West Bengal,26.8700,89.0650
735208,Alipurduar,West Bengal,26.8001,89.4560
735209,Jalpaiguri,West Bengal,26.8500,88.6700
735210,Jalpaiguri,West Bengal,26.5700,89.0100
735211,Alipurduar,West Bengal,26.5550,89.2000
735212,Jalpaiguri,West Bengal,26.6850,89.0400
735213,Alipurduar,West Bengal,26.6850,89.1950
735214,Alipurduar,West Bengal,26.6700,89.3900
735215,Alipurduar,West Bengal,26.7228,89.3729
735216,Alipurduar,West Bengal,26.5900,89.1300
735217,Alipurduar,West Bengal,26.6500,89.4455
735218,Jalpaiguri,West Bengal,26.7100,88.6900
735219,Jalpaiguri,West Bengal,26.6800,88.8100
735220,Alipurduar,West Bengal,26.6800,89.2700
735221,Jalpaiguri,West Bengal,26.8693,88.7426
735222,Jalpaiguri,West Bengal,26.8700,88.6300
735223,Jalpaiguri,West Bengal,26.9350,88.8100
735224,Jalpaiguri,West Bengal,26.5600,88.8500
735225,Jalpaiguri,West Bengal,26.9250,88.9200
735226,Alipurduar,West Bengal,,
735227,Alipurduar,West Bengal,26.7500,89.5800
735228,Alipurduar,West Bengal,26.7700,89.2100
735229,Jalpaiguri,West Bengal,26.8450,88.6650
735230,Jalpaiguri,West Bengal,26.8000,88.7400
735231,Kalimpong,West Bengal,26.9550,88.7050
735232,Jalpaiguri,West Bengal,26.7600,89.0600
735233,Jalpaiguri,West Bengal,26.7000,88.9300
735234,Jalpaiguri,West Bengal,26.8100,88.6000
735301,Coochbehar,West Bengal,26.4500,88.9300
735302,Jalpaiguri,West Bengal,26.6000,88.7900
735303,Coochbehar,West Bengal,26.4500,89.0700
735304,Coochbehar,West Bengal,26.3200,88.9700
735305,Jalpaiguri,West Bengal,26.4750,88.8350
736101,Coochbehar,West Bengal,26.3237,89.4514
736121,Alipurduar,West Bengal,26.4800,89.4560
736122,Alipurduar,West Bengal,26.5100,89.4900
736123,Alipurduar,West Bengal,26.5200,89.5391
736131,Coochbehar,West Bengal,26.3300,89.7675
736133,Coochbehar,West Bengal,26.3975,89.4983
736134,Coochbehar,West Bengal,26.2000,89.5050
736135,Coochbehar,West Bengal,26.1299,89.4600
736145,Coochbehar,West Bengal,26.1900,89.3594
736146,Coochbehar,West Bengal,26.3301,89.1850
736156,Coochbehar,West Bengal,26.3400,89.5450
736157,Coochbehar,West Bengal,26.2600,89.2700
736158,Coochbehar,West Bengal,26.1350,89.2400
736159,Coochbehar,West Bengal,26.3000,89.6600
736160,Coochbehar,West Bengal,26.5233,89.6672
736165,Coochbehar,West Bengal,26.4050,89.3762
736167,Coochbehar,West Bengal,26.1400,89.3300
736168,Coochbehar,West Bengal,26.0863,89.5500
736169,Coochbehar,West Bengal,26.1295,89.5284
736170,Coochbehar,West Bengal,26.2550,89.4150
736171,Coochbehar,West Bengal,26.3750,89.2932
736172,Coochbehar,West Bengal,26.2700,89.1500
736176,Coochbehar,West Bengal,26.2008,89.5243
736179,Coochbehar,West Bengal,26.3508,89.4350
736182,Alipurduar,West Bengal,26.8400,89.3700
736201,Alipurduar,West Bengal,26.6700,89.6950
736202,Alipurduar,West Bengal,26.4705,89.7230
736203,Alipurduar,West Bengal,26.5400,89.8100
736204,Alipurduar,West Bengal,26.5225,89.3764
736205,Alipurduar,West Bengal,,
736206,Alipurduar,West Bengal,26.5250,89.6700
736207,Alipurduar,West Bengal,26.4600,89.8000
736208,Alipurduar,West Bengal,26.4900,89.6000
737101,East District,Sikkim,27.3311,88.6070
737102,East District,Sikkim,27.3550,88.5950
737103,East District,Sikkim,27.3400,88.6500
737106,East District,Sikkim,27.2350,88.5550
737107,East District,Sikkim,27.3800,88.5100
737111,West District,Sikkim,27.3000,88.2700
737113,West District,Sikkim,27.3100,88.1900
737116,North District,Sikkim,27.5100,88.5300
737120,North District,Sikkim,27.5300,88.5500
737121,West District,Sikkim,27.1600,88.2100
737126,South District,Sikkim,27.1600,88.3603
737128,South District,Sikkim,27.1100,88.4200
737131,East District,Sikkim,27.2700,88.7000
737132,South District,Sikkim,27.1600,88.4900
737133,East District,Sikkim,27.1900,88.6550
737134,East District,Sikkim,27.2600,88.5050
737135,East District,Sikkim,27.2850,88.5650
737136,East District,Sikkim,27.3398,88.6550
737139,South District,Sikkim,27.2900,88.4122
741101,Nadia,West Bengal,23.4076,88.4956
741102,Nadia,West Bengal,23.3600,88.5000
741103,Nadia,West Bengal,23.4200,88.5150
741121,Nadia,West Bengal,23.3159,88.5275
741122,Nadia,West Bengal,,
741123,Nadia,West Bengal,23.5300,88.5900
741124,Nadia,West Bengal,23.6200,88.5100
741125,Nadia,West Bengal,23.4600,88.4300
741126,Nadia,West Bengal,23.6200,88.4000
741127,Nadia,West Bengal,23.2600,88.5679
741137,Nadia,West Bengal,23.6650,88.2842
741138,Nadia,West Bengal,23.5500,88.3800
741139,Nadia,West Bengal,23.4821,88.4488
741140,Nadia,West Bengal,23.5200,88.4900
741150,Nadia,West Bengal,23.7000,88.2500
741151,Nadia,West Bengal,23.3640,88.5640
741152,Nadia,West Bengal,,
741153,Nadia,West Bengal,23.6200,88.2400
741154,Nadia,West Bengal,23.5300,88.4300
741155,Nadia,West Bengal,23.8100,88.4800
741156,Nadia,West Bengal,23.7755,88.3800
741157,Nadia,West Bengal,23.7667,88.2788
741158,Nadia,West Bengal,22.9757,88.4354
741159,Nadia,West Bengal,23.2593,88.5422
741160,Nadia,West Bengal,23.7450,88.5100
741161,Nadia,West Bengal,23.4300,88.5800
741162,Nadia,West Bengal,23.5600,88.3400
741163,Nadia,West Bengal,23.8250,88.5500
741164,Nadia,West Bengal,23.4800,88.5550
741165,Nadia,West Bengal,23.4128,88.4827
741166,Nadia,West Bengal,23.4499,88.5351
741167,Nadia,West Bengal,23.4500,88.6600
741181,Nadia,West Bengal,23.7283,88.3100
741201,Nadia,West Bengal,23.1773,88.5673
741202,Nadia,West Bengal,23.1826,88.5934
741221,Nadia,West Bengal,,
741222,Nadia,West Bengal,23.0479,88.5130
741223,Nadia,West Bengal,23.0699,88.6555
741232,Nadia,West Bengal,22.9757,88.4354
741234,Nadia,West Bengal,,
741235,Nadia,West Bengal,22.9751,88.4453
741238,Nadia,West Bengal,23.1294,88.6458
741245,Nadia,West Bengal,23.0089,88.4828
741246,Nadia,West Bengal,22.9757,88.4354
741247,Nadia,West Bengal,,
741248,Nadia,West Bengal,23.0345,88.5166
741249,Nadia,West Bengal,23.2760,88.4237
741250,Nadia,West Bengal,22.9757,88.4354
741251,Nadia,West Bengal,22.9989,88.4271
741252,Nadia,West Bengal,,
741253,Nadia,West Bengal,23.3848,88.6443
741254,Nadia,West Bengal,23.2207,88.5589
741255,Nadia,West Bengal,23.1554,88.5482
741256,Nadia,West Bengal,23.0512,88.6713
741257,Nadia,West Bengal,,
741301,Nadia,West Bengal,23.4029,88.3906
741302,Nadia,West Bengal,23.4062,88.3638
741313,Nadia,West Bengal,23.4450,88.3869
741315,Nadia,West Bengal,23.4112,88.4150
741316,Nadia,West Bengal,23.4300,88.3500
741317,Nadia,West Bengal,23.3400,88.4029
741319,Purba Bardhaman,West Bengal,23.3669,88.3669
741401,Nadia,West Bengal,23.2528,88.4331
741402,Nadia,West Bengal,23.2354,88.5003
741404,Nadia,West Bengal,23.2627,88.4349
741501,Nadia,West Bengal,23.2426,88.6114
741502,Nadia,West Bengal,23.3349,88.6483
741503,Nadia,West Bengal,23.2278,88.5977
741504,Nadia,West Bengal,23.2584,88.6659
741505,Nadia,West Bengal,23.3612,88.6025
741506,Nadia,West Bengal,23.4171,88.6977
741507,Nadia,West Bengal,23.3945,88.7236
741508,Nadia,West Bengal,23.4600,88.6709
741509,Nadia,West Bengal,23.3982,88.6748
742101,Murshidabad,West Bengal,24.0971,88.2516
742102,Murshidabad,West Bengal,24.1047,88.2516
742103,Murshidabad,West Bengal,24.1047,88.2516
742104,Murshidabad,West Bengal,24.1047,88.2516
742113,Murshidabad,West Bengal,24.1633,88.0941
742121,Murshidabad,West Bengal,24.2692,88.0489
742122,Murshidabad,West Bengal,24.2273,88.2581
742123,Murshidabad,West Bengal,24.2400,88.2600
742132,Murshidabad,West Bengal,24.0596,87.8867
742133,Murshidabad,West Bengal,24.0232,87.9257
742134,Murshidabad,West Bengal,24.2925,88.0692
742135,Murshidabad,West Bengal,24.3321,88.0580
742136,Murshidabad,West Bengal,24.0589,88.1200
742137,Murshidabad,West Bengal,24.1303,88.0519
742138,Murshidabad,West Bengal,24.0017,87.9135
742140,Murshidabad,West Bengal,23.9287,87.6178
742147,Murshidabad,West Bengal,24.1500,87.9435
742148,Murshidabad,West Bengal,24.3584,88.0833
742149,Murshidabad,West Bengal,24.1528,88.1461
742151,Murshidabad,West Bengal,24.3160,88.0860
742159,Murshidabad,West Bengal,24.1707,87.9755
742160,Murshidabad,West Bengal,24.3642,88.2382
742161,Murshidabad,West Bengal,24.1251,87.9561
742163,Murshidabad,West Bengal,24.0202,88.0912
742164,Murshidabad,West Bengal,,
742165,Murshidabad,West Bengal,24.5272,87.9291
742166,Murshidabad,West Bengal,24.0616,87.8981
742168,Murshidabad,West Bengal,23.9875,87.9220
742174,Murshidabad,West Bengal,,
742175,Murshidabad,West Bengal,24.0248,87.9616
742184,Murshidabad,West Bengal,23.8093,88.0131
742187,Murshidabad,West Bengal,24.0671,88.1143
742189,Murshidabad,West Bengal,24.3535,87.8983
742201,Murshidabad,West Bengal,24.0811,87.9102
742202,Murshidabad,West Bengal,24.5917,87.9420
742212,Murshidabad,West Bengal,,
742213,Murshidabad,West Bengal,24.5643,88.0252
742223,Murshidabad,West Bengal,24.0750,88.0367
742224,Murshidabad,West Bengal,24.6278,87.9871
742225,Murshidabad,West Bengal,24.4656,88.0667
742226,Murshidabad,West Bengal,24.3144,87.9452
742227,Murshidabad,West Bengal,24.2505,87.9755
742235,Murshidabad,West Bengal,24.2744,87.8508
742236,Murshidabad,West Bengal,,
742237,Murshidabad,West Bengal,24.2214,87.7501
742238,Murshidabad,West Bengal,23.9542,88.0373
742301,Murshidabad,West Bengal,24.6125,87.8092
742302,Murshidabad,West Bengal,24.5109,87.9004
742303,Murshidabad,West Bengal,23.9387,87.6178
742304,Murshidabad,West Bengal,24.2045,88.1546
742305,Murshidabad,West Bengal,,
742306,Murshidabad,West Bengal,,
742308,Murshidabad,West Bengal,,
742401,Murshidabad,West Bengal,23.7708,88.1021
742402,Murshidabad,West Bengal,24.3087,88.2382
742404,Murshidabad,West Bengal,23.9685,87.8257
742405,Murshidabad,West Bengal,24.3965,87.9610
742406,Murshidabad,West Bengal,23.9542,88.0373
742407,Murshidabad,West Bengal,24.0930,88.2520
742408,Murshidabad,West Bengal,24.0930,88.2520
742409,Murshidabad,West Bengal,24.0930,88.2520
742410,Murshidabad,West Bengal,24.3500,87.9000
743122,24 Paraganas North,West Bengal,,
743123,24 Paraganas North,West Bengal,22.8700,88.4100
743124,24 Paraganas North,West Bengal,22.8200,88.3800
743125,24 Paraganas North,West Bengal,22.8600,88.3900
743126,24 Paraganas North,West Bengal,22.8600,88.4050
743127,24 Paraganas North,West Bengal,22.8250,88.3950
743128,24 Paraganas North,West Bengal,22.8500,88.3800
743129,24 Paraganas North,West Bengal,22.8600,88.4100
743130,24 Paraganas North,West Bengal,22.8800,88.4400
743133,24 Paraganas North,West Bengal,22.8200,88.3750
743134,24 Paraganas North,West Bengal,22.9400,88.4200
743135,24 Paraganas North,West Bengal,22.9200,88.4200
743136,24 Paraganas North,West Bengal,22.9300,88.4200
743144,24 Paraganas North,West Bengal,22.8000,88.3700
743145,24 Paraganas North,West Bengal,22.9400,88.4400
743165,24 Paraganas North,West Bengal,22.8900,88.4200
743166,24 Paraganas North,West Bengal,22.8900,88.4200
743193,24 Paraganas North,West Bengal,22.9300,88.4600
743194,24 Paraganas North,West Bengal,22.8600,88.3900
743221,24 Paraganas North,West Bengal,22.8454,88.5267
743222,24 Paraganas North,West Bengal,22.8406,88.5935
743223,24 Paraganas North,West Bengal,22.6630,88.8714
743232,24 Paraganas North,West Bengal,,
743233,24 Paraganas North,West Bengal,22.7381,88.7636
743234,24 Paraganas North,West Bengal,22.7900,88.5763
743235,24 Paraganas North,West Bengal,23.0452,88.8275
743245,24 Paraganas North,West Bengal,22.9558,88.8103
743247,24 Paraganas North,West Bengal,22.8371,88.8069
743248,24 Paraganas North,West Bengal,22.7627,88.5300
743249,24 Paraganas North,West Bengal,22.9336,88.7164
743251,24 Paraganas North,West Bengal,23.1308,88.7999
743252,24 Paraganas North,West Bengal,22.8795,88.7507
743262,24 Paraganas North,West Bengal,23.0510,88.7484
743263,24 Paraganas North,West Bengal,22.8503,88.6665
743268,24 Paraganas North,West Bengal,22.8378,88.6443
743270,24 Paraganas North,West Bengal,,
743271,24 Paraganas North,West Bengal,22.8154,88.6732
743272,24 Paraganas North,West Bengal,22.8574,88.6189
743273,24 Paraganas North,West Bengal,22.8815,88.8677
743286,24 Paraganas North,West Bengal,22.8257,88.8616
743287,24 Paraganas North,West Bengal,22.9266,88.7763
743289,24 Paraganas North,West Bengal,22.8535,88.7394
743290,24 Paraganas North,West Bengal,22.9850,88.6946
743291,24 Paraganas North,West Bengal,22.6256,88.8267
743292,24 Paraganas North,West Bengal,22.6835,88.9025
743293,24 Paraganas North,West Bengal,22.7123,88.7349
743294,24 Paraganas North,West Bengal,22.7376,88.5589
743297,24 Paraganas North,West Bengal,23.1556,88.7668
743312,24 Paraganas South,West Bengal,22.1605,88.7033
743318,24 Paraganas South,West Bengal,22.4060,88.1637
743329,24 Paraganas South,West Bengal,22.3035,88.6574
743330,24 Paraganas South,West Bengal,22.4250,88.5160
743331,24 Paraganas South,West Bengal,22.1963,88.1893
743332,24 Paraganas South,West Bengal,22.1650,88.2305
743336,24 Paraganas South,West Bengal,22.1090,88.3322
743337,24 Paraganas South,West Bengal,22.2035,88.4790
743338,24 Paraganas South,West Bengal,22.1490,88.4657
743345,24 Paraganas South,West Bengal,22.4530,88.3400
743347,24 Paraganas South,West Bengal,21.8780,88.2120
743348,24 Paraganas South,West Bengal,22.0279,88.2665
743349,24 Paraganas South,West Bengal,22.0710,88.4234
743351,24 Paraganas South,West Bengal,22.0940,88.2459
743354,24 Paraganas South,West Bengal,22.1180,88.3991
743355,24 Paraganas South,West Bengal,22.2416,88.3785
743356,24 Paraganas South,West Bengal,21.8847,88.1842
743357,24 Paraganas South,West Bengal,22.5376,88.4531
743363,24 Paraganas South,West Bengal,22.3921,88.5270
743368,24 Paraganas South,West Bengal,22.2368,88.1913
743370,24 Paraganas South,West Bengal,22.1590,88.8050
743371,24 Paraganas South,West Bengal,22.0800,88.3654
743372,24 Paraganas South,West Bengal,22.2465,88.4454
743373,24 Paraganas South,West Bengal,22.3421,88.4220
743374,24 Paraganas South,West Bengal,21.9850,88.2413
743375,24 Paraganas South,West Bengal,22.2570,88.2872
743376,24 Paraganas South,West Bengal,22.3005,88.5490
743377,24 Paraganas South,West Bengal,22.3675,88.2026
743378,24 Paraganas South,West Bengal,22.2606,88.2221
743383,24 Paraganas South,West Bengal,21.9590,88.4451
743387,24 Paraganas South,West Bengal,22.3252,88.4555
743395,24 Paraganas South,West Bengal,22.1440,88.3070
743399,24 Paraganas South,West Bengal,22.0050,88.2990
743401,24 Paraganas North,West Bengal,22.7492,88.7971
743405,24 Paraganas North,West Bengal,23.0371,88.8575
743411,24 Paraganas North,West Bengal,22.6621,88.8648
743412,24 Paraganas North,West Bengal,22.6617,88.8789
743422,24 Paraganas North,West Bengal,22.6288,88.8636
743423,24 Paraganas North,West Bengal,22.6873,88.6253
743424,24 Paraganas North,West Bengal,22.6779,88.6924
743425,24 Paraganas North,West Bengal,22.5970,88.7013
743426,24 Paraganas North,West Bengal,22.5235,88.9160
743427,24 Paraganas North,West Bengal,22.7350,88.8528
743428,24 Paraganas North,West Bengal,22.3874,88.4519
743429,24 Paraganas North,West Bengal,22.6172,88.9190
743435,24 Paraganas North,West Bengal,22.4464,88.9623
743437,24 Paraganas North,West Bengal,22.6897,88.7566
743438,24 Paraganas North,West Bengal,22.7954,88.7393
743439,24 Paraganas North,West Bengal,22.3733,88.9473
743442,24 Paraganas North,West Bengal,22.4402,88.8156
743445,24 Paraganas North,West Bengal,22.6297,88.7578
743446,24 Paraganas North,West Bengal,22.3589,88.8813
743456,24 Paraganas North,West Bengal,22.5451,88.8011
743502,24 Paraganas South,West Bengal,22.5095,88.5940
743503,24 Paraganas South,West Bengal,22.3504,88.2941
743504,24 Paraganas South,West Bengal,22.2980,88.1460
743513,24 Paraganas South,West Bengal,22.3030,88.2490
743609,24 Paraganas South,West Bengal,22.2620,88.3251
743610,24 Paraganas South,West Bengal,22.3243,88.3879
743611,24 Paraganas South,West Bengal,22.2270,88.7768
743613,24 Paraganas South,West Bengal,22.3781,88.3450
743701,24 Paraganas North,West Bengal,23.0351,88.7494
743702,24 Paraganas North,West Bengal,22.6376,88.5962
743704,24 Paraganas North,West Bengal,22.7991,88.6214
743710,24 Paraganas North,West Bengal,23.1269,88.7117
743711,24 Paraganas North,West Bengal,22.8775,88.5432
744101,South Andamans,Andaman and Nicobar Islands,11.6658,92.7411
744102,South Andamans,Andaman and Nicobar Islands,11.6658,92.7411
744103,South Andamans,Andaman and Nicobar Islands,11.8106,92.7856
744104,South Andamans,Andaman and Nicobar Islands,11.6658,92.7411
744105,South Andamans,Andaman and Nicobar Islands,11.6658,92.7411
744106,South Andamans,Andaman and Nicobar Islands,11.6658,92.7411
744107,South Andamans,Andaman and Nicobar Islands,11.7000,92.7200
744112,South Andamans,Andaman and Nicobar Islands,11.3700,92.4300
744201,North and Middle Andaman,Andaman and Nicobar Islands,11.6658,92.7411
744202,North and Middle Andaman,Andaman and Nicobar Islands,11.6658,92.7411
744203,North and Middle Andaman,Andaman and Nicobar Islands,11.6658,92.7411
744204,North and Middle Andaman,Andaman and Nicobar Islands,,
744205,North and Middle Andaman,Andaman and Nicobar Islands,,
744206,South Andamans,Andaman and Nicobar Islands,11.4400,92.4200
744207,South Andamans,Andaman and Nicobar Islands,,
744209,North and Middle Andaman,Andaman and Nicobar Islands,12.3807,92.8027
744210,North and Middle Andaman,Andaman and Nicobar Islands,11.6658,92.7411
744211,South Andamans,Andaman and Nicobar Islands,11.7179,92.8106
744301,Nicobars,Andaman and Nicobar Islands,11.6658,92.7411
744302,Nicobars,Andaman and Nicobar Islands,11.6658,92.7411
744303,Nicobars,Andaman and Nicobar Islands,,
744304,Nicobars,Andaman and Nicobar Islands,11.6658,92.7411
751001,Khordha,Odisha,20.2710,85.8314
751002,Khordha,Odisha,20.2234,85.8350
751003,Khordha,Odisha,20.2803,85.7731
751004,Khordha,Odisha,20.2997,85.8385
751005,Khordha,Odisha,20.1867,85.6218
751006,Khordha,Odisha,20.2592,85.8460
751007,Khordha,Odisha,20.2908,85.8483
751008,Khordha,Odisha,20.2702,85.8179
751009,Khordha,Odisha,20.2554,85.8288
751010,Khordha,Odisha,,
751011,Khordha,Odisha,20.2858,85.8040
751012,Khordha,Odisha,20.2773,85.8182
751013,Khordha,Odisha,20.3000,85.8306
751014,Khordha,Odisha,20.2529,85.8408
751015,Khordha,Odisha,20.2923,85.8084
751016,Khordha,Odisha,20.3289,85.8202
751017,Khordha,Odisha,20.3198,85.8358
751018,Khordha,Odisha,,
751019,Khordha,Odisha,20.2330,85.7797
751020,Khordha,Odisha,20.2381,85.8068
751021,Khordha,Odisha,20.3342,85.8092
751022,Khordha,Odisha,20.2929,85.8334
751023,Khordha,Odisha,20.3184,85.8134
751024,Khordha,Odisha,20.3469,85.8323
751025,Khordha,Odisha,20.1867,85.6218
751026,Khordha,Odisha,20.2797,85.8524
751027,Khordha,Odisha,20.2725,85.8339
751028,Khordha,Odisha,20.2386,85.7455
751029,Khordha,Odisha,20.2908,85.7772
751030,Khordha,Odisha,20.2625,85.7820
751031,Khordha,Odisha,20.2736,85.8342
751032,Khordha,Odisha,20.3474,85.8864
751033,Khordha,Odisha,20.2766,85.7954
751034,Khordha,Odisha,20.3025,85.8559
752001,Puri,Odisha,19.8034,85.8280
752002,Puri,Odisha,19.8330,85.8352
752003,Puri,Odisha,19.8129,85.8311
752004,Puri,Odisha,19.8344,85.8710
752010,Puri,Odisha,19.7276,85.5738
752011,Puri,Odisha,19.8392,85.6473
752012,Puri,Odisha,19.8961,85.8092
752013,Puri,Odisha,19.8363,85.7356
752014,Puri,Odisha,19.9456,85.8160
752015,Puri,Odisha,20.0677,85.7060
752016,Puri,Odisha,19.9960,85.7578
752017,Puri,Odisha,19.9544,85.6385
752018,Khordha,Odisha,20.0550,85.5835
752019,Puri,Odisha,19.9768,85.5729
752020,Khordha,Odisha,20.0489,85.5193
752021,Khordha,Odisha,19.9572,85.4721
752022,Khordha,Odisha,19.8919,85.4030
752023,Khordha,Odisha,19.9187,85.3725
752024,Nayagarh,Odisha,19.9431,85.4006
752025,Nayagarh,Odisha,20.0254,85.3294
752026,Nayagarh,Odisha,20.1040,85.3915
752027,Khordha,Odisha,19.8630,85.3524
752030,Khordha,Odisha,,
752031,Khordha,Odisha,,
752032,Puri,Odisha,,
752034,Khordha,Odisha,,
752035,Khordha,Odisha,,
752037,Khordha,Odisha,,
752038,Khordha,Odisha,20.0839,85.4205
752045,Puri,Odisha,19.9637,85.9155
752046,Puri,Odisha,19.9818,85.8275
752050,Khordha,Odisha,20.1617,85.7080
752054,Khordha,Odisha,20.2479,85.7178
752055,Khordha,Odisha,20.1867,85.6219
752056,Khordha,Odisha,20.1572,85.5974
752057,Khordha,Odisha,20.1954,85.5903
752060,Khordha,Odisha,20.0951,85.6271
752061,Khordha,Odisha,20.2482,85.4923
752062,Khordha,Odisha,20.2037,85.4559
752063,Nayagarh,Odisha,20.2975,85.2992
752064,Khordha,Odisha,20.2067,85.3844
752065,Nayagarh,Odisha,20.1558,85.3259
752066,Khordha,Odisha,20.1892,85.2783
752068,Nayagarh,Odisha,20.1642,85.1691
752069,Nayagarh,Odisha,20.1292,85.0975
752070,Nayagarh,Odisha,20.1045,85.1023
752077,Nayagarh,Odisha,20.2756,85.1972
752078,Nayagarh,Odisha,20.1272,85.1091
752079,Nayagarh,Odisha,20.1041,85.1684
752080,Nayagarh,Odisha,20.0285,85.0844
752081,Nayagarh,Odisha,20.0179,84.9807
752082,Nayagarh,Odisha,20.0813,84.9237
752083,Nayagarh,Odisha,20.2159,84.9635
752084,Nayagarh,Odisha,20.3624,84.8294
752085,Nayagarh,Odisha,20.3988,85.0436
752089,Nayagarh,Odisha,,
752090,Nayagarh,Odisha,20.0183,84.9191
752091,Nayagarh,Odisha,20.3000,84.8632
752092,Nayagarh,Odisha,20.0380,85.1616
752093,Nayagarh,Odisha,20.4006,84.9211
752094,Nayagarh,Odisha,20.1631,85.0193
752100,Khordha,Odisha,20.2143,85.9084
752101,Khordha,Odisha,20.2996,85.8971
752102,Khordha,Odisha,20.1995,85.9607
752103,Khordha,Odisha,20.1764,86.0060
752104,Puri,Odisha,20.1085,85.8219
752105,Puri,Odisha,20.0217,85.8825
752106,Puri,Odisha,20.0600,86.0086
752107,Puri,Odisha,20.0181,86.1423
752108,Puri,Odisha,20.0054,86.1950
752109,Puri,Odisha,19.9716,86.2680
752110,Puri,Odisha,19.9518,86.0206
752111,Puri,Odisha,19.9059,86.0993
752113,Puri,Odisha,20.0622,86.0817
752114,Puri,Odisha,20.0942,85.9342
752115,Khordha,Odisha,20.1649,85.6794
752116,Puri,Odisha,19.9550,86.0800
752118,Puri,Odisha,19.9513,86.1877
752119,Puri,Odisha,20.0147,86.2460
752120,Puri,Odisha,20.1357,86.0604
752121,Puri,Odisha,19.9866,85.9545
753001,Cuttack,Odisha,20.4709,85.8753
753002,Cuttack,Odisha,20.4668,85.8582
753003,Cuttack,Odisha,20.4657,85.8965
753004,Cuttack,Odisha,20.4573,85.9090
753006,Cuttack,Odisha,20.4498,85.9325
753007,Cuttack,Odisha,20.4718,85.8764
753008,Cuttack,Odisha,20.4793,85.8589
753009,Cuttack,Odisha,20.4596,85.8723
753010,Cuttack,Odisha,20.4438,85.9010
753011,Cuttack,Odisha,20.4129,85.8965
753012,Cuttack,Odisha,20.4490,85.8902
753013,Cuttack,Odisha,20.4519,85.9009
753014,Cuttack,Odisha,20.4802,85.8357
753015,Cuttack,Odisha,20.4782,85.8196
753016,Cuttack,Odisha,20.4501,85.8939
754001,Cuttack,Odisha,20.3398,85.9256
754002,Cuttack,Odisha,20.2790,85.9684
754003,Cuttack,Odisha,20.3288,85.9869
754004,Cuttack,Odisha,20.1357,86.0959
754005,Khordha,Odisha,20.3798,85.8287
754006,Cuttack,Odisha,20.4456,85.7623
754007,Cuttack,Odisha,20.3862,85.6083
754008,Cuttack,Odisha,20.3564,85.5236
754009,Cuttack,Odisha,20.3518,85.4406
754010,Cuttack,Odisha,20.2323,86.0149
754011,Cuttack,Odisha,20.2127,86.0152
754012,Khordha,Odisha,20.3384,85.7421
754013,Cuttack,Odisha,20.4419,85.7539
754018,Cuttack,Odisha,20.2756,86.0284
754021,Cuttack,Odisha,20.4955,85.9184
754022,Cuttack,Odisha,20.5483,85.9506
754023,Jajapur,Odisha,20.6049,86.0827
754024,Jajapur,Odisha,20.6634,86.0882
754025,Cuttack,Odisha,20.5311,85.9519
754026,Cuttack,Odisha,20.4662,85.8586
754027,Cuttack,Odisha,20.5037,85.8037
754028,Cuttack,Odisha,20.5700,85.8792
754029,Cuttack,Odisha,20.5171,85.6257
754030,Cuttack,Odisha,20.4476,85.5155
754031,Cuttack,Odisha,20.3930,85.4388
754032,Cuttack,Odisha,20.0976,86.0794
754034,Cuttack,Odisha,20.4340,85.4288
754035,Cuttack,Odisha,20.4415,85.4592
754037,Cuttack,Odisha,,
754071,Cuttack,Odisha,20.4662,85.8586
754082,Jajapur,Odisha,20.6826,86.0138
754100,Cuttack,Odisha,20.4135,85.9872
754102,Jagatsinghapur,Odisha,20.3038,86.0913
754103,Jagatsinghapur,Odisha,20.2489,86.1831
754104,Jagatsinghapur,Odisha,20.2850,86.2374
754105,Cuttack,Odisha,20.2322,86.0589
754106,Jagatsinghapur,Odisha,20.2245,86.2406
754107,Jagatsinghapur,Odisha,20.1526,86.2120
754108,Jagatsinghapur,Odisha,20.1627,86.2730
754109,Jagatsinghapur,Odisha,20.1535,86.1675
754110,Jagatsinghapur,Odisha,20.1302,86.3824
754111,Jagatsinghapur,Odisha,20.3434,86.0433
754112,Cuttack,Odisha,20.4109,85.9403
754113,Jagatsinghapur,Odisha,20.0878,86.1956
754114,Jagatsinghapur,Odisha,20.2709,86.1214
754119,Jagatsinghapur,Odisha,20.0656,86.3274
754120,Jagatsinghapur,Odisha,20.2529,86.1772
754130,Cuttack,Odisha,20.3925,86.0677
754131,Cuttack,Odisha,20.4263,86.1005
754132,Jagatsinghapur,Odisha,20.3013,86.1772
754133,Jagatsinghapur,Odisha,20.3473,86.2315
754134,Kendrapara,Odisha,20.3953,86.3062
754135,Jagatsinghapur,Odisha,20.6685,86.1859
754136,Jagatsinghapur,Odisha,20.2761,86.2885
754137,Jagatsinghapur,Odisha,20.3301,86.3257
754138,Jagatsinghapur,Odisha,20.2142,86.3476
754139,Jagatsinghapur,Odisha,20.2063,86.4315
754140,Jagatsinghapur,Odisha,20.2808,86.4359
754141,Jagatsinghapur,Odisha,20.2934,86.5373
754142,Jagatsinghapur,Odisha,20.2670,86.6519
754143,Jagatsinghapur,Odisha,20.2529,86.1772
754145,Jagatsinghapur,Odisha,20.2689,86.6492
754153,Kendrapara,Odisha,20.3877,86.3672
754160,Jagatsinghapur,Odisha,20.3054,86.3808
754162,Jagatsinghapur,Odisha,20.3497,86.3695
754200,Cuttack,Odisha,20.4955,86.0300
754201,Cuttack,Odisha,20.5418,86.0853
754202,Cuttack,Odisha,20.4887,86.1196
754203,Cuttack,Odisha,20.4526,86.1389
754204,Cuttack,Odisha,20.6033,86.1708
754205,Jajapur,Odisha,20.6101,86.2445
754206,Cuttack,Odisha,20.5604,86.2281
754207,Cuttack,Odisha,20.5128,86.2203
754208,Kendrapara,Odisha,20.5110,86.3141
754209,Cuttack,Odisha,20.4605,86.2533
754210,Kendrapara,Odisha,20.4538,86.3229
754211,Kendrapara,Odisha,20.5175,86.3876
754212,Kendrapara,Odisha,20.4729,86.4917
754213,Kendrapara,Odisha,20.4185,86.5058
754214,Kendrapara,Odisha,20.6143,86.3714
754215,Kendrapara,Odisha,20.5911,86.5621
754216,Kendrapara,Odisha,20.5093,86.5602
754217,Kendrapara,Odisha,20.5547,86.6436
754218,Kendrapara,Odisha,20.6238,86.5279
754219,Kendrapara,Odisha,20.6609,86.6483
754220,Kendrapara,Odisha,20.7159,86.7148
754221,Cuttack,Odisha,20.5341,86.1610
754222,Kendrapara,Odisha,20.5758,86.4669
754223,Kendrapara,Odisha,20.4736,86.3630
754224,Kendrapara,Odisha,20.4202,86.6157
754225,Kendrapara,Odisha,20.5958,86.7935
754227,Kendrapara,Odisha,20.7308,86.6477
754228,Kendrapara,Odisha,20.4097,86.4078
754231,Kendrapara,Odisha,20.6427,86.6982
754239,Kendrapara,Odisha,20.6765,86.5857
754240,Kendrapara,Odisha,20.5643,86.4620
754244,Kendrapara,Odisha,20.4409,86.4320
754245,Kendrapara,Odisha,20.4871,86.6477
754246,Kendrapara,Odisha,20.6204,86.6968
754248,Kendrapara,Odisha,20.7370,86.8554
754250,Kendrapara,Odisha,20.5289,86.3838
754253,Kendrapara,Odisha,20.5042,86.4189
754289,Kendrapara,Odisha,20.5505,86.2959
754290,Cuttack,Odisha,20.5646,86.1167
754292,Jajapur,Odisha,20.6526,86.2923
754293,Cuttack,Odisha,20.4298,86.1754
754294,Jagatsinghapur,Odisha,20.2253,86.1761
754295,Cuttack,Odisha,20.5057,85.6608
754296,Jajapur,Odisha,20.6613,86.1445
754297,Cuttack,Odisha,20.5628,85.7279
754298,Cuttack,Odisha,20.3724,86.1351
755001,Jajapur,Odisha,20.8523,86.3261
755003,Jajapur,Odisha,20.6868,86.3503
755004,Jajapur,Odisha,20.7185,86.4329
755005,Jajapur,Odisha,20.7251,86.2557
755006,Jajapur,Odisha,20.8268,86.4486
755007,Jajapur,Odisha,20.8500,86.3095
755008,Jajapur,Odisha,20.7665,86.1900
755009,Jajapur,Odisha,20.8042,86.2278
755010,Jajapur,Odisha,20.6585,86.3766
755011,Jajapur,Odisha,20.8060,86.5442
755012,Jajapur,Odisha,20.7017,86.4530
755013,Jajapur,Odisha,20.7669,86.4852
755014,Jajapur,Odisha,20.8201,86.4173
755015,Jajapur,Odisha,20.8849,86.1369
755016,Jajapur,Odisha,20.7341,86.5455
755017,Jajapur,Odisha,20.7725,86.3054
755018,Jajapur,Odisha,20.9654,85.9153
755019,Jajapur,Odisha,21.0060,86.1192
755020,Jajapur,Odisha,20.8523,86.3293
755022,Jajapur,Odisha,21.0085,86.1743
755023,Jajapur,Odisha,20.8505,86.0476
755024,Jajapur,Odisha,20.7425,86.1283
755025,Jajapur,Odisha,20.9995,86.2266
755026,Jajapur,Odisha,20.9734,86.0194
755027,Jajapur,Odisha,20.7485,86.3693
755028,Jajapur,Odisha,20.8523,86.3293
755036,Jajapur,Odisha,20.8523,86.5311
755043,Jajapur,Odisha,20.8613,86.2453
755044,Jajapur,Odisha,20.7144,86.0691
755049,Jajapur,Odisha,20.6774,86.2075
755050,Jajapur,Odisha,20.7758,86.1553
755051,Jajapur,Odisha,20.8443,86.1710
755061,Kendrapara,Odisha,20.6600,86.4795
755062,Jajapur,Odisha,20.8058,86.3572
756001,Baleshwar,Odisha,21.5005,86.9305
756002,Baleshwar,Odisha,21.4775,86.9517
756003,Baleshwar,Odisha,21.5134,86.9365
756019,Baleshwar,Odisha,21.5297,86.8709
756020,Baleshwar,Odisha,21.5701,86.7811
756021,Baleshwar,Odisha,21.4035,86.9080
756022,Baleshwar,Odisha,21.6823,87.1308
756023,Baleshwar,Odisha,21.6704,87.2279
756024,Baleshwar,Odisha,21.5849,87.1920
756025,Baleshwar,Odisha,21.4620,86.9938
756026,Baleshwar,Odisha,21.6664,87.2809
756027,Baleshwar,Odisha,21.5313,86.9964
756028,Baleshwar,Odisha,21.6270,87.0267
756029,Baleshwar,Odisha,21.6483,87.0802
756030,Baleshwar,Odisha,21.7469,87.1479
756032,Baleshwar,Odisha,21.7973,87.2272
756033,Baleshwar,Odisha,21.8915,87.1801
756034,Baleshwar,Odisha,21.7483,87.2985
756035,Baleshwar,Odisha,21.7347,87.3663
756036,Baleshwar,Odisha,21.6638,87.4030
756037,Baleshwar,Odisha,21.6105,87.4041
756038,Baleshwar,Odisha,21.6594,87.3540
756039,Baleshwar,Odisha,21.7965,87.2282
756040,Baleshwar,Odisha,21.4667,86.7591
756041,Baleshwar,Odisha,21.4998,86.7104
756042,Baleshwar,Odisha,21.3285,86.7491
756043,Baleshwar,Odisha,21.3880,86.7990
756044,Baleshwar,Odisha,21.2872,86.8472
756045,Baleshwar,Odisha,21.3023,86.6695
756046,Baleshwar,Odisha,21.2305,86.7591
756047,Baleshwar,Odisha,21.3233,86.5971
756048,Baleshwar,Odisha,,
756049,Baleshwar,Odisha,,
756051,Baleshwar,Odisha,21.2537,86.8337
756055,Baleshwar,Odisha,21.2390,86.6876
756056,Baleshwar,Odisha,21.4823,86.8981
756058,Baleshwar,Odisha,21.5315,86.6463
756059,Baleshwar,Odisha,21.3750,86.6758
756060,Baleshwar,Odisha,21.4187,86.8539
756079,Baleshwar,Odisha,21.6914,87.3246
756080,Baleshwar,Odisha,21.6240,87.1423
756081,Baleshwar,Odisha,21.6688,87.1729
756083,Baleshwar,Odisha,21.5853,87.2790
756084,Baleshwar,Odisha,21.7965,87.2857
756085,Baleshwar,Odisha,21.6758,87.3318
756086,Baleshwar,Odisha,21.7593,87.2200
756087,Baleshwar,Odisha,21.8141,87.2187
756088,Baleshwar,Odisha,,
756089,Baleshwar,Odisha,21.5441,86.8152
756100,Bhadrak,Odisha,21.0617,86.5025
756101,Bhadrak,Odisha,21.0973,86.5092
756111,Bhadrak,Odisha,21.1266,86.5355
756112,Bhadrak,Odisha,21.0006,86.4152
756113,Bhadrak,Odisha,21.1176,86.4333
756114,Bhadrak,Odisha,21.1059,86.3501
756115,Bhadrak,Odisha,21.2164,86.4180
756116,Bhadrak,Odisha,20.9866,86.5272
756117,Bhadrak,Odisha,20.8973,86.4468
756118,Bhadrak,Odisha,20.9212,86.5065
756119,Bhadrak,Odisha,20.8850,86.5626
756120,Bhadrak,Odisha,20.9213,86.3696
756121,Bhadrak,Odisha,20.9921,86.3181
756122,Bhadrak,Odisha,20.9186,86.3108
756123,Bhadrak,Odisha,21.0593,86.6132
756124,Bhadrak,Odisha,21.0714,86.6786
756125,Bhadrak,Odisha,21.0989,86.7708
756126,Baleshwar,Odisha,,
756127,Bhadrak,Odisha,21.0232,86.5891
756128,Bhadrak,Odisha,21.0218,86.5391
756129,Bhadrak,Odisha,20.9262,86.8027
756130,Bhadrak,Odisha,20.9864,86.6603
756131,Bhadrak,Odisha,20.9458,86.7175
756132,Bhadrak,Odisha,20.8670,86.7897
756133,Bhadrak,Odisha,20.7861,86.7514
756134,Baleshwar,Odisha,,
756135,Bhadrak,Odisha,21.1300,86.3955
756137,Bhadrak,Odisha,20.9389,86.5246
756138,Bhadrak,Odisha,20.8203,86.6534
756139,Bhadrak,Odisha,20.9357,86.6244
756144,Bhadrak,Odisha,21.1429,86.2916
756162,Bhadrak,Odisha,21.1684,86.7907
756163,Bhadrak,Odisha,20.9824,86.5840
756164,Bhadrak,Odisha,20.9521,86.8610
756165,Bhadrak,Odisha,21.1052,86.6972
756166,Baleshwar,Odisha,,
756167,Bhadrak,Odisha,21.0105,86.6304
756168,Bhadrak,Odisha,21.1388,86.7052
756171,Bhadrak,Odisha,20.8532,86.9084
756181,Bhadrak,Odisha,21.0440,86.4843
756182,Baleshwar,Odisha,,
757001,Mayurbhanj,Odisha,21.9336,86.7266
757002,Mayurbhanj,Odisha,21.9381,86.7261
757003,Mayurbhanj,Odisha,21.9414,86.7402
757014,Mayurbhanj,Odisha,22.0765,86.7682
757016,Mayurbhanj,Odisha,21.7931,87.0439
757017,Mayurbhanj,Odisha,21.6475,86.8281
757018,Mayurbhanj,Odisha,21.8422,86.9172
757019,Mayurbhanj,Odisha,21.6959,86.6210
757020,Mayurbhanj,Odisha,21.8019,87.0026
757021,Mayurbhanj,Odisha,22.0554,86.8323
757022,Mayurbhanj,Odisha,22.0178,86.9753
757023,Mayurbhanj,Odisha,21.9277,86.9096
757024,Mayurbhanj,Odisha,21.8617,86.6830
757025,Mayurbhanj,Odisha,21.7195,86.8175
757026,Mayurbhanj,Odisha,21.7137,86.7538
757027,Mayurbhanj,Odisha,21.6414,86.7297
757028,Mayurbhanj,Odisha,21.6402,86.9378
757029,Mayurbhanj,Odisha,21.8336,86.8010
757030,Mayurbhanj,Odisha,22.0650,86.6466
757031,Mayurbhanj,Odisha,22.2167,86.6332
757032,Mayurbhanj,Odisha,22.1489,86.5644
757033,Mayurbhanj,Odisha,22.1026,86.3060
757034,Mayurbhanj,Odisha,21.9393,86.2017
757035,Mayurbhanj,Odisha,,
757036,Mayurbhanj,Odisha,21.7900,86.1474
757037,Mayurbhanj,Odisha,,
757038,Mayurbhanj,Odisha,21.7624,86.7592
757039,Mayurbhanj,Odisha,,
757040,Mayurbhanj,Odisha,21.5117,86.5272
757041,Mayurbhanj,Odisha,21.6017,86.5557
757042,Mayurbhanj,Odisha,,
757043,Mayurbhanj,Odisha,,
757045,Mayurbhanj,Odisha,21.9381,86.7261
757046,Mayurbhanj,Odisha,,
757047,Mayurbhanj,Odisha,,
757048,Mayurbhanj,Odisha,22.2142,86.3212
757049,Mayurbhanj,Odisha,21.9392,86.6350
757050,Mayurbhanj,Odisha,22.1514,86.2318
757051,Mayurbhanj,Odisha,22.2478,86.6011
757052,Mayurbhanj,Odisha,21.6937,86.9472
757053,Mayurbhanj,Odisha,,
757054,Mayurbhanj,Odisha,,
757055,Mayurbhanj,Odisha,,
757073,Mayurbhanj,Odisha,21.8484,87.0483
757074,Mayurbhanj,Odisha,21.7625,86.6019
757075,Mayurbhanj,Odisha,21.7924,86.6715
757077,Mayurbhanj,Odisha,21.5659,86.4781
757079,Mayurbhanj,Odisha,21.7166,86.7145
757081,Mayurbhanj,Odisha,22.1230,86.6554
757082,Mayurbhanj,Odisha,21.6076,86.9312
757083,Mayurbhanj,Odisha,21.6301,86.7807
757084,Mayurbhanj,Odisha,21.9703,86.9363
757085,Mayurbhanj,Odisha,21.6054,86.6665
757086,Mayurbhanj,Odisha,22.1860,86.6710
757087,Mayurbhanj,Odisha,21.6536,86.5644
757091,Mayurbhanj,Odisha,,
757092,Mayurbhanj,Odisha,22.0804,86.5106
757093,Mayurbhanj,Odisha,22.2508,86.5460
757100,Mayurbhanj,Odisha,21.7612,86.8829
757101,Mayurbhanj,Odisha,21.5767,86.6105
757102,Mayurbhanj,Odisha,21.6433,86.7053
757103,Mayurbhanj,Odisha,21.8035,86.7200
757104,Mayurbhanj,Odisha,21.7347,86.5637
757105,Mayurbhanj,Odisha,22.0124,86.6884
757106,Mayurbhanj,Odisha,21.4856,86.5073
757107,Mayurbhanj,Odisha,21.9670,86.8133
758001,Kendujhar,Odisha,21.6360,85.6084
758002,Kendujhar,Odisha,21.6500,85.6311
758013,Kendujhar,Odisha,21.7045,85.5951
758014,Kendujhar,Odisha,21.6131,85.6683
758015,Kendujhar,Odisha,21.3033,86.0511
758016,Kendujhar,Odisha,21.7069,85.9192
758017,Kendujhar,Odisha,21.6982,85.7968
758018,Kendujhar,Odisha,21.5073,85.5125
758019,Kendujhar,Odisha,21.3612,85.4122
758020,Kendujhar,Odisha,,
758021,Kendujhar,Odisha,21.4127,86.0837
758022,Kendujhar,Odisha,,
758023,Kendujhar,Odisha,,
758025,Kendujhar,Odisha,21.1974,86.0203
758026,Kendujhar,Odisha,,
758027,Kendujhar,Odisha,21.4155,85.8787
758028,Kendujhar,Odisha,21.3188,85.7470
758029,Kendujhar,Odisha,21.5382,85.8248
758030,Kendujhar,Odisha,21.6015,85.8767
758031,Kendujhar,Odisha,21.8357,85.5494
758032,Kendujhar,Odisha,21.8558,85.7043
758034,Kendujhar,Odisha,,
758035,Kendujhar,Odisha,,
758036,Kendujhar,Odisha,21.5942,85.7708
758037,Kendujhar,Odisha,,
758038,Kendujhar,Odisha,,
758040,Kendujhar,Odisha,,
758041,Kendujhar,Odisha,,
758043,Kendujhar,Odisha,,
758044,Kendujhar,Odisha,21.9351,85.7168
758045,Kendujhar,Odisha,21.7526,85.8543
758046,Kendujhar,Odisha,21.8103,85.7816
758047,Kendujhar,Odisha,21.9544,85.5843
758076,Kendujhar,Odisha,21.2164,85.4965
758078,Kendujhar,Odisha,,
758079,Kendujhar,Odisha,21.4286,85.6289
758080,Kendujhar,Odisha,21.2578,85.8787
758081,Kendujhar,Odisha,21.6103,86.0339
758082,Kendujhar,Odisha,21.1804,85.9238
758083,Kendujhar,Odisha,,
758084,Kendujhar,Odisha,21.4344,85.3259
758085,Kendujhar,Odisha,21.6649,85.3524
758086,Kendujhar,Odisha,21.8423,85.4156
758087,Kendujhar,Odisha,21.4970,85.6961
759001,Dhenkanal,Odisha,20.6472,85.5993
759013,Dhenkanal,Odisha,20.6885,85.5954
759014,Dhenkanal,Odisha,20.7868,85.7063
759015,Dhenkanal,Odisha,20.5757,85.5038
759016,Dhenkanal,Odisha,20.8002,85.8549
759017,Dhenkanal,Odisha,20.9079,85.8221
759018,Dhenkanal,Odisha,20.9352,85.5449
759019,Dhenkanal,Odisha,20.7828,85.4047
759020,Dhenkanal,Odisha,20.6932,85.3050
759021,Dhenkanal,Odisha,20.6369,85.3416
759022,Dhenkanal,Odisha,20.6423,85.1684
759023,Dhenkanal,Odisha,20.8567,85.6763
759024,Dhenkanal,Odisha,20.9375,85.7467
759025,Dhenkanal,Odisha,20.6907,85.5014
759026,Dhenkanal,Odisha,20.7941,85.5281
759027,Dhenkanal,Odisha,20.5971,85.6447
759028,Dhenkanal,Odisha,21.0798,85.5632
759029,Dhenkanal,Odisha,21.0918,85.3525
759037,Anugul,Odisha,20.8406,85.0966
759039,Dhenkanal,Odisha,20.9519,85.6345
759040,Anugul,Odisha,20.8406,85.0966
759100,Anugul,Odisha,21.0736,85.1850
759101,Anugul,Odisha,20.8997,85.2165
759102,Anugul,Odisha,,
759103,Anugul,Odisha,20.9612,85.1192
759104,Anugul,Odisha,20.9061,85.2129
759105,Anugul,Odisha,21.2378,85.0461
759106,Anugul,Odisha,20.9074,85.1713
759107,Anugul,Odisha,20.9571,85.2223
759111,Anugul,Odisha,20.8406,85.0966
759116,Anugul,Odisha,20.9262,85.1528
759117,Anugul,Odisha,21.0916,85.0533
759118,Anugul,Odisha,21.2468,85.2090
759119,Anugul,Odisha,21.3430,85.1618
759120,Dhenkanal,Odisha,20.9135,85.3252
759121,Dhenkanal,Odisha,20.7879,85.2769
759122,Dhenkanal,Odisha,20.8406,85.0966
759123,Anugul,Odisha,20.8732,85.1149
759124,Anugul,Odisha,21.0525,84.8686
759125,Anugul,Odisha,20.8396,84.6911
759126,Anugul,Odisha,20.9216,84.6049
759127,Anugul,Odisha,20.8827,84.8463
759128,Anugul,Odisha,20.8287,85.1987
759129,Anugul,Odisha,20.7383,85.0731
759130,Anugul,Odisha,21.0505,84.9552
759132,Anugul,Odisha,20.8010,85.0264
759141,Anugul,Odisha,21.1022,84.8049
759143,Anugul,Odisha,20.8551,85.0468
759145,Anugul,Odisha,20.8437,85.1506
759146,Dhenkanal,Odisha,21.0014,85.2634
759147,Anugul,Odisha,21.0213,85.1544
759148,Anugul,Odisha,20.8406,85.0966
759149,Anugul,Odisha,20.8785,84.8822
759151,Dhenkanal,Odisha,,
760001,Ganjam,Odisha,19.3116,84.7941
760002,Ganjam,Odisha,19.3148,84.7808
760003,Ganjam,Odisha,19.2418,84.7940
760004,Ganjam,Odisha,19.3074,84.8075
760005,Ganjam,Odisha,19.3010,84.7980
760006,Ganjam,Odisha,19.3203,84.7732
760007,Ganjam,Odisha,19.3203,84.8686
760008,Ganjam,Odisha,19.3017,84.8118
760009,Ganjam,Odisha,19.3144,84.7755
760010,Ganjam,Odisha,19.3005,84.8279
760011,Ganjam,Odisha,19.8657,84.6498
761001,Ganjam,Odisha,19.3492,84.8043
761002,Ganjam,Odisha,19.2745,84.8993
761003,Ganjam,Odisha,19.4329,84.8701
761004,Ganjam,Odisha,19.1460,84.5892
761005,Ganjam,Odisha,,
761006,Ganjam,Odisha,19.1090,84.6029
761007,Ganjam,Odisha,19.3390,84.5646
761008,Ganjam,Odisha,19.2238,84.7624
761009,Ganjam,Odisha,19.1400,84.7316
761010,Ganjam,Odisha,19.1787,84.6140
761011,Ganjam,Odisha,19.2259,84.4926
761012,Ganjam,Odisha,19.3966,84.5764
761013,Ganjam,Odisha,19.4487,84.6085
761014,Ganjam,Odisha,19.4264,84.4782
761015,Gajapati,Odisha,19.4018,84.2722
761016,Gajapati,Odisha,19.1044,84.2617
761017,Gajapati,Odisha,19.2967,84.2503
761018,Ganjam,Odisha,19.5207,84.8959
761019,Ganjam,Odisha,19.5040,84.9675
761020,Ganjam,Odisha,19.3601,84.9875
761025,Ganjam,Odisha,19.3799,85.0494
761026,Ganjam,Odisha,19.4047,84.9905
761027,Ganjam,Odisha,19.4543,85.0749
761028,Ganjam,Odisha,19.5209,85.0902
761029,Ganjam,Odisha,19.6631,85.1259
761030,Ganjam,Odisha,19.6090,85.0558
761031,Ganjam,Odisha,19.6345,85.0032
761032,Ganjam,Odisha,19.6286,84.9416
761035,Ganjam,Odisha,19.7351,85.0409
761037,Ganjam,Odisha,19.1813,84.5550
761041,Ganjam,Odisha,19.5793,84.8629
761042,Ganjam,Odisha,19.2823,84.5530
761043,Ganjam,Odisha,19.5058,84.8231
761045,Ganjam,Odisha,19.3249,84.9386
761052,Ganjam,Odisha,19.2483,84.8647
761054,Ganjam,Odisha,19.3940,84.6749
761055,Ganjam,Odisha,19.3521,84.4630
761100,Ganjam,Odisha,19.3902,84.7509
761101,Ganjam,Odisha,19.4365,84.7536
761102,Ganjam,Odisha,19.4786,84.7678
761103,Ganjam,Odisha,19.5278,84.7256
761104,Ganjam,Odisha,19.5794,84.7366
761105,Ganjam,Odisha,19.7092,84.8321
761106,Ganjam,Odisha,19.5251,84.6045
761107,Ganjam,Odisha,19.6668,84.5419
761108,Ganjam,Odisha,19.7609,84.4353
761109,Ganjam,Odisha,19.6649,84.4100
761110,Ganjam,Odisha,19.6137,84.6556
761111,Ganjam,Odisha,19.6034,84.6688
761114,Ganjam,Odisha,19.6396,84.6005
761115,Ganjam,Odisha,19.6378,84.6378
761116,Ganjam,Odisha,19.7038,84.7011
761117,Ganjam,Odisha,19.7367,84.7170
761118,Ganjam,Odisha,19.8123,84.7847
761119,Ganjam,Odisha,19.8831,84.6504
761120,Ganjam,Odisha,19.8933,84.7134
761121,Ganjam,Odisha,19.9463,84.7679
761122,Ganjam,Odisha,19.7298,84.6497
761123,Ganjam,Odisha,19.7881,84.6083
761124,Ganjam,Odisha,19.8350,84.6011
761125,Ganjam,Odisha,19.9384,84.5290
761126,Ganjam,Odisha,19.9472,84.5792
761131,Ganjam,Odisha,19.9540,84.6222
761132,Ganjam,Odisha,,
761133,Ganjam,Odisha,19.9169,84.5678
761140,Ganjam,Odisha,19.9239,84.6035
761141,Ganjam,Odisha,,
761143,Ganjam,Odisha,19.8984,84.8861
761144,Ganjam,Odisha,19.4636,84.6575
761146,Ganjam,Odisha,19.4869,84.6914
761151,Ganjam,Odisha,19.7965,84.3656
761200,Gajapati,Odisha,18.7783,84.0908
761201,Gajapati,Odisha,18.8038,84.0768
761206,Gajapati,Odisha,18.9105,83.8740
761207,Gajapati,Odisha,18.9677,84.0223
761208,Gajapati,Odisha,18.8287,83.9478
761209,Ganjam,Odisha,19.1791,84.4614
761210,Gajapati,Odisha,18.8138,84.2081
761211,Gajapati,Odisha,18.8389,84.1675
761212,Gajapati,Odisha,18.9842,84.2178
761213,Gajapati,Odisha,18.9771,84.1405
761214,Gajapati,Odisha,19.1089,84.1070
761215,Gajapati,Odisha,18.8352,84.2692
761217,Gajapati,Odisha,19.4182,84.0912
762001,Kandhamal,Odisha,20.4783,84.2330
762002,Kandhamal,Odisha,20.4792,84.1518
762010,Kandhamal,Odisha,20.2556,84.3495
762011,Kandhamal,Odisha,20.3287,84.0710
762012,Kandhamal,Odisha,20.4480,84.3669
762013,Boudh,Odisha,20.6796,84.4471
762014,Boudh,Odisha,20.8400,84.2332
762015,Boudh,Odisha,20.7950,84.0866
762016,Boudh,Odisha,20.7667,83.9337
762017,Boudh,Odisha,,
762018,Boudh,Odisha,,
762019,Kandhamal,Odisha,20.2989,84.2581
762020,Boudh,Odisha,20.6044,84.5925
762021,Kandhamal,Odisha,20.0593,84.2294
762022,Kandhamal,Odisha,20.1658,84.4117
762023,Boudh,Odisha,20.5808,84.4664
762024,Boudh,Odisha,20.7293,84.3579
762026,Boudh,Odisha,20.7818,84.2333
762027,Kandhamal,Odisha,20.3710,84.3618
762028,Kandhamal,Odisha,20.2688,84.4842
762029,Kandhamal,Odisha,20.3883,84.2610
762030,Boudh,Odisha,20.7289,83.8229
762100,Kandhamal,Odisha,20.0928,84.3435
762101,Kandhamal,Odisha,20.0494,84.2352
762102,Kandhamal,Odisha,20.0998,84.0363
762103,Kandhamal,Odisha,20.0522,83.9373
762104,Kandhamal,Odisha,19.9078,84.1291
762105,Kandhamal,Odisha,19.8456,83.9007
762106,Kandhamal,Odisha,20.2234,84.1290
762107,Kandhamal,Odisha,19.9981,83.7110
762109,Kandhamal,Odisha,20.0731,83.8121
762110,Kandhamal,Odisha,20.2705,83.8269
762112,Kandhamal,Odisha,20.1588,84.2817
763001,Koraput,Odisha,18.7495,82.8359
763002,Koraput,Odisha,18.7262,82.8209
763003,Koraput,Odisha,18.7409,82.8372
763004,Koraput,Odisha,18.7487,82.8064
763008,Koraput,Odisha,18.7627,82.9278
764001,Koraput,Odisha,18.8631,82.5687
764002,Koraput,Odisha,18.8583,82.5594
764003,Koraput,Odisha,18.8525,82.5766
764004,Koraput,Odisha,18.8734,82.5685
764005,Koraput,Odisha,18.8583,82.5594
764006,Koraput,Odisha,,
764011,Koraput,Odisha,18.8021,82.6036
764014,Koraput,Odisha,,
764020,Koraput,Odisha,18.8180,82.7050
764021,Koraput,Odisha,18.8266,82.7373
764027,Koraput,Odisha,18.6100,82.7025
764028,Koraput,Odisha,19.0608,82.9258
764036,Koraput,Odisha,18.5809,82.7884
764037,Koraput,Odisha,18.5478,82.6922
764038,Koraput,Odisha,18.4401,82.6821
764039,Koraput,Odisha,18.4953,82.8953
764040,Koraput,Odisha,18.5810,82.6088
764041,Koraput,Odisha,18.5810,82.6088
764042,Koraput,Odisha,18.7527,82.4344
764043,Koraput,Odisha,18.7527,82.4344
764044,Malkangiri,Odisha,18.2300,82.0580
764045,Malkangiri,Odisha,18.2343,82.0580
764046,Malkangiri,Odisha,18.4581,82.2234
764047,Malkangiri,Odisha,18.2300,82.0580
764048,Malkangiri,Odisha,,
764049,Nabarangpur,Odisha,19.3422,82.6687
764051,Malkangiri,Odisha,18.2300,82.0580
764052,Malkangiri,Odisha,18.2300,82.0580
764055,Koraput,Odisha,18.9474,82.5497
764056,Koraput,Odisha,19.0450,82.5507
764057,Koraput,Odisha,19.1178,82.6610
764058,Koraput,Odisha,19.1439,82.3528
764059,Nabarangpur,Odisha,19.2743,82.5472
764061,Nabarangpur,Odisha,19.2609,82.2466
764062,Rayagada,Odisha,19.0906,83.7860
764063,Nabarangpur,Odisha,19.2024,82.5607
764070,Nabarangpur,Odisha,19.2619,82.7528
764071,Nabarangpur,Odisha,19.3943,82.5385
764072,Nabarangpur,Odisha,19.4689,82.3510
764073,Nabarangpur,Odisha,19.6731,82.1792
764074,Nabarangpur,Odisha,,
764075,Nabarangpur,Odisha,19.3716,82.2948
764076,Nabarangpur,Odisha,19.6833,82.3679
764077,Nabarangpur,Odisha,19.8038,82.4793
764078,Nabarangpur,Odisha,19.2003,82.6615
764081,Koraput,Odisha,18.5986,82.6009
764085,Nabarangpur,Odisha,19.2680,82.8256
764086,Malkangiri,Odisha,18.2380,81.8033
764087,Malkangiri,Odisha,,
764088,Nabarangpur,Odisha,,
765001,Rayagada,Odisha,19.1483,83.4533
765002,Rayagada,Odisha,19.0214,83.3737
765013,Koraput,Odisha,18.9784,83.0607
765015,Rayagada,Odisha,,
765016,Rayagada,Odisha,19.5049,83.3044
765017,Rayagada,Odisha,19.2648,83.4211
765018,Rayagada,Odisha,19.2874,83.4382
765019,Rayagada,Odisha,19.7107,83.4565
765020,Rayagada,Odisha,19.6050,83.6518
765021,Rayagada,Odisha,,
765022,Rayagada,Odisha,19.0455,83.8805
765023,Rayagada,Odisha,19.0940,83.7230
765024,Rayagada,Odisha,19.3029,83.7735
765025,Rayagada,Odisha,19.2379,83.8404
765026,Rayagada,Odisha,19.4843,83.6874
765029,Rayagada,Odisha,19.2447,83.6415
765033,Rayagada,Odisha,19.1878,83.9470
765034,Rayagada,Odisha,18.9380,83.7569
766001,Kalahandi,Odisha,19.9087,83.1689
766002,Kalahandi,Odisha,19.9241,83.1374
766003,Kalahandi,Odisha,19.9082,83.0979
766011,Kalahandi,Odisha,20.0643,83.1528
766012,Kalahandi,Odisha,20.1587,83.2366
766013,Kalahandi,Odisha,19.6148,82.8845
766014,Kalahandi,Odisha,19.8510,82.9278
766015,Kalahandi,Odisha,19.8525,82.7752
766016,Kalahandi,Odisha,20.0526,82.8114
766017,Kalahandi,Odisha,19.7174,82.7678
766018,Kalahandi,Odisha,19.5478,82.7950
766019,Kalahandi,Odisha,19.6352,82.7084
766020,Kalahandi,Odisha,19.7940,83.3483
766023,Kalahandi,Odisha,19.7875,82.8682
766026,Kalahandi,Odisha,,
766027,Kalahandi,Odisha,19.7098,83.3637
766028,Kalahandi,Odisha,19.6018,82.6430
766029,Kalahandi,Odisha,19.9402,82.8322
766031,Kalahandi,Odisha,,
766032,Kalahandi,Odisha,,
766036,Kalahandi,Odisha,20.1537,83.0275
766037,Kalahandi,Odisha,19.6019,82.9785
766100,Kalahandi,Odisha,20.0714,83.3919
766101,Kalahandi,Odisha,20.1443,83.3423
766102,Kalahandi,Odisha,,
766103,Kalahandi,Odisha,19.7778,82.6763
766104,Nuapada,Odisha,,
766105,Nuapada,Odisha,20.7100,82.5961
766106,Nuapada,Odisha,20.5302,82.6582
766107,Nuapada,Odisha,20.3035,82.7632
766108,Nuapada,Odisha,20.0847,82.6084
766110,Kalahandi,Odisha,19.9948,83.3739
766111,Nuapada,Odisha,20.2820,82.5899
766118,Nuapada,Odisha,20.1902,82.6844
767001,Balangir,Odisha,20.7074,83.4873
767002,Balangir,Odisha,20.7003,83.5567
767016,Sonepur,Odisha,20.7207,83.6734
767017,Sonepur,Odisha,20.8596,83.8315
767018,Sonepur,Odisha,20.9011,84.0501
767019,Sonepur,Odisha,21.0148,83.7980
767020,Balangir,Odisha,20.8615,83.4869
767021,Balangir,Odisha,20.9298,83.5370
767022,Balangir,Odisha,21.0286,83.4000
767023,Sonepur,Odisha,21.0348,83.5626
767024,Balangir,Odisha,20.6955,83.3388
767025,Balangir,Odisha,20.7536,83.1319
767026,Balangir,Odisha,20.5515,83.0084
767027,Balangir,Odisha,20.7401,82.9728
767028,Balangir,Odisha,20.7778,82.8921
767029,Balangir,Odisha,20.5748,83.3635
767030,Balangir,Odisha,20.4609,83.4725
767032,Balangir,Odisha,20.4161,83.3291
767033,Balangir,Odisha,20.2892,83.1846
767035,Balangir,Odisha,,
767037,Balangir,Odisha,20.3675,83.0466
767038,Balangir,Odisha,20.7069,82.8906
767039,Balangir,Odisha,20.4569,82.9226
767040,Balangir,Odisha,20.3348,82.9179
767041,Balangir,Odisha,20.7267,83.1769
767042,Balangir,Odisha,20.3434,83.1951
767045,Sonepur,Odisha,21.0974,83.6669
767046,Balangir,Odisha,20.4278,83.5754
767048,Balangir,Odisha,20.6844,83.2494
767060,Balangir,Odisha,20.5171,82.8381
767061,Balangir,Odisha,20.9681,83.4209
767062,Sonepur,Odisha,20.9571,83.9051
767065,Balangir,Odisha,20.7606,83.4421
767066,Balangir,Odisha,20.2491,83.1173
767067,Balangir,Odisha,20.5385,83.5035
767068,Sonepur,Odisha,20.9472,83.6854
767070,Balangir,Odisha,,
767071,Balangir,Odisha,20.7997,83.5357
768001,Sambalpur,Odisha,21.4683,83.9769
768002,Sambalpur,Odisha,21.4735,83.9677
768003,Sambalpur,Odisha,21.4788,83.9564
768004,Sambalpur,Odisha,21.4865,83.9826
768005,Sambalpur,Odisha,21.4304,84.0260
768006,Sambalpur,Odisha,21.5017,83.9440
768016,Sambalpur,Odisha,21.5787,83.9813
768017,Sambalpur,Odisha,21.4791,83.9396
768018,Sambalpur,Odisha,21.5086,83.9003
768019,Sambalpur,Odisha,21.4749,83.8818
768020,Sambalpur,Odisha,21.4922,83.9072
768025,Sambalpur,Odisha,21.3748,83.9027
768027,Bargarh,Odisha,21.3707,83.7838
768028,Bargarh,Odisha,21.3343,83.6192
768029,Bargarh,Odisha,21.1908,83.5911
768030,Bargarh,Odisha,21.4642,83.5354
768031,Bargarh,Odisha,21.5788,83.4757
768032,Bargarh,Odisha,21.1880,83.4608
768033,Bargarh,Odisha,21.3001,83.4032
768034,Bargarh,Odisha,21.1827,83.2935
768035,Bargarh,Odisha,21.0897,83.2521
768036,Bargarh,Odisha,20.9752,83.2029
768037,Bargarh,Odisha,20.9302,83.3375
768038,Bargarh,Odisha,21.3675,83.6094
768039,Bargarh,Odisha,,
768040,Bargarh,Odisha,21.3507,83.6192
768042,Bargarh,Odisha,,
768045,Bargarh,Odisha,21.5863,83.4212
768048,Bargarh,Odisha,21.1252,83.3815
768049,Bargarh,Odisha,21.0147,83.2060
768050,Bargarh,Odisha,,
768052,Bargarh,Odisha,21.6398,83.5207
768053,Bargarh,Odisha,21.3690,83.7757
768102,Bargarh,Odisha,21.3081,83.8605
768103,Bargarh,Odisha,21.2646,83.7621
768104,Bargarh,Odisha,21.1959,83.7446
768105,Sambalpur,Odisha,21.2281,84.1011
768106,Sambalpur,Odisha,21.2348,84.4131
768107,Sambalpur,Odisha,21.5918,84.3860
768108,Deogarh,Odisha,21.5378,84.8135
768109,Deogarh,Odisha,21.2926,84.7435
768110,Deogarh,Odisha,21.5460,84.9794
768111,Bargarh,Odisha,21.3828,83.8466
768112,Sambalpur,Odisha,21.4459,84.1488
768113,Sambalpur,Odisha,21.3156,83.9698
768115,Bargarh,Odisha,21.1567,83.8251
768118,Sambalpur,Odisha,21.4594,83.9747
768119,Deogarh,Odisha,21.5333,84.6604
768121,Deogarh,Odisha,21.4768,84.5274
768200,Sambalpur,Odisha,21.5386,84.0827
768201,Jharsuguda,Odisha,21.8565,84.0134
768202,Jharsuguda,Odisha,21.8641,84.0290
768203,Jharsuguda,Odisha,21.8565,84.0134
768204,Jharsuguda,Odisha,21.9190,84.0320
768210,Sambalpur,Odisha,21.7249,84.0128
768211,Jharsuguda,Odisha,21.7464,83.9087
768212,Sambalpur,Odisha,21.6566,84.0466
768213,Jharsuguda,Odisha,21.8369,84.2306
768214,Sambalpur,Odisha,21.6569,84.1889
768215,Jharsuguda,Odisha,21.9087,84.2551
768216,Jharsuguda,Odisha,21.8550,83.9198
768217,Jharsuguda,Odisha,21.7933,83.8517
768218,Jharsuguda,Odisha,21.8056,83.8638
768219,Jharsuguda,Odisha,21.7639,83.7472
768220,Jharsuguda,Odisha,21.8871,84.1481
768221,Sambalpur,Odisha,,
768222,Sambalpur,Odisha,21.7489,84.3464
768224,Sambalpur,Odisha,21.4594,83.9747
768225,Jharsuguda,Odisha,21.7919,83.9164
768226,Jharsuguda,Odisha,21.8072,83.5927
768227,Sambalpur,Odisha,21.7550,84.5112
768228,Sambalpur,Odisha,21.8789,84.4261
768233,Jharsuguda,Odisha,21.8300,83.9100
768234,Jharsuguda,Odisha,21.6913,83.8227
769001,Sundargarh,Odisha,22.2248,84.8630
769002,Sundargarh,Odisha,22.2456,84.8694
769003,Sundargarh,Odisha,22.2631,84.8508
769004,Sundargarh,Odisha,22.2295,84.7977
769005,Sundargarh,Odisha,22.2576,84.8671
769006,Sundargarh,Odisha,22.2492,84.8831
769007,Sundargarh,Odisha,22.1978,84.8651
769008,Sundargarh,Odisha,22.2481,84.8962
769009,Sundargarh,Odisha,22.2621,84.8273
769010,Sundargarh,Odisha,22.2337,84.8867
769011,Sundargarh,Odisha,22.2204,84.8650
769012,Sundargarh,Odisha,22.2277,84.8383
769013,Sundargarh,Odisha,22.2298,84.8570
769014,Sundargarh,Odisha,22.2564,84.8902
769015,Sundargarh,Odisha,22.2416,84.8104
769016,Sundargarh,Odisha,22.1864,84.8747
769042,Sundargarh,Odisha,22.2753,84.9150
769043,Sundargarh,Odisha,22.1791,84.8571
770001,Sundargarh,Odisha,22.1199,84.0416
770002,Sundargarh,Odisha,22.1876,84.1178
770011,Sundargarh,Odisha,,
770012,Sundargarh,Odisha,,
770013,Sundargarh,Odisha,,
770014,Sundargarh,Odisha,22.3008,84.1073
770015,Sundargarh,Odisha,22.3601,84.0644
770016,Sundargarh,Odisha,22.1684,84.2598
770017,Sundargarh,Odisha,22.1881,84.5806
770018,Sundargarh,Odisha,22.2690,84.4055
770019,Sundargarh,Odisha,22.0077,84.0953
770020,Sundargarh,Odisha,22.1779,84.0464
770021,Sundargarh,Odisha,,
770022,Sundargarh,Odisha,22.0424,84.1907
770023,Sundargarh,Odisha,22.2615,84.5148
770024,Sundargarh,Odisha,,
770025,Sundargarh,Odisha,,
770031,Sundargarh,Odisha,22.2319,84.7364
770032,Sundargarh,Odisha,22.2299,84.9189
770033,Sundargarh,Odisha,22.3871,84.6108
770034,Sundargarh,Odisha,22.2379,84.6777
770035,Sundargarh,Odisha,22.3900,84.8818
770036,Sundargarh,Odisha,22.2396,84.9650
770037,Sundargarh,Odisha,22.0651,84.8854
770038,Sundargarh,Odisha,21.8566,84.8403
770039,Sundargarh,Odisha,22.3174,84.7557
770040,Sundargarh,Odisha,21.9370,84.8870
770041,Sundargarh,Odisha,,
770042,Sundargarh,Odisha,,
770043,Sundargarh,Odisha,21.8464,84.7239
770044,Sundargarh,Odisha,,
770046,Sundargarh,Odisha,22.4039,84.8593
770048,Sundargarh,Odisha,,
770051,Sundargarh,Odisha,,
770052,Sundargarh,Odisha,,
770070,Sundargarh,Odisha,22.2132,84.5009
770072,Sundargarh,Odisha,,
770073,Sundargarh,Odisha,22.0778,84.0934
770074,Sundargarh,Odisha,22.3794,84.1009
770075,Sundargarh,Odisha,,
770076,Sundargarh,Odisha,,
781001,Kamrup Metro,Assam,26.1888,91.7456
781002,Kamrup Metro,Assam,26.1887,91.7457
781003,Kamrup Metro,Assam,26.1851,91.7649
781004,Kamrup Metro,Assam,26.1953,91.7647
781005,Kamrup Metro,Assam,26.1506,91.7848
781006,Kamrup Metro,Assam,26.1888,91.7456
781007,Kamrup Metro,Assam,26.1732,91.7640
781008,Kamrup Metro,Assam,26.1767,91.7503
781009,Kamrup Metro,Assam,26.1718,91.7327
781010,Kamrup Metro,Assam,26.1606,91.7095
781011,Kamrup Metro,Assam,26.1888,91.7456
781012,Kamrup Metro,Assam,26.1638,91.6904
781013,Kamrup Metro,Assam,26.1425,91.6650
781014,Kamrup Metro,Assam,26.1552,91.6647
781015,Kamrup Metro,Assam,26.1053,91.5922
781016,Kamrup Metro,Assam,26.1633,91.7466
781017,Kamrup Metro,Assam,26.1370,91.6270
781018,Kamrup Metro,Assam,26.1475,91.7431
781019,Kamrup Metro,Assam,26.1409,91.7628
781020,Kamrup Metro,Assam,,
781021,Kamrup Metro,Assam,26.1839,91.7869
781022,Kamrup Metro,Assam,26.1213,91.8218
781023,Kamrup Metro,Assam,26.1163,91.7191
781024,Kamrup Metro,Assam,26.1678,91.7790
781025,Kamrup Metro,Assam,26.1508,91.7327
781026,Kamrup Metro,Assam,26.1805,91.8251
781027,Kamrup Metro,Assam,26.1532,91.8533
781028,Kamrup Metro,Assam,26.1178,91.7970
781029,Ri Bhoi,Meghalaya,26.1124,91.7984
781030,Kamrup,Assam,26.2098,91.7420
781031,Kamrup,Assam,26.1858,91.6873
781032,Kamrup Metro,Assam,26.1597,91.7678
781034,Kamrup Metro,Assam,26.1418,91.7423
781035,Kamrup Metro,Assam,26.1161,91.7083
781036,Kamrup Metro,Assam,26.1510,91.7984
781037,Kamrup Metro,Assam,26.1338,91.8250
781038,Kamrup Metro,Assam,26.1291,91.7871
781039,Kamrup,Assam,26.1803,91.6816
781040,Kamrup Metro,Assam,26.1204,91.7508
781101,Kamrup,Assam,26.2628,91.6959
781102,Kamrup,Assam,26.2488,91.5241
781103,Kamrup,Assam,26.1746,91.3401
781104,Kamrup,Assam,26.1455,91.3418
781120,Kamrup,Assam,26.0802,91.5596
781121,Kamrup,Assam,26.2036,91.4716
781122,Kamrup,Assam,26.1007,91.5052
781123,Kamrup,Assam,25.9735,91.2290
781124,Kamrup,Assam,26.0500,91.3929
781125,Kamrup,Assam,26.0900,91.5400
781126,Nalbari,Assam,26.1627,91.2114
781127,Kamrup,Assam,,
781128,Kamrup Metro,Assam,26.0901,91.3101
781129,Kamrup,Assam,26.0678,91.3928
781131,Ri Bhoi,Meghalaya,26.1888,91.7456
781132,Kamrup,Assam,26.1888,91.7456
781133,Kamrup,Assam,26.1534,91.6452
781134,Kamrup,Assam,26.0736,91.4286
781135,Kamrup,Assam,25.9452,91.1569
781136,Kamrup,Assam,26.2302,91.7102
781137,Kamrup,Assam,26.1135,91.3433
781138,Nalbari,Assam,26.1804,91.0839
781141,Kamrup,Assam,26.1888,91.7456
781150,Kamrup Metro,Assam,26.2023,91.8179
781171,Kamrup Metro,Assam,26.1672,91.8311
781301,Barpeta,Assam,26.3235,91.0103
781302,Barpeta,Assam,26.2571,91.1310
781303,Nalbari,Assam,26.2349,91.2118
781304,Nalbari,Assam,26.2326,91.2033
781305,Barpeta,Assam,26.2795,91.1563
781306,Nalbari,Assam,26.2419,91.2001
781307,Barpeta,Assam,26.3699,91.2239
781308,Barpeta,Assam,26.3171,91.0051
781309,Barpeta,Assam,26.3002,91.0726
781310,Nalbari,Assam,26.2053,91.2020
781311,Barpeta,Assam,26.3291,91.0102
781312,Nalbari,Assam,26.4448,91.4380
781313,Barpeta,Assam,26.2856,90.5742
781314,Barpeta,Assam,26.3291,91.0102
781315,Barpeta,Assam,26.3291,91.0102
781316,Barpeta,Assam,26.4285,90.9694
781317,Barpeta,Assam,26.4920,90.8862
781318,Barpeta,Assam,26.2953,91.0432
781319,Barpeta,Assam,,
781320,Baksa,Assam,26.6424,91.0925
781321,Barpeta,Assam,,
781325,Barpeta,Assam,26.4999,91.1787
781326,Barpeta,Assam,26.3024,91.1412
781327,Baksa,Assam,26.4154,91.1148
781328,Barpeta,Assam,26.3637,91.1032
781329,Barpeta,Assam,26.2942,91.1126
781330,Baksa,Assam,26.3291,91.0102
781333,Baksa,Assam,26.2809,91.2549
781334,Nalbari,Assam,26.4448,91.4380
781335,Nalbari,Assam,26.2648,91.2646
781337,Nalbari,Assam,26.2618,91.4642
781338,Nalbari,Assam,26.2243,91.1746
781339,Nalbari,Assam,26.2059,91.2845
781340,Nalbari,Assam,26.2637,91.2630
781341,Nalbari,Assam,26.2135,91.2642
781343,Baksa,Assam,26.2809,91.2542
781344,Baksa,Assam,26.3420,91.2947
781346,Baksa,Assam,26.3129,91.2106
781347,Nalbari,Assam,26.2241,91.2821
781348,Nalbari,Assam,26.2202,91.2636
781349,Nalbari,Assam,26.3322,91.2846
781350,Nalbari,Assam,,
781351,Nalbari,Assam,26.2701,91.2020
781352,Barpeta,Assam,26.3291,91.0102
781353,Nalbari,Assam,26.2734,91.1927
781354,Kamrup,Assam,26.1888,91.7456
781355,Nalbari,Assam,26.2638,91.2638
781360,Baksa,Assam,26.2648,91.2646
781364,Baksa,Assam,,
781365,Kamrup,Assam,26.4417,91.6104
781366,Baksa,Assam,26.3159,91.4345
781367,Baksa,Assam,26.6067,91.5815
781368,Baksa,Assam,26.4306,91.4452
781369,Nalbari,Assam,26.2707,91.3135
781370,Nalbari,Assam,26.2701,91.2020
781371,Nalbari,Assam,26.4749,91.2691
781372,Baksa,Assam,26.3126,91.2113
781373,Baksa,Assam,26.3136,91.2353
781374,Nalbari,Assam,26.4198,91.2554
781375,Barpeta,Assam,26.4448,91.4380
781376,Kamrup,Assam,,
781377,Baksa,Assam,26.4448,91.4380
781378,Nalbari,Assam,26.2625,91.1711
781380,Kamrup,Assam,26.3457,91.6898
781381,Kamrup,Assam,26.3461,91.7283
781382,Kamrup,Assam,26.4223,91.7313
782001,Nagaon,Assam,26.3487,92.7005
782002,Nagaon,Assam,26.3517,92.6783
782003,Nagaon,Assam,26.3503,92.6922
782101,Nagaon,Assam,,
782102,Nagaon,Assam,26.3503,92.6912
782103,Nagaon,Assam,26.2280,92.5202
782104,Marigaon,Assam,26.2521,92.3423
782105,Marigaon,Assam,26.2529,92.3357
782106,Marigaon,Assam,26.2521,92.3423
782120,Nagaon,Assam,26.3503,92.6922
782121,Marigaon,Assam,26.3503,92.6922
782122,Nagaon,Assam,26.3503,92.6922
782123,Nagaon,Assam,26.4665,92.4740
782124,Nagaon,Assam,26.4132,92.7427
782125,Nagaon,Assam,26.4481,92.6597
782126,Marigaon,Assam,26.4535,92.4245
782127,Marigaon,Assam,26.4187,92.3425
782128,Nagaon,Assam,26.3487,92.7005
782135,Nagaon,Assam,26.3307,92.8605
782136,Nagaon,Assam,26.6358,92.9843
782137,Nagaon,Assam,26.3338,92.5633
782138,Nagaon,Assam,26.3503,92.6922
782139,Nagaon,Assam,26.3503,92.6922
782140,Nagaon,Assam,26.4159,92.8397
782141,Nagaon,Assam,26.3735,92.7940
782142,Nagaon,Assam,26.3029,92.6259
782143,Nagaon,Assam,26.3618,92.5545
782144,Nagaon,Assam,26.2628,92.6418
782401,Kamrup Metro,Assam,26.1401,91.5625
782402,Kamrup Metro,Assam,26.0723,91.5813
782403,Kamrup Metro,Assam,26.1888,91.7456
782410,Marigaon,Assam,26.1238,92.1986
782411,Marigaon,Assam,26.3503,92.6922
782412,Marigaon,Assam,26.1903,92.3739
782413,Marigaon,Assam,26.3503,92.6922
782425,Nagaon,Assam,26.1214,92.3057
782426,Nagaon,Assam,26.1579,92.6593
782427,Nagaon,Assam,26.1835,92.7362
782428,Hojai,Assam,26.1069,92.7456
782429,Hojai,Assam,26.3503,92.6922
782435,Hojai,Assam,26.3487,92.7005
782439,Hojai,Assam,26.3503,92.6922
782440,Hojai,Assam,26.1166,92.8666
782441,Karbi Anglong,Assam,,
782442,Hojai,Assam,26.3503,92.7961
782445,Hojai,Assam,26.0685,92.9001
782446,Hojai,Assam,26.3487,92.7005
782447,Hojai,Assam,26.3487,92.7005
782448,West Karbi Anglong,Assam,25.8524,92.8568
782450,West Karbi Anglong,Assam,25.8071,92.4658
782460,Karbi Anglong,Assam,25.8394,93.4377
782461,Karbi Anglong,Assam,25.8394,93.4377
782462,Karbi Anglong,Assam,25.8394,93.4377
782470,Karbi Anglong,Assam,,
782480,Karbi Anglong,Assam,26.0243,93.7721
782481,Karbi Anglong,Assam,25.8415,93.4246
782482,Karbi Anglong,Assam,25.8415,93.4246
782485,West Karbi Anglong,Assam,,
782486,West Karbi Anglong,Assam,,
782490,Karbi Anglong,Assam,26.1777,93.6625
783101,Goalpara,Assam,26.1294,90.5495
783120,Goalpara,Assam,26.0492,90.5013
783122,Goalpara,Assam,25.9241,90.7652
783123,Goalpara,Assam,25.9446,91.0167
783124,Goalpara,Assam,25.9825,90.8413
783125,Goalpara,Assam,26.0848,90.8008
783126,Goalpara,Assam,25.9939,90.6061
783127,South Salmara Mancachar,Assam,25.8729,89.9693
783128,South Salmara Mancachar,Assam,25.8069,89.9001
783129,Goalpara,Assam,26.0785,90.3194
783130,Goalpara,Assam,25.9388,90.9701
783131,South Salmara Mancachar,Assam,25.5580,89.8725
783132,Goalpara,Assam,26.0407,90.2186
783133,Goalpara,Assam,26.0426,90.3827
783134,Goalpara,Assam,25.9329,90.9098
783135,South Salmara Mancachar,Assam,25.6953,89.8982
783301,Dhubri,Assam,26.0187,89.9943
783323,Dhubri,Assam,26.0207,89.9744
783324,Dhubri,Assam,26.0233,89.9127
783325,Dhubri,Assam,26.0345,89.9656
783330,Dhubri,Assam,26.0157,90.1366
783331,Dhubri,Assam,26.0968,89.9596
783332,Kokrajhar,Assam,26.3573,89.8938
783333,Kokrajhar,Assam,26.3758,89.8815
783334,Dhubri,Assam,26.1684,89.8578
783335,Dhubri,Assam,26.2524,89.7862
783336,Kokrajhar,Assam,26.4460,90.0992
783337,Dhubri,Assam,26.3529,90.0899
783339,Dhubri,Assam,26.1275,90.0721
783345,Kokrajhar,Assam,26.3026,90.2081
783346,Kokrajhar,Assam,26.5314,90.2722
783347,Kokrajhar,Assam,26.4635,90.1683
783348,Dhubri,Assam,26.2464,90.2307
783349,Dhubri,Assam,26.1610,90.1408
783350,Kokrajhar,Assam,26.6023,90.0303
783354,Kokrajhar,Assam,26.4037,90.1310
783360,Kokrajhar,Assam,26.4714,90.0260
783361,Kokrajhar,Assam,26.4843,89.8996
783369,Kokrajhar,Assam,26.4255,90.3503
783370,Kokrajhar,Assam,26.4516,90.2644
783371,Dhubri,Assam,26.1610,90.4196
783372,Chirang,Assam,26.4667,90.3995
783373,Chirang,Assam,26.5289,90.4165
783375,Chirang,Assam,26.7225,90.4102
783376,Kokrajhar,Assam,26.3387,90.3917
783380,Bongaigaon,Assam,26.4845,90.5372
783381,Bongaigaon,Assam,26.4808,90.5082
783382,Bongaigaon,Assam,26.2613,90.6334
783383,Bongaigaon,Assam,26.3740,90.6348
783384,Bongaigaon,Assam,26.3297,90.6787
783385,Chirang,Assam,26.5086,90.5002
783388,Bongaigaon,Assam,26.2006,90.5471
783389,Bongaigaon,Assam,26.3153,90.4809
783390,Chirang,Assam,26.4950,90.7148
783391,Chirang,Assam,26.5535,90.8033
783392,Bongaigaon,Assam,26.4303,90.7794
783393,Chirang,Assam,26.6082,90.5681
783394,Chirang,Assam,26.5866,90.5022
784001,Sonitpur,Assam,26.6511,92.7729
784010,Sonitpur,Assam,26.6208,92.7990
784025,Sonitpur,Assam,26.6952,92.8542
784026,Sonitpur,Assam,26.7275,92.8067
784027,Sonitpur,Assam,26.7110,92.9009
784028,Sonitpur,Assam,26.6967,92.8343
784101,Sonitpur,Assam,26.8273,92.7835
784102,Sonitpur,Assam,26.8998,92.7994
784103,Sonitpur,Assam,26.7882,92.7821
784104,Sonitpur,Assam,26.7120,92.7704
784105,Sonitpur,Assam,26.7567,92.7769
784110,Sonitpur,Assam,26.8303,92.4901
784111,Sonitpur,Assam,26.7046,92.7658
784112,Sonitpur,Assam,26.6840,92.4371
784113,Udalguri,Assam,26.4331,92.0988
784114,Udalguri,Assam,26.5647,92.4764
784115,Darrang,Assam,26.5370,92.2024
784116,Darrang,Assam,26.5547,92.2011
784117,Sonitpur,Assam,26.6743,92.3700
784125,Darrang,Assam,26.4348,92.0297
784144,Darrang,Assam,26.4528,91.8818
784145,Darrang,Assam,26.4010,91.8953
784146,Darrang,Assam,26.4780,92.0837
784147,Darrang,Assam,26.4980,91.9221
784148,Darrang,Assam,26.4695,91.8440
784149,Sonitpur,Assam,26.6574,92.5785
784150,Sonitpur,Assam,26.6762,92.6916
784153,Sonitpur,Assam,26.7110,92.9009
784154,Sonitpur,Assam,26.6475,92.7767
784160,Lakhimpur,Assam,27.1200,93.9300
784161,Lakhimpur,Assam,27.0100,93.9200
784163,Lakhimpur,Assam,27.0700,93.8400
784164,Lakhimpur,Assam,27.2300,94.0900
784165,Lakhimpur,Assam,26.9100,93.7900
784166,Biswanath,Assam,26.6208,92.7990
784167,Biswanath,Assam,26.7770,93.2782
784168,Biswanath,Assam,26.8817,93.6179
784169,Biswanath,Assam,26.7110,92.9009
784170,Biswanath,Assam,26.6543,92.8012
784171,Biswanath,Assam,26.8535,93.4797
784172,Biswanath,Assam,26.8269,93.5180
784173,Biswanath,Assam,26.7051,92.9486
784174,Biswanath,Assam,26.8383,93.1404
784175,Biswanath,Assam,26.7362,92.9591
784176,Biswanath,Assam,26.7109,93.1723
784177,Biswanath,Assam,26.6224,93.1357
784178,Biswanath,Assam,,
784179,Biswanath,Assam,26.8661,93.4090
784180,Sonitpur,Assam,26.7371,92.9301
784182,Sonitpur,Assam,26.8778,93.0094
784184,Biswanath,Assam,26.5872,92.8526
784189,Biswanath,Assam,26.6208,92.7990
784190,Darrang,Assam,26.5716,92.0310
784501,Sonitpur,Assam,26.7298,92.6739
784502,Sonitpur,Assam,26.7455,92.7375
784504,Sonitpur,Assam,26.9026,92.9566
784505,Sonitpur,Assam,26.8214,92.6825
784506,Sonitpur,Assam,26.8144,92.5941
784507,Udalguri,Assam,26.7698,92.2716
784508,Udalguri,Assam,26.7699,92.2982
784509,Udalguri,Assam,26.7460,92.1053
784510,Udalguri,Assam,26.7613,92.0592
784513,Udalguri,Assam,26.4740,91.9785
784514,Darrang,Assam,26.5732,92.0581
784521,Udalguri,Assam,26.6632,91.9526
784522,Udalguri,Assam,26.6025,91.8175
784523,Udalguri,Assam,26.3745,92.1048
784524,Udalguri,Assam,26.7208,92.2232
784525,Udalguri,Assam,26.5680,91.9759
784526,Udalguri,Assam,26.7611,91.8573
784527,Udalguri,Assam,26.7243,91.7561
784528,Udalguri,Assam,26.5944,91.9882
784529,Darrang,Assam,26.4842,92.0333
785001,Jorhat,Assam,26.7560,94.2094
785004,Jorhat,Assam,,
785006,Jorhat,Assam,26.7397,94.1582
785007,Jorhat,Assam,26.4444,94.1502
785008,Jorhat,Assam,26.7249,94.2292
785009,Jorhat,Assam,26.4242,94.1212
785010,Jorhat,Assam,26.4842,94.1037
785013,Jorhat,Assam,26.7283,94.1948
785014,Jorhat,Assam,,
785015,Jorhat,Assam,26.4610,94.1230
785101,Jorhat,Assam,26.4830,94.1426
785102,Majuli,Assam,26.7560,94.2094
785104,Majuli,Assam,26.9837,94.1563
785105,Majuli,Assam,26.7560,94.2094
785106,Majuli,Assam,26.9446,94.1637
785107,Jorhat,Assam,26.4822,94.2141
785108,Jorhat,Assam,26.4924,94.0959
785110,Majuli,Assam,26.7560,94.2094
785111,Jorhat,Assam,26.5020,94.1444
785112,Jorhat,Assam,26.4947,94.2422
785601,Golaghat,Assam,26.1978,93.8607
785602,Golaghat,Assam,26.2813,93.8840
785603,Golaghat,Assam,26.1114,94.1426
785609,Golaghat,Assam,26.5355,94.3209
785610,Golaghat,Assam,26.2739,94.0120
785611,Golaghat,Assam,26.4008,93.4834
785612,Golaghat,Assam,26.6407,93.6009
785613,Golaghat,Assam,26.5833,93.8000
785614,Golaghat,Assam,26.7093,93.9751
785615,Golaghat,Assam,26.7172,93.7111
785616,Jorhat,Assam,,
785618,Golaghat,Assam,26.3418,94.0720
785619,Golaghat,Assam,26.5123,93.9717
785621,Golaghat,Assam,26.5123,93.9717
785622,Golaghat,Assam,26.3608,93.5906
785625,Golaghat,Assam,26.5298,94.0531
785626,Golaghat,Assam,26.5089,93.9695
785630,Jorhat,Assam,26.6004,94.2015
785631,Jorhat,Assam,26.2652,94.0758
785632,Jorhat,Assam,26.3530,94.1140
785633,Jorhat,Assam,,
785634,Jorhat,Assam,26.7580,94.2101
785635,Jorhat,Assam,26.7080,94.3965
785636,Jorhat,Assam,26.7317,94.4677
785640,Sivasagar,Assam,26.5774,94.3893
785661,Sivasagar,Assam,,
785662,Sivasagar,Assam,,
785663,Sivasagar,Assam,,
785664,Sivasagar,Assam,26.5628,94.3211
785665,Sivasagar,Assam,26.5791,94.3708
785666,Sivasagar,Assam,26.5903,94.3740
785667,Sivasagar,Assam,,
785669,Sivasagar,Assam,,
785670,Charaideo,Assam,27.1520,94.8810
785671,Sivasagar,Assam,,
785672,Sivasagar,Assam,,
785673,Charaideo,Assam,,
785674,Sivasagar,Assam,,
785675,Dibrugarh,Assam,27.2700,94.8900
785676,Dibrugarh,Assam,27.2700,94.8900
785680,Sivasagar,Assam,26.8118,94.5207
785681,Sivasagar,Assam,,
785682,Jorhat,Assam,26.5314,94.2801
785683,Jorhat,Assam,26.5046,94.2934
785684,Sivasagar,Assam,26.5909,94.3752
785685,Sivasagar,Assam,,
785686,Sivasagar,Assam,,
785687,Sivasagar,Assam,,
785688,Charaideo,Assam,,
785689,Charaideo,Assam,,
785690,Charaideo,Assam,26.9887,94.6319
785691,Charaideo,Assam,26.8118,94.5207
785692,Charaideo,Assam,,
785693,Charaideo,Assam,,
785696,Sivasagar,Assam,,
785697,Sivasagar,Assam,,
785698,Charaideo,Assam,,
785699,Golaghat,Assam,26.5928,93.7498
785700,Jorhat,Assam,26.4744,94.1914
785701,Sivasagar,Assam,26.5933,94.3713
785702,Golaghat,Assam,26.5001,93.9724
785703,Golaghat,Assam,26.5123,93.9717
785704,Jorhat,Assam,,
785705,Golaghat,Assam,26.2229,94.0332
786001,Dibrugarh,Assam,27.4600,95.1416
786002,Dibrugarh,Assam,27.4800,94.9400
786003,Dibrugarh,Assam,27.4700,94.9100
786004,Dibrugarh,Assam,27.4400,94.8900
786005,Dibrugarh,Assam,27.1059,95.0143
786006,Dibrugarh,Assam,,
786007,Dibrugarh,Assam,27.1000,95.2200
786008,Dibrugarh,Assam,27.4700,94.8900
786010,Dibrugarh,Assam,27.4500,95.0000
786012,Dibrugarh,Assam,27.4800,95.0200
786101,Dibrugarh,Assam,27.4500,95.0800
786102,Dibrugarh,Assam,27.2751,95.0717
786103,Dibrugarh,Assam,27.3800,95.1700
786125,Tinsukia,Assam,27.2940,95.3468
786126,Tinsukia,Assam,27.4005,95.2651
786145,Tinsukia,Assam,27.2800,95.1900
786146,Tinsukia,Assam,,
786147,Tinsukia,Assam,27.5600,95.3200
786148,Tinsukia,Assam,27.4548,95.3484
786150,Tinsukia,Assam,27.5327,95.4938
786151,Tinsukia,Assam,27.3300,95.3300
786152,Tinsukia,Assam,27.6300,95.6500
786153,Tinsukia,Assam,27.3538,95.3338
786154,Tinsukia,Assam,,
786155,Tinsukia,Assam,27.5001,95.3947
786156,Tinsukia,Assam,27.4800,95.3500
786157,Tinsukia,Assam,27.5508,95.4551
786158,Tinsukia,Assam,27.5115,95.3345
786159,Tinsukia,Assam,27.5611,95.5609
786160,Tinsukia,Assam,27.5500,95.6900
786170,Tinsukia,Assam,27.4800,95.4300
786171,Tinsukia,Assam,27.3900,95.6300
786173,Tinsukia,Assam,,
786174,Tinsukia,Assam,27.3900,95.6300
786179,Tinsukia,Assam,27.1922,95.5625
786181,Tinsukia,Assam,27.2900,95.6600
786182,Tinsukia,Assam,27.2800,95.6800
786183,Tinsukia,Assam,27.4900,95.2500
786184,Dibrugarh,Assam,27.4700,95.1700
786187,Tinsukia,Assam,27.3100,95.6400
786188,Tinsukia,Assam,27.3800,95.8900
786189,Tinsukia,Assam,27.3610,95.3811
786190,Tinsukia,Assam,27.5528,95.5500
786191,Dibrugarh,Assam,27.3400,95.3500
786192,Tinsukia,Assam,27.3824,95.2629
786601,Tinsukia,Assam,27.3900,95.2900
786602,Dibrugarh,Assam,27.3500,95.3200
786610,Dibrugarh,Assam,27.2800,95.2400
786611,Dibrugarh,Assam,27.1800,95.1100
786612,Dibrugarh,Assam,27.2200,95.1700
786613,Dibrugarh,Assam,27.2400,94.9800
786614,Dibrugarh,Assam,27.2800,95.2400
786621,Dibrugarh,Assam,27.1800,95.3400
786622,Dibrugarh,Assam,,
786623,Dibrugarh,Assam,27.1947,95.3586
786692,Dibrugarh,Assam,27.3660,95.3119
787001,Lakhimpur,Assam,27.2376,94.1075
787023,Lakhimpur,Assam,27.1600,94.0100
787026,Dhemaji,Assam,27.4200,94.4300
787031,Lakhimpur,Assam,27.2300,94.0900
787032,Lakhimpur,Assam,27.1929,94.0919
787033,Lakhimpur,Assam,27.1225,94.0717
787034,Dhemaji,Assam,27.4300,94.3100
787035,Dhemaji,Assam,27.5300,94.2700
787051,Lakhimpur,Assam,27.2800,94.0900
787052,Lakhimpur,Assam,27.1400,94.1100
787053,Lakhimpur,Assam,27.3000,94.4100
787054,Lakhimpur,Assam,27.2300,94.0900
787055,Lakhimpur,Assam,27.3100,94.4500
787056,Lakhimpur,Assam,27.4600,94.2300
787057,Dhemaji,Assam,27.6000,94.7600
787058,Dhemaji,Assam,27.4100,94.5500
787059,Dhemaji,Assam,27.5900,94.7200
787060,Dhemaji,Assam,27.5015,95.1240
787061,Dhemaji,Assam,27.7100,94.8800
787110,Dhemaji,Assam,27.5200,94.6700
788001,Cachar,Assam,24.8236,92.8018
788002,Cachar,Assam,24.8400,92.8100
788003,Cachar,Assam,24.8357,92.7500
788004,Cachar,Assam,24.8122,92.8014
788005,Cachar,Assam,24.6100,92.6000
788006,Cachar,Assam,24.8008,92.8009
788007,Cachar,Assam,24.8236,92.8018
788009,Cachar,Assam,24.8300,92.8100
788010,Cachar,Assam,24.8236,92.7900
788011,Cachar,Assam,24.6900,92.7500
788013,Cachar,Assam,24.7300,92.8900
788014,Cachar,Assam,24.8236,92.8018
788015,Cachar,Assam,24.8518,92.5609
788025,Cachar,Assam,24.8700,92.7700
788026,Cachar,Assam,24.8300,92.7300
788030,Cachar,Assam,24.8800,92.8800
788031,Cachar,Assam,24.8800,92.8800
788098,Cachar,Assam,24.8300,93.0200
788099,Cachar,Assam,24.6400,92.9600
788101,Cachar,Assam,24.8800,92.5500
788102,Cachar,Assam,24.8120,93.0200
788103,Cachar,Assam,24.8236,92.8018
788104,Cachar,Assam,24.9980,92.9267
788106,Cachar,Assam,24.5900,92.8400
788107,Cachar,Assam,24.5487,92.7300
788108,Cachar,Assam,24.6665,92.8295
788109,Cachar,Assam,24.8236,92.8018
788110,Cachar,Assam,24.8122,92.9710
788111,Cachar,Assam,24.8236,92.8018
788112,Cachar,Assam,24.6780,92.7900
788113,Cachar,Assam,24.6500,92.6900
788114,Cachar,Assam,24.5900,92.8400
788115,Cachar,Assam,24.6900,92.8400
788116,Cachar,Assam,24.6500,92.8900
788117,Cachar,Assam,24.6800,92.7300
788118,Cachar,Assam,24.8236,92.8018
788119,Cachar,Assam,24.7300,92.8900
788120,Cachar,Assam,24.6800,92.8200
788121,Cachar,Assam,24.6500,92.6900
788123,Cachar,Assam,24.8918,92.7109
788126,Cachar,Assam,24.7574,92.6266
788127,Cachar,Assam,24.7524,92.9294
788150,Hailakandi,Assam,24.7600,92.5900
788151,Hailakandi,Assam,24.6779,92.5548
788152,Hailakandi,Assam,24.3600,92.8500
788155,Hailakandi,Assam,24.6800,92.5600
788156,Karimganj,Assam,24.6400,92.4800
788160,Hailakandi,Assam,24.5500,92.5900
788161,Hailakandi,Assam,24.4500,92.5500
788162,Hailakandi,Assam,24.5500,92.5900
788163,Hailakandi,Assam,24.5600,92.6400
788164,Hailakandi,Assam,24.6500,92.5700
788165,Hailakandi,Assam,24.4000,92.5600
788166,Karimganj,Assam,24.5800,92.4500
788168,Hailakandi,Assam,24.6100,92.6100
788701,Karimganj,Assam,25.1024,92.1452
788709,Karimganj,Assam,24.8700,92.3500
788710,Karimganj,Assam,24.8676,92.3604
788711,Karimganj,Assam,24.8676,92.3604
788712,Karimganj,Assam,24.8700,92.3500
788713,Karimganj,Assam,24.8700,92.3500
788719,Karimganj,Assam,24.7200,92.3500
788720,Karimganj,Assam,24.7900,92.4100
788722,Karimganj,Assam,24.7500,92.3500
788723,Karimganj,Assam,24.6800,92.3400
788724,Karimganj,Assam,24.6100,92.3200
788725,Karimganj,Assam,24.9400,92.7300
788726,Karimganj,Assam,24.4800,92.3200
788727,Karimganj,Assam,24.8676,92.3604
788728,Karimganj,Assam,24.4100,92.3000
788733,Karimganj,Assam,24.5900,92.3900
788734,Karimganj,Assam,24.5488,92.4277
788735,Karimganj,Assam,24.8100,92.7700
788736,Karimganj,Assam,24.5000,92.4300
788737,Karimganj,Assam,24.7500,92.3400
788738,Hailakandi,Assam,,
788781,Karimganj,Assam,24.8200,92.2900
788801,Hailakandi,Assam,,
788802,Cachar,Assam,24.8605,92.5933
788803,Karimganj,Assam,24.8700,92.5300
788804,Cachar,Assam,24.8900,92.5400
788805,Cachar,Assam,24.8800,92.5700
788806,Karimganj,Assam,24.8700,92.5600
788815,Cachar,Assam,24.9700,92.5800
788816,Cachar,Assam,25.0000,92.4600
788817,Cachar,Assam,,
788818,Dima Hasao,Assam,25.1700,93.0500
788819,Dima Hasao,Assam,24.6151,92.8431
788820,Dima Hasao,Assam,24.5923,92.8423
788830,Dima Hasao,Assam,25.1800,93.1100
788831,Dima Hasao,Assam,25.3000,93.1300
788832,Dima Hasao,Assam,24.7368,92.7459
788931,Dima Hasao,Assam,24.9800,92.8331
790001,West Kameng,Arunachal Pradesh,27.2654,92.4210
790002,West Kameng,Arunachal Pradesh,27.2929,92.4974
790003,West Kameng,Arunachal Pradesh,27.2929,92.4974
790101,West Kameng,Arunachal Pradesh,27.2929,92.4974
790102,East Kameng,Arunachal Pradesh,27.4733,93.0606
790103,Pakke Kessang,Arunachal Pradesh,27.4733,93.0606
790104,Tawang,Arunachal Pradesh,27.5923,91.8749
790105,Tawang,Arunachal Pradesh,27.6318,92.1035
790106,Tawang,Arunachal Pradesh,27.6318,92.1035
790114,West Kameng,Arunachal Pradesh,27.2929,92.4974
790116,West Kameng,Arunachal Pradesh,27.2929,92.4974
791001,West Siang,Arunachal Pradesh,28.1699,94.7979
791002,Upper Siang,Arunachal Pradesh,28.9983,94.8147
791003,Shi Yomi,Arunachal Pradesh,28.1733,94.7653
791101,Leparada,Arunachal Pradesh,28.1733,94.7653
791102,East Siang,Arunachal Pradesh,28.0642,95.3232
791103,Siang,Arunachal Pradesh,,
791104,East Siang,Arunachal Pradesh,28.2784,95.1066
791105,Upper Siang,Arunachal Pradesh,28.9983,94.8147
791109,Papum Pare,Arunachal Pradesh,27.1303,93.7411
791110,Papum Pare,Arunachal Pradesh,27.1058,93.6931
791111,Papum Pare,Arunachal Pradesh,27.0990,93.6263
791112,Papum Pare,Arunachal Pradesh,27.1453,93.7521
791113,Papum Pare,Arunachal Pradesh,27.0867,93.6087
791114,Papum Pare,Arunachal Pradesh,,
791118,Kurung Kumey,Arunachal Pradesh,,
791119,Lower Subansiri,Arunachal Pradesh,27.3908,93.5679
791120,Lower Subansiri,Arunachal Pradesh,27.5393,93.8147
791121,Papum Pare,Arunachal Pradesh,27.0990,93.6263
791122,Upper Subansiri,Arunachal Pradesh,27.9859,94.2265
791123,Papum Pare,Arunachal Pradesh,27.1121,93.8169
791125,Lower Siang,Arunachal Pradesh,28.1733,94.7653
792001,Lohit,Arunachal Pradesh,27.9225,96.1688
792055,Changlang,Arunachal Pradesh,27.1377,95.7397
792056,Changlang,Arunachal Pradesh,27.1377,95.7397
792101,Dibang Valley,Arunachal Pradesh,28.1365,95.1365
792102,Namsai,Arunachal Pradesh,27.7946,96.4063
792103,Namsai,Arunachal Pradesh,,
792104,Anjaw,Arunachal Pradesh,27.7946,96.4063
792105,Namsai,Arunachal Pradesh,27.7946,96.4063
792110,Lower Dibang Valley,Arunachal Pradesh,28.1394,95.8431
792111,Lohit,Arunachal Pradesh,27.7946,96.4063
792120,Changlang,Arunachal Pradesh,27.0633,95.7924
792121,Changlang,Arunachal Pradesh,27.1377,95.7397
792122,Changlang,Arunachal Pradesh,,
792123,Changlang,Arunachal Pradesh,27.1377,95.7397
792129,Tirap,Arunachal Pradesh,27.1694,95.5692
792130,Tirap,Arunachal Pradesh,26.9902,95.4992
792131,Longding,Arunachal Pradesh,27.1694,95.5692
793001,East Khasi Hills,Meghalaya,25.5763,91.8890
793002,East Khasi Hills,Meghalaya,25.5776,91.8787
793003,East Khasi Hills,Meghalaya,25.5724,91.8994
793004,East Khasi Hills,Meghalaya,25.5643,91.8729
793005,East Khasi Hills,Meghalaya,25.5739,91.8849
793006,East Khasi Hills,Meghalaya,25.5699,91.9143
793007,East Khasi Hills,Meghalaya,25.5604,91.9179
793008,East Khasi Hills,Meghalaya,25.5739,91.8849
793009,East Khasi Hills,Meghalaya,25.5739,91.8849
793010,East Khasi Hills,Meghalaya,25.5739,91.8849
793011,East Khasi Hills,Meghalaya,25.5755,91.9030
793012,East Khasi Hills,Meghalaya,25.5739,91.8849
793014,East Khasi Hills,Meghalaya,25.5739,91.8849
793015,East Khasi Hills,Meghalaya,25.5739,91.8849
793016,East Khasi Hills,Meghalaya,25.5739,91.8849
793017,East Khasi Hills,Meghalaya,25.5739,91.8849
793018,East Khasi Hills,Meghalaya,25.5739,91.8849
793019,East Khasi Hills,Meghalaya,25.5739,91.8849
793021,East Khasi Hills,Meghalaya,25.5739,91.8849
793022,East Khasi Hills,Meghalaya,25.5739,91.8849
793101,Ri Bhoi,Meghalaya,26.0365,92.0838
793102,Ri Bhoi,Meghalaya,,
793103,Ri Bhoi,Meghalaya,,
793104,Ri Bhoi,Meghalaya,,
793105,Ri Bhoi,Meghalaya,26.0365,92.0838
793106,South West Khasi Hills,Meghalaya,25.5739,91.8849
793107,East Khasi Hills,Meghalaya,25.5739,91.8849
793108,East Khasi Hills,Meghalaya,25.3000,91.7000
793109,West Jaintia Hills,Meghalaya,25.1840,92.0248
793110,East Khasi Hills,Meghalaya,25.5739,91.8849
793111,East Khasi Hills,Meghalaya,25.5739,91.8849
793112,East Khasi Hills,Meghalaya,25.5739,91.8849
793113,East Khasi Hills,Meghalaya,25.5739,91.8849
793114,South West Khasi Hills,Meghalaya,25.6513,91.2299
793115,East Khasi Hills,Meghalaya,,
793116,Ri Bhoi,Meghalaya,,
793119,West Khasi Hills,Meghalaya,25.5195,91.2827
793120,West Khasi Hills,Meghalaya,25.6513,91.2299
793121,East Khasi Hills,Meghalaya,25.5739,91.8849
793122,Ri Bhoi,Meghalaya,26.0365,92.0838
793123,Ri Bhoi,Meghalaya,26.0365,92.0838
793126,West Khasi Hills,Meghalaya,,
793150,West Jaintia Hills,Meghalaya,25.4426,92.1970
793151,West Jaintia Hills,Meghalaya,25.2816,92.5887
793160,East Jaintia Hills,Meghalaya,25.2816,92.5887
793161,West Jaintia Hills,Meghalaya,,
793200,East Jaintia Hills,Meghalaya,25.2816,92.5887
793210,East Jaintia Hills,Meghalaya,25.2816,92.5887
794001,West Garo Hills,Meghalaya,25.5125,90.2206
794002,West Garo Hills,Meghalaya,25.5125,90.2206
794003,West Garo Hills,Meghalaya,25.5125,90.2206
794005,West Garo Hills,Meghalaya,25.5125,90.2206
794101,West Garo Hills,Meghalaya,25.5125,90.2206
794102,South Garo Hills,Meghalaya,25.3151,90.5953
794103,West Garo Hills,Meghalaya,25.5125,90.2206
794104,West Garo Hills,Meghalaya,25.5125,90.2206
794105,West Garo Hills,Meghalaya,25.5125,90.2206
794106,South West Garo Hills,Meghalaya,25.5125,90.2206
794107,South Garo Hills,Meghalaya,25.5125,90.2206
794108,North Garo Hills,Meghalaya,25.5125,90.2206
794109,West Garo Hills,Meghalaya,25.5125,90.2206
794110,East Garo Hills,Meghalaya,25.6076,90.6145
794111,East Garo Hills,Meghalaya,25.6076,90.6145
794112,West Garo Hills,Meghalaya,25.5125,90.2206
794114,South Garo Hills,Meghalaya,25.3151,90.5953
794115,South West Garo Hills,Meghalaya,25.5125,90.2206
795001,Imphal West,Manipur,24.8020,93.9405
795002,Imphal West,Manipur,,
795003,Imphal West,Manipur,24.7509,93.9282
795004,Imphal West,Manipur,24.8186,93.9257
795005,Imphal East,Manipur,24.8165,93.9528
795006,Pherzawl,Manipur,,
795007,Senapati,Manipur,25.3259,94.1247
795008,Imphal East,Manipur,,
795009,Imphal West,Manipur,24.8020,93.9405
795010,Imphal East,Manipur,24.8221,93.9608
795011,Bishnupur,Manipur,,
795101,Chandel,Manipur,,
795102,Chandel,Manipur,24.0785,93.9991
795103,Kakching,Manipur,24.2900,93.5857
795104,Senapati,Manipur,25.3259,94.1247
795105,Senapati,Manipur,25.3259,94.1247
795106,Senapati,Manipur,25.3259,94.1247
795107,Kangpokpi,Manipur,25.3259,94.1247
795112,Kangpokpi,Manipur,25.3259,94.1247
795113,Imphal West,Manipur,24.8020,93.9405
795114,Imphal East,Manipur,24.8165,93.9528
795115,Jiribam,Manipur,24.8020,93.9405
795116,Jiribam,Manipur,24.8020,93.9405
795117,Churachandpur,Manipur,24.3333,93.7519
795118,Kangpokpi,Manipur,,
795122,Kangpokpi,Manipur,25.3259,94.1247
795124,Churachandpur,Manipur,,
795125,Tamenglong,Manipur,25.3259,94.1247
795126,Noney,Manipur,,
795127,Chandel,Manipur,24.0785,93.9991
795128,Churachandpur,Manipur,24.3573,93.7028
795129,Kangpokpi,Manipur,25.3259,94.1247
795130,Thoubal,Manipur,24.6700,93.9974
795131,Tengnoupal,Manipur,24.0785,93.9991
795132,Imphal West,Manipur,24.6700,93.9974
795133,Bishnupur,Manipur,24.2959,93.4600
795134,Bishnupur,Manipur,24.4202,93.4955
795135,Tengnoupal,Manipur,,
795136,Imphal West,Manipur,24.8165,93.9528
795138,Thoubal,Manipur,24.6430,93.9984
795139,Churachandpur,Manipur,24.3333,93.7519
795140,Imphal West,Manipur,24.8165,93.9528
795141,Tamenglong,Manipur,24.8490,93.5545
795142,Ukhrul,Manipur,25.1091,94.3592
795144,Ukhrul,Manipur,25.0895,94.3634
795145,Kamjong,Manipur,25.0895,94.3634
795146,Kangpokpi,Manipur,,
795147,Noney,Manipur,24.8490,93.5545
795148,Thoubal,Manipur,24.6700,93.9974
795149,Kangpokpi,Manipur,,
795150,Senapati,Manipur,25.3259,94.1247
795159,Noney,Manipur,24.8490,93.5545
796001,Aizawl,Mizoram,23.7258,92.7190
796004,Aizawl,Mizoram,23.7258,92.7190
796005,Aizawl,Mizoram,23.7258,92.7190
796007,Aizawl,Mizoram,23.7414,92.7180
796008,Aizawl,Mizoram,23.7258,92.7190
796009,Aizawl,Mizoram,23.7258,92.7190
796012,Aizawl,Mizoram,23.7258,92.7190
796014,Aizawl,Mizoram,23.7258,92.7190
796015,Aizawl,Mizoram,23.7836,92.6963
796017,Aizawl,Mizoram,23.7258,92.7190
796036,Aizawl,Mizoram,23.7258,92.7190
796070,Kolasib,Mizoram,24.2253,92.6767
796075,Kolasib,Mizoram,24.2253,92.6767
796081,Kolasib,Mizoram,24.2253,92.6767
796091,Kolasib,Mizoram,24.2253,92.6767
796101,Kolasib,Mizoram,24.2253,92.6767
796111,Aizawl,Mizoram,23.7258,92.7190
796161,Serchhip,Mizoram,,
796181,Serchhip,Mizoram,23.3415,92.8502
796184,Serchhip,Mizoram,23.7258,92.7190
796186,Serchhip,Mizoram,23.3415,92.8502
796190,Aizawl,Mizoram,23.7258,92.7190
796230,Aizawl,Mizoram,23.7258,92.7190
796261,Saitual,Mizoram,23.7258,92.7190
796290,Saitual,Mizoram,23.4706,93.3221
796310,Khawzawl,Mizoram,23.4706,93.3221
796320,Champhai,Mizoram,23.4706,93.3221
796321,Champhai,Mizoram,23.4706,93.3221
796370,Serchhip,Mizoram,23.3415,92.8502
796410,Aizawl,Mizoram,23.9332,92.4892
796421,Mamit,Mizoram,,
796431,Mamit,Mizoram,23.9332,92.4892
796441,Mamit,Mizoram,23.9332,92.4892
796470,Mamit,Mizoram,,
796471,Mamit,Mizoram,23.7258,92.7190
796501,Mamit,Mizoram,23.9332,92.4892
796571,Hnahthial,Mizoram,22.8668,92.7666
796581,Hnahthial,Mizoram,22.8668,92.7666
796691,Lunglei,Mizoram,22.8668,92.7666
796701,Lunglei,Mizoram,22.8896,92.7435
796710,Lunglei,Mizoram,22.8668,92.7666
796751,Lunglei,Mizoram,22.8668,92.7666
796770,Lunglei,Mizoram,22.8668,92.7666
796772,Lawngtlai,Mizoram,22.5283,92.8934
796810,Lawngtlai,Mizoram,22.5283,92.8934
796891,Lawngtlai,Mizoram,22.5283,92.8934
796901,Saiha,Mizoram,22.4898,92.9791
797001,Kohima,Nagaland,25.6708,94.1076
797002,Kohima,Nagaland,25.6708,94.1076
797003,Kohima,Nagaland,25.6708,94.1076
797004,Kohima,Nagaland,25.6708,94.1076
797006,Kohima,Nagaland,,
797099,Wokha,Nagaland,26.2850,94.1118
797101,Peren,Nagaland,25.6708,94.1076
797103,Dimapur,Nagaland,25.8632,93.7543
797104,Phek,Nagaland,25.6508,94.3933
797105,Kohima,Nagaland,25.6708,94.1076
797106,Dimapur,Nagaland,25.8632,93.7543
797107,Phek,Nagaland,25.6508,94.3933
797108,Phek,Nagaland,25.7077,94.4616
797109,Kohima,Nagaland,25.6708,94.1076
797110,Peren,Nagaland,25.5125,93.7384
797111,Wokha,Nagaland,26.0942,94.2599
797112,Dimapur,Nagaland,25.8758,93.7310
797113,Dimapur,Nagaland,25.8632,93.7543
797114,Phek,Nagaland,25.6508,94.3933
797115,Dimapur,Nagaland,25.8632,93.7543
797116,Dimapur,Nagaland,25.8632,93.7543
797117,Dimapur,Nagaland,25.8632,93.7543
797118,Dimapur,Nagaland,25.6708,94.1076
797120,Kohima,Nagaland,25.6708,94.1076
797121,Kohima,Nagaland,25.6708,94.1076
798601,Mokokchung,Nagaland,26.3247,94.5188
798602,Mon,Nagaland,26.4816,94.9926
798603,Mon,Nagaland,26.4816,94.9926
798604,Mokokchung,Nagaland,26.3221,94.5145
798607,Mokokchung,Nagaland,26.2734,94.4567
798611,Kiphire,Nagaland,25.8485,94.8742
798612,Tuensang,Nagaland,,
798613,Mokokchung,Nagaland,26.3221,94.5145
798614,Mokokchung,Nagaland,26.3221,94.5145
798615,Mokokchung,Nagaland,26.3221,94.5145
798616,Tuensang,Nagaland,,
798618,Mokokchung,Nagaland,26.3221,94.5145
798620,Zunheboto,Nagaland,26.0133,94.5264
798621,Mon,Nagaland,26.7212,95.0268
798622,Mon,Nagaland,26.4816,94.9926
798623,Mokokchung,Nagaland,26.3221,94.5145
798625,Longleng,Nagaland,26.5055,94.8319
798627,Zunheboto,Nagaland,26.1630,94.5417
799001,West Tripura,Tripura,23.8298,91.2788
799002,West Tripura,Tripura,23.8298,91.2788
799003,West Tripura,Tripura,23.8118,91.2677
799004,West Tripura,Tripura,23.8245,91.2922
799005,West Tripura,Tripura,23.8455,91.2889
799006,West Tripura,Tripura,23.8574,91.2873
799007,West Tripura,Tripura,23.8356,91.2950
799008,West Tripura,Tripura,23.8475,91.3418
799009,West Tripura,Tripura,23.8850,91.2502
799010,West Tripura,Tripura,23.8298,91.2788
799011,Sepahijala,Tripura,23.8298,91.2788
799012,West Tripura,Tripura,23.8880,91.2925
799013,Gomati,Tripura,23.4874,91.4910
799014,West Tripura,Tripura,23.7907,91.2706
799015,West Tripura,Tripura,23.9093,91.2519
799022,West Tripura,Tripura,23.8298,91.2788
799035,West Tripura,Tripura,23.8328,91.3684
799045,West Tripura,Tripura,23.8216,91.4488
799046,West Tripura,Tripura,23.8470,91.4146
799101,Gomati,Tripura,23.5408,91.4917
799102,Sepahijala,Tripura,23.6740,91.2823
799103,Sepahijala,Tripura,,
799104,Gomati,Tripura,,
799105,Gomati,Tripura,23.2920,91.2548
799113,Gomati,Tripura,23.5557,91.4512
799114,Gomati,Tripura,23.5466,91.4752
799115,Sepahijala,Tripura,23.4917,91.3296
799120,Gomati,Tripura,23.5408,91.4917
799125,Gomati,Tripura,23.5408,91.4917
799130,West Tripura,Tripura,23.8298,91.2788
799131,Sepahijala,Tripura,23.4779,91.2661
799132,Sepahijala,Tripura,,
799141,South Tripura,Tripura,,
799142,South Tripura,Tripura,23.5408,91.4917
799143,South Tripura,Tripura,23.0423,91.3854
799144,South Tripura,Tripura,23.3107,91.5624
799145,South Tripura,Tripura,,
799150,South Tripura,Tripura,23.5408,91.4917
799153,South Tripura,Tripura,23.8298,91.2788
799155,South Tripura,Tripura,23.2518,91.4558
799156,South Tripura,Tripura,23.5408,91.4917
799157,South Tripura,Tripura,23.5408,91.4917
799201,Khowai,Tripura,24.0813,91.5963
799202,Khowai,Tripura,23.8298,91.2788
799203,Khowai,Tripura,23.8298,91.2788
799204,Dhalai,Tripura,23.9060,91.9908
799205,Khowai,Tripura,23.8401,91.6346
799207,Khowai,Tripura,24.0441,91.3622
799210,West Tripura,Tripura,23.9298,91.3367
799211,West Tripura,Tripura,23.8298,91.2788
799212,West Tripura,Tripura,23.8298,91.2788
799250,North Tripura,Tripura,24.3788,92.1598
799251,North Tripura,Tripura,24.3788,92.1598
799253,North Tripura,Tripura,24.3744,92.1650
799254,North Tripura,Tripura,24.3788,92.1598
799256,North Tripura,Tripura,24.1417,92.1732
799260,North Tripura,Tripura,,
799261,North Tripura,Tripura,24.3788,92.1598
799262,North Tripura,Tripura,24.4371,92.2422
799263,Unakoti,Tripura,24.3788,92.1598
799264,Unakoti,Tripura,24.1624,92.0380
799266,Dhalai,Tripura,24.0656,91.9930
799269,North Tripura,Tripura,,
799270,North Tripura,Tripura,24.3788,92.1598
799271,North Tripura,Tripura,24.3788,92.1598
799273,Dhalai,Tripura,23.9060,91.9908
799275,Dhalai,Tripura,23.9060,91.9908
799277,Unakoti,Tripura,24.3298,91.9987
799278,Dhalai,Tripura,23.9060,91.9908
799279,Unakoti,Tripura,24.3788,92.1598
799280,Unakoti,Tripura,24.3788,92.1598
799281,Unakoti,Tripura,24.3788,92.1598
799282,Unakoti,Tripura,24.3788,92.1598
799284,Dhalai,Tripura,23.9060,91.9908
799285,Dhalai,Tripura,23.9060,91.9908
799286,Dhalai,Tripura,24.1469,91.8230
799287,Dhalai,Tripura,23.9060,91.9908
799288,Unakoti,Tripura,24.3788,92.1598
799289,Dhalai,Tripura,23.9217,91.8506
799290,Unakoti,Tripura,24.1036,92.0107
800001,Patna,Bihar,25.5950,85.1326
800002,Patna,Bihar,25.5794,85.0999
800003,Patna,Bihar,25.6104,85.1490
800004,Patna,Bihar,25.6201,85.1596
800005,Patna,Bihar,25.6185,85.1684
800006,Patna,Bihar,25.4910,85.1409
800007,Patna,Bihar,25.5730,85.1645
800008,Patna,Bihar,25.5986,85.2218
800009,Patna,Bihar,25.4761,85.2421
800010,Patna,Bihar,25.6331,85.1138
800011,Patna,Bihar,25.6371,85.0987
800012,Patna,Bihar,25.6270,85.1150
800013,Patna,Bihar,25.5941,85.1376
800014,Patna,Bihar,25.5944,85.0967
800015,Patna,Bihar,25.5823,85.0436
800016,Patna,Bihar,25.6036,85.1326
800017,Patna,Bihar,,
800018,Patna,Bihar,25.5941,85.1376
800019,Patna,Bihar,25.6716,85.0646
800020,Patna,Bihar,25.5972,85.1590
800021,Patna,Bihar,,
800022,Patna,Bihar,,
800023,Patna,Bihar,25.5901,85.1492
800024,Patna,Bihar,,
800025,Patna,Bihar,25.6210,85.0798
800026,Patna,Bihar,25.5964,85.1744
800027,Patna,Bihar,,
800028,Patna,Bihar,25.6079,85.1176
800030,Patna,Bihar,25.3666,85.5657
801102,Patna,Bihar,25.3252,85.1470
801103,Patna,Bihar,25.5835,85.2740
801104,Patna,Bihar,25.2346,85.2315
801105,Patna,Bihar,25.5849,85.0389
801106,Patna,Bihar,25.5633,84.8698
801108,Patna,Bihar,25.6373,85.0436
801109,Patna,Bihar,25.2131,85.1231
801110,Patna,Bihar,25.2327,85.2131
801111,Patna,Bihar,25.3795,85.1750
801112,Patna,Bihar,25.6001,85.1532
801113,Patna,Bihar,25.1718,85.1263
801301,Nalanda,Bihar,25.2287,85.2500
801302,Nalanda,Bihar,25.3201,85.2737
801303,Nalanda,Bihar,25.1400,85.2250
801304,Nalanda,Bihar,25.3650,85.2700
801305,Nalanda,Bihar,25.3700,85.3400
801306,Nalanda,Bihar,25.2200,85.2750
801307,Nalanda,Bihar,25.3011,85.3719
801503,Patna,Bihar,25.5941,85.1376
801505,Patna,Bihar,25.5841,85.1359
801506,Patna,Bihar,25.4049,85.3078
801507,Patna,Bihar,25.5563,85.0204
802101,Buxar,Bihar,25.5555,83.9790
802102,Buxar,Bihar,25.5397,83.9522
802103,Buxar,Bihar,25.5479,84.0062
802111,Buxar,Bihar,25.5924,84.2135
802112,Buxar,Bihar,25.6343,84.3427
802113,Buxar,Bihar,25.6646,84.0880
802114,Buxar,Bihar,25.4719,83.8821
802115,Buxar,Bihar,25.4934,84.2575
802116,Buxar,Bihar,25.5905,84.0115
802117,Buxar,Bihar,25.3480,84.0025
802118,Buxar,Bihar,25.6283,84.0912
802119,Buxar,Bihar,25.5467,84.1439
802120,Buxar,Bihar,25.6358,84.1579
802122,Buxar,Bihar,25.3825,83.9008
802123,Buxar,Bihar,25.4460,84.0351
802125,Buxar,Bihar,25.4315,84.2589
802126,Buxar,Bihar,25.4755,84.1392
802127,Buxar,Bihar,25.4745,84.2207
802128,Buxar,Bihar,25.3516,83.9038
802129,Buxar,Bihar,25.3883,84.1515
802130,Buxar,Bihar,25.6248,84.3201
802131,Buxar,Bihar,25.6587,84.1687
802132,Kaimur (bhabua),Bihar,24.9081,83.5323
802133,Buxar,Bihar,25.5780,84.1918
802134,Buxar,Bihar,25.5208,84.2974
802135,Buxar,Bihar,25.6390,84.1215
802136,Buxar,Bihar,25.5484,84.1391
802152,Bhojpur,Bihar,25.5420,84.4674
802154,Bhojpur,Bihar,25.5914,84.4755
802155,Bhojpur,Bihar,25.4109,84.3700
802156,Bhojpur,Bihar,25.6133,84.5773
802157,Bhojpur,Bihar,25.5718,84.5498
802158,Bhojpur,Bihar,25.4772,84.4401
802159,Bhojpur,Bihar,25.3827,84.3924
802160,Bhojpur,Bihar,25.5773,84.7777
802161,Bhojpur,Bihar,25.5492,84.7503
802162,Bhojpur,Bihar,25.5426,84.5671
802163,Bhojpur,Bihar,25.6380,84.7832
802164,Bhojpur,Bihar,25.3876,84.7122
802165,Bhojpur,Bihar,25.6143,84.3875
802166,Bhojpur,Bihar,25.6371,84.4690
802183,Bhojpur,Bihar,25.5587,84.4109
802201,Bhojpur,Bihar,25.3583,84.6346
802202,Bhojpur,Bihar,25.3515,84.3306
802203,Bhojpur,Bihar,25.4251,84.5486
802204,Bhojpur,Bihar,25.2861,84.3520
802205,Bhojpur,Bihar,25.1916,84.3575
802206,Bhojpur,Bihar,25.4496,84.6469
802207,Bhojpur,Bihar,25.3070,84.4110
802208,Bhojpur,Bihar,25.2857,84.5867
802209,Bhojpur,Bihar,25.2235,84.4304
802210,Bhojpur,Bihar,25.5146,84.6108
802211,Rohtas,Bihar,25.1025,84.1277
802212,Rohtas,Bihar,25.1910,84.2520
802213,Rohtas,Bihar,25.0552,84.0156
802214,Rohtas,Bihar,25.1268,84.2950
802215,Rohtas,Bihar,25.0562,84.0194
802216,Rohtas,Bihar,25.2067,84.0824
802217,Rohtas,Bihar,25.0111,84.0762
802218,Rohtas,Bihar,25.2064,84.1356
802219,Rohtas,Bihar,24.9228,84.1409
802220,Rohtas,Bihar,25.1417,84.0405
802221,Rohtas,Bihar,25.2592,84.2358
802222,Bhojpur,Bihar,25.2655,84.5073
802223,Bhojpur,Bihar,25.3530,84.4923
802226,Rohtas,Bihar,24.9621,84.0732
802301,Bhojpur,Bihar,25.5597,84.6685
802302,Bhojpur,Bihar,25.5587,84.6675
802311,Bhojpur,Bihar,25.6542,84.7058
802312,Bhojpur,Bihar,25.5779,84.6365
802313,Bhojpur,Bihar,25.6148,84.6644
802314,Bhojpur,Bihar,25.5891,84.6675
802316,Bhojpur,Bihar,25.6859,84.6273
802351,Bhojpur,Bihar,25.6503,84.5370
802352,Bhojpur,Bihar,25.5012,84.7220
803101,Nalanda,Bihar,25.1932,85.5223
803107,Nalanda,Bihar,25.2300,85.6400
803108,Nalanda,Bihar,25.3350,85.4000
803109,Nalanda,Bihar,25.0283,85.5291
803110,Nalanda,Bihar,25.3500,85.5050
803111,Nalanda,Bihar,25.1600,85.4700
803113,Nalanda,Bihar,25.2748,85.4600
803114,Nalanda,Bihar,25.2004,85.3500
803115,Nalanda,Bihar,25.1100,85.5200
803116,Nalanda,Bihar,25.0500,85.4000
803117,Nalanda,Bihar,25.0886,85.4200
803118,Nalanda,Bihar,25.2267,85.5172
803119,Nalanda,Bihar,25.2550,85.5764
803120,Nalanda,Bihar,25.2600,85.4200
803121,Nalanda,Bihar,25.1900,85.5200
803201,Patna,Bihar,25.4700,85.2703
803202,Patna,Bihar,25.5502,85.1448
803203,Patna,Bihar,25.5941,85.1417
803211,Patna,Bihar,25.4500,85.6100
803212,Patna,Bihar,25.4900,85.2800
803213,Patna,Bihar,25.4900,85.1463
803214,Patna,Bihar,,
803215,Patna,Bihar,25.1900,85.5200
803216,Nalanda,Bihar,25.1700,85.5500
803221,Patna,Bihar,25.1241,85.4595
803301,Patna,Bihar,,
803302,Patna,Bihar,,
803303,Patna,Bihar,,
803306,Patna,Bihar,,
803307,Patna,Bihar,,
804401,Arwal,Bihar,25.2850,84.7000
804402,Arwal,Bihar,24.7400,84.9400
804403,Gaya,Bihar,24.6867,84.6689
804404,Gaya,Bihar,24.7400,84.7000
804405,Jehanabad,Bihar,25.2139,84.9896
804406,Jehanabad,Bihar,25.2139,84.9896
804407,Jehanabad,Bihar,25.2275,84.7000
804408,Jehanabad,Bihar,25.2284,84.9950
804417,Jehanabad,Bihar,25.2139,84.9896
804418,Jehanabad,Bihar,25.2139,84.9896
804419,Arwal,Bihar,25.1300,84.7310
804420,Jehanabad,Bihar,25.2139,84.9896
804421,Arwal,Bihar,25.1239,85.0213
804422,Jehanabad,Bihar,25.2139,84.9896
804423,Arwal,Bihar,25.0089,84.9268
804424,Jehanabad,Bihar,25.2139,84.9896
804425,Jehanabad,Bihar,25.2139,84.9896
804426,Arwal,Bihar,25.2125,84.9615
804427,Jehanabad,Bihar,25.2139,84.9896
804428,Arwal,Bihar,25.1515,84.6100
804429,Jehanabad,Bihar,25.2139,84.9896
804432,Jehanabad,Bihar,25.2139,84.9896
804435,Gaya,Bihar,24.8823,84.9884
804451,Patna,Bihar,25.3500,85.1326
804452,Patna,Bihar,25.2897,85.1458
804453,Patna,Bihar,25.3500,85.2517
804454,Patna,Bihar,25.2127,85.2143
805101,Nawada,Bihar,24.8407,85.4659
805102,Nawada,Bihar,24.7820,85.6912
805103,Nawada,Bihar,24.8324,85.4149
805104,Nawada,Bihar,24.9155,85.5909
805105,Nalanda,Bihar,25.0820,85.6346
805106,Nawada,Bihar,24.8327,85.8839
805107,Nawada,Bihar,24.8386,85.7333
805108,Nawada,Bihar,25.0940,85.6362
805109,Nawada,Bihar,24.9398,85.4312
805110,Nawada,Bihar,24.8870,85.5350
805111,Nawada,Bihar,24.8835,85.5333
805112,Nawada,Bihar,24.8835,85.5333
805113,Nawada,Bihar,25.0647,85.7198
805114,Nawada,Bihar,24.8833,85.5333
805121,Nawada,Bihar,24.8344,85.5619
805122,Nawada,Bihar,24.7735,85.4292
805123,Nawada,Bihar,24.9567,85.5316
805124,Nawada,Bihar,24.9580,85.7375
805125,Nawada,Bihar,24.6470,85.4952
805126,Nawada,Bihar,24.7470,85.5362
805127,Nawada,Bihar,24.6549,85.4076
805128,Gaya,Bihar,24.7544,85.2608
805129,Nawada,Bihar,24.8104,85.3098
805130,Nawada,Bihar,24.8009,85.2440
805131,Gaya,Bihar,24.8009,85.2440
805132,Nawada,Bihar,24.9580,85.7375
811101,Sheikhpura,Bihar,25.2170,85.7428
811102,Sheikhpura,Bihar,25.1418,85.8618
811103,Sheikhpura,Bihar,25.1418,85.8618
811104,Nalanda,Bihar,25.1963,85.5211
811105,Sheikhpura,Bihar,25.1414,85.8481
811106,Lakhisarai,Bihar,25.2597,86.2314
811107,Sheikhpura,Bihar,25.1717,86.1039
811112,Lakhisarai,Bihar,25.1678,86.1139
811201,Munger,Bihar,25.3726,86.4903
811202,Munger,Bihar,25.3870,86.4820
811211,Munger,Bihar,25.1658,86.3439
811212,Munger,Bihar,,
811213,Munger,Bihar,25.1217,86.5498
811214,Munger,Bihar,,
811301,Jamui,Bihar,24.9288,86.2262
811302,Lakhisarai,Bihar,25.2836,86.0173
811303,Jamui,Bihar,24.5504,86.3885
811304,Sheikhpura,Bihar,25.1418,85.8618
811305,Jamui,Bihar,24.9288,86.2262
811307,Jamui,Bihar,24.9288,86.2262
811308,Jamui,Bihar,24.7708,86.3834
811309,Lakhisarai,Bihar,25.3726,86.4905
811310,Lakhisarai,Bihar,25.1678,86.1139
811311,Lakhisarai,Bihar,25.1697,86.0954
811312,Jamui,Bihar,24.9288,86.2262
811313,Jamui,Bihar,24.9513,86.1924
811314,Jamui,Bihar,24.5527,86.1314
811315,Jamui,Bihar,24.9288,86.2262
811316,Jamui,Bihar,24.5528,86.1312
811317,Jamui,Bihar,24.8994,86.2131
812001,Bhagalpur,Bihar,25.2497,86.9870
812002,Bhagalpur,Bihar,25.2428,86.9731
812003,Bhagalpur,Bihar,25.2497,86.9870
812004,Bhagalpur,Bihar,25.2449,86.9857
812005,Bhagalpur,Bihar,25.2449,86.9857
812006,Bhagalpur,Bihar,25.2110,86.9880
812007,Bhagalpur,Bihar,25.2410,86.9529
813101,Banka,Bihar,25.0060,86.9122
813102,Supaul,Bihar,26.1573,86.7963
813103,Banka,Bihar,24.8931,86.8047
813104,Banka,Bihar,25.0848,86.8650
813105,Banka,Bihar,,
813106,Banka,Bihar,24.7567,86.6617
813107,Banka,Bihar,,
813108,Bhagalpur,Bihar,24.9085,86.9346
813109,Banka,Bihar,24.9686,86.9730
813110,Banka,Bihar,24.8764,87.0136
813201,Munger,Bihar,25.3289,86.7864
813202,Banka,Bihar,24.9280,86.6427
813203,Bhagalpur,Bihar,25.2657,87.2561
813204,Bhagalpur,Bihar,25.2272,87.2139
813205,Bhagalpur,Bihar,25.2129,87.1618
813206,Bhagalpur,Bihar,,
813207,Banka,Bihar,24.9554,86.6979
813208,Godda,Jharkhand,25.0328,87.5900
813209,Bhagalpur,Bihar,25.2285,87.0677
813210,Bhagalpur,Bihar,25.2514,87.2010
813211,Banka,Bihar,25.0804,86.7303
813212,Banka,Bihar,,
813213,Bhagalpur,Bihar,25.2459,86.8598
813214,Bhagalpur,Bihar,25.2497,86.9870
813221,Munger,Bihar,25.0953,86.6649
813222,Bhagalpur,Bihar,25.0607,86.9870
814101,Dumka,Jharkhand,24.2445,87.2417
814102,Dumka,Jharkhand,24.5438,87.2500
814103,Dumka,Jharkhand,24.3761,87.4715
814110,Dumka,Jharkhand,24.3476,87.1485
814111,Pakur,Jharkhand,24.5159,87.5614
814112,Deoghar,Jharkhand,24.4904,86.6906
814113,Deoghar,Jharkhand,24.5493,86.8154
814114,Deoghar,Jharkhand,24.4833,86.6950
814115,Deoghar,Jharkhand,24.4904,86.6906
814116,Deoghar,Jharkhand,24.4904,86.6906
814118,Dumka,Jharkhand,24.3635,87.0936
814119,Dumka,Jharkhand,24.4819,87.1784
814120,Dumka,Jharkhand,24.4932,86.7844
814131,Banka,Bihar,24.7934,86.9298
814133,Godda,Jharkhand,24.8256,87.1731
814141,Dumka,Jharkhand,24.4049,87.0764
814142,Deoghar,Jharkhand,24.4904,86.6906
814143,Deoghar,Jharkhand,24.4904,86.7000
814144,Dumka,Jharkhand,24.0990,87.2910
814145,Dumka,Jharkhand,24.5083,87.1526
814146,Deoghar,Jharkhand,24.1502,86.6397
814147,Godda,Jharkhand,24.9389,87.3476
814148,Dumka,Jharkhand,24.0346,87.4170
814149,Deoghar,Jharkhand,24.2329,86.8659
814150,Deoghar,Jharkhand,24.3667,86.8140
814151,Dumka,Jharkhand,24.5801,87.0106
814152,Deoghar,Jharkhand,24.4753,86.6411
814153,Godda,Jharkhand,24.6745,87.2300
814154,Godda,Jharkhand,25.0931,87.3838
814155,Godda,Jharkhand,24.9985,87.2051
814156,Godda,Jharkhand,24.8940,86.9296
814157,Deoghar,Jharkhand,24.4918,86.8452
814158,Dumka,Jharkhand,24.2760,87.2600
814160,Godda,Jharkhand,24.6023,87.0217
814165,Godda,Jharkhand,,
814166,Jamtara,Jharkhand,24.1073,87.0174
814167,Dumka,Jharkhand,24.2445,87.2417
815301,Giridih,Jharkhand,24.1879,86.3076
815302,Giridih,Jharkhand,24.1863,86.2351
815311,Giridih,Jharkhand,24.1000,86.1400
815312,Giridih,Jharkhand,24.2904,86.3549
815313,Giridih,Jharkhand,24.1391,86.3391
815314,Giridih,Jharkhand,24.1684,86.3218
815315,Giridih,Jharkhand,24.1797,86.3022
815316,Giridih,Jharkhand,24.2875,86.3208
815317,Giridih,Jharkhand,24.3449,86.0587
815318,Giridih,Jharkhand,24.1807,86.3124
815351,Jamtara,Jharkhand,23.9703,86.8374
815352,Jamtara,Jharkhand,24.2884,86.5270
815353,Deoghar,Jharkhand,24.2530,86.6479
815354,Jamtara,Jharkhand,23.8729,86.8779
815355,Jamtara,Jharkhand,24.0385,86.8270
815357,Deoghar,Jharkhand,24.1258,86.7454
815359,Jamtara,Jharkhand,23.9584,87.1985
816101,Sahebganj,Jharkhand,24.8940,87.7986
816102,Sahebganj,Jharkhand,24.8896,87.6075
816103,Dumka,Jharkhand,24.2385,87.4756
816104,Pakur,Jharkhand,24.6925,87.6162
816105,Sahebganj,Jharkhand,24.8098,87.7925
816106,Pakur,Jharkhand,24.4810,87.7579
816107,Pakur,Jharkhand,24.6372,87.8108
816108,Sahebganj,Jharkhand,25.0519,87.8295
816109,Sahebganj,Jharkhand,25.2451,87.6125
816110,Sahebganj,Jharkhand,24.7151,87.6277
816115,Sahebganj,Jharkhand,,
816116,Sahebganj,Jharkhand,25.0519,87.7754
816117,Pakur,Jharkhand,24.3484,87.7000
816118,Dumka,Jharkhand,24.2415,87.4539
816120,Sahebganj,Jharkhand,25.0159,87.6022
816129,Sahebganj,Jharkhand,25.1020,87.7333
821101,Kaimur (bhabua),Bihar,25.0390,83.6135
821102,Kaimur (bhabua),Bihar,24.9404,83.6100
821103,Kaimur (bhabua),Bihar,25.0657,83.5150
821104,Rohtas,Bihar,24.9146,83.8241
821105,Kaimur (bhabua),Bihar,25.2502,83.5383
821106,Kaimur (bhabua),Bihar,25.0472,83.4403
821107,Rohtas,Bihar,25.0956,83.9202
821108,Kaimur (bhabua),Bihar,24.9480,83.6625
821109,Kaimur (bhabua),Bihar,25.1247,83.6694
821110,Kaimur (bhabua),Bihar,25.2131,83.6122
821111,Rohtas,Bihar,24.9738,83.9202
821112,Rohtas,Bihar,25.2323,83.9202
821113,Rohtas,Bihar,24.8841,83.9202
821115,Rohtas,Bihar,24.9500,84.0333
821301,Rohtas,Bihar,25.0234,84.1613
821302,Rohtas,Bihar,24.7058,84.0037
821303,Rohtas,Bihar,24.6736,84.0075
821304,Rohtas,Bihar,24.6138,83.9162
821305,Rohtas,Bihar,24.9376,84.0993
821306,Rohtas,Bihar,24.9778,84.2632
821307,Rohtas,Bihar,24.9014,84.1839
821308,Rohtas,Bihar,24.8342,84.1371
821309,Rohtas,Bihar,25.1356,84.3949
821310,Rohtas,Bihar,25.0565,84.2896
821311,Rohtas,Bihar,24.6287,83.9202
821312,Rohtas,Bihar,24.8629,83.9817
822101,Palamu,Jharkhand,24.0409,84.0572
822102,Palamu,Jharkhand,24.0396,84.0947
822110,Palamu,Jharkhand,24.0259,84.0326
822111,Latehar,Jharkhand,23.8468,84.1118
822112,Garhwa,Jharkhand,24.1732,83.8087
822113,Palamu,Jharkhand,24.3697,84.1936
822114,Garhwa,Jharkhand,24.1669,83.8136
822115,Palamu,Jharkhand,24.2140,83.8874
822116,Palamu,Jharkhand,,
822117,Palamu,Jharkhand,,
822118,Palamu,Jharkhand,24.0489,84.2634
822119,Latehar,Jharkhand,23.7438,84.5043
822120,Garhwa,Jharkhand,24.4328,83.8659
822121,Garhwa,Jharkhand,24.2257,83.5383
822122,Palamu,Jharkhand,24.0372,84.4395
822123,Palamu,Jharkhand,24.1922,84.1778
822124,Palamu,Jharkhand,24.2091,83.9064
822125,Garhwa,Jharkhand,24.1248,83.8806
822126,Palamu,Jharkhand,23.9322,84.2411
822128,Garhwa,Jharkhand,24.1875,83.7075
822129,Garhwa,Jharkhand,24.3818,83.6121
822131,Palamu,Jharkhand,24.0376,84.0636
822132,Palamu,Jharkhand,24.3093,83.9519
822133,Garhwa,Jharkhand,24.1732,83.7996
822134,Garhwa,Jharkhand,24.2720,83.8102
823001,Gaya,Bihar,24.7955,85.0030
823002,Gaya,Bihar,24.8005,84.9948
823003,Gaya,Bihar,24.6867,84.9438
823004,Gaya,Bihar,24.6867,84.9438
823005,Gaya,Bihar,24.7938,85.0081
823311,Gaya,Bihar,24.6242,84.9438
824101,Aurangabad,Bihar,,
824102,Aurangabad,Bihar,19.8762,75.3433
824103,Aurangabad,Bihar,19.8762,75.3433
824111,Aurangabad,Bihar,19.8762,75.3433
824112,Aurangabad,Bihar,19.8762,75.3433
824113,Aurangabad,Bihar,19.8762,75.3433
824114,Aurangabad,Bihar,19.8762,75.3433
824115,Aurangabad,Bihar,19.8762,75.3433
824116,Gaya,Bihar,24.8845,84.6976
824118,Gaya,Bihar,24.6242,84.6731
824120,Aurangabad,Bihar,19.8762,75.3433
824121,Aurangabad,Bihar,19.8762,75.3433
824122,Aurangabad,Bihar,19.8762,75.3433
824123,Aurangabad,Bihar,19.8762,75.3433
824124,Aurangabad,Bihar,19.8762,75.3433
824125,Aurangabad,Bihar,19.8762,75.3433
824127,Arwal,Bihar,,
824129,Aurangabad,Bihar,19.8762,75.3433
824143,Aurangabad,Bihar,19.8762,75.3433
824201,Gaya,Bihar,24.4568,85.1389
824202,Aurangabad,Bihar,,
824203,Aurangabad,Bihar,19.8762,75.3433
824205,Gaya,Bihar,24.6696,84.7720
824206,Gaya,Bihar,24.4537,84.5843
824207,Gaya,Bihar,24.7213,84.8568
824208,Aurangabad,Bihar,19.8762,75.3433
824209,Gaya,Bihar,24.6242,84.9438
824210,Gaya,Bihar,24.4382,84.5916
824211,Gaya,Bihar,24.5582,84.7914
824217,Gaya,Bihar,24.5351,84.7051
824219,Gaya,Bihar,24.6259,84.6575
824220,Gaya,Bihar,24.4568,85.1389
824221,Gaya,Bihar,24.4538,84.5843
824231,Gaya,Bihar,24.6867,84.9438
824232,Gaya,Bihar,24.6242,84.9438
824233,Gaya,Bihar,24.9675,85.0922
824234,Gaya,Bihar,24.6867,84.9438
824235,Gaya,Bihar,24.6867,84.9438
824236,Gaya,Bihar,24.6242,84.9438
824237,Gaya,Bihar,24.6867,84.9438
824301,Aurangabad,Bihar,19.8762,75.3433
824302,Aurangabad,Bihar,19.8762,75.3433
824303,Aurangabad,Bihar,19.8762,75.3433
824304,Aurangabad,Bihar,,
825101,Ramgarh,Jharkhand,23.6277,85.5105
825102,Bokaro,Jharkhand,23.7837,85.9441
825103,Chatra,Jharkhand,24.0614,85.1439
825106,Giridih,Jharkhand,24.0829,86.1625
825108,Giridih,Jharkhand,24.1741,86.3120
825109,Koderma,Jharkhand,24.3764,85.6102
825132,Koderma,Jharkhand,24.4713,85.6615
825167,Giridih,Jharkhand,,
825301,Hazaribagh,Jharkhand,23.9937,85.3651
825302,Hazaribagh,Jharkhand,23.9823,85.3927
825303,Hazaribagh,Jharkhand,23.9938,85.3927
825311,Hazaribagh,Jharkhand,23.8535,85.2165
825312,Hazaribagh,Jharkhand,23.9932,85.7542
825313,Hazaribagh,Jharkhand,24.0043,85.4636
825314,Ramgarh,Jharkhand,23.9098,85.4820
825315,Bokaro,Jharkhand,,
825316,Ramgarh,Jharkhand,23.7272,85.5096
825317,Hazaribagh,Jharkhand,24.0265,85.4659
825318,Koderma,Jharkhand,24.3212,85.8345
825319,Hazaribagh,Jharkhand,24.1090,85.2722
825320,Giridih,Jharkhand,24.1740,85.8893
825321,Chatra,Jharkhand,23.8581,85.0275
825322,Giridih,Jharkhand,24.1318,86.0838
825323,Hazaribagh,Jharkhand,24.0316,85.3546
825324,Giridih,Jharkhand,24.2469,85.9177
825325,Ramgarh,Jharkhand,23.9078,85.5136
825326,Ramgarh,Jharkhand,23.8487,85.4659
825329,Giridih,Jharkhand,23.9295,86.1548
825330,Ramgarh,Jharkhand,23.6243,85.4953
825336,Hazaribagh,Jharkhand,23.8623,85.4220
825401,Chatra,Jharkhand,24.2062,84.8709
825402,Hazaribagh,Jharkhand,24.0886,85.1363
825403,Chatra,Jharkhand,24.4367,84.8136
825404,Chatra,Jharkhand,24.2959,84.6536
825405,Hazaribagh,Jharkhand,24.2601,85.4910
825406,Hazaribagh,Jharkhand,24.3867,85.2520
825407,Koderma,Jharkhand,24.4719,85.6871
825408,Chatra,Jharkhand,24.2772,85.2384
825409,Koderma,Jharkhand,24.4502,85.4496
825410,Koderma,Jharkhand,24.4681,85.5916
825411,Hazaribagh,Jharkhand,24.2003,85.3555
825412,Giridih,Jharkhand,24.2883,86.1498
825413,Koderma,Jharkhand,24.3485,85.6690
825414,Chatra,Jharkhand,24.4336,84.8145
825415,Chatra,Jharkhand,23.8466,85.0239
825418,Koderma,Jharkhand,24.4681,85.5916
825421,Koderma,Jharkhand,24.2747,85.7935
826001,Dhanbad,Jharkhand,23.7967,86.4339
826003,Dhanbad,Jharkhand,23.8068,86.4482
826004,Dhanbad,Jharkhand,23.7957,86.4304
826005,Dhanbad,Jharkhand,23.8075,86.4669
826006,Dhanbad,Jharkhand,23.8335,86.3691
826007,Dhanbad,Jharkhand,23.7803,86.4343
826008,Dhanbad,Jharkhand,23.7957,86.4304
826009,Dhanbad,Jharkhand,23.8306,86.5556
826010,Dhanbad,Jharkhand,,
826011,Dhanbad,Jharkhand,23.7968,86.4341
827001,Bokaro,Jharkhand,23.6576,86.1501
827003,Bokaro,Jharkhand,23.6578,86.1395
827004,Bokaro,Jharkhand,23.6737,86.1476
827006,Bokaro,Jharkhand,23.6777,86.1750
827009,Bokaro,Jharkhand,23.6613,86.1473
827010,Bokaro,Jharkhand,23.6514,86.1147
827012,Bokaro,Jharkhand,23.6396,86.1442
827013,Bokaro,Jharkhand,23.6352,86.1886
827014,Bokaro,Jharkhand,23.6668,86.0667
827015,Bokaro,Jharkhand,23.6600,86.0860
827016,Bokaro,Jharkhand,23.6575,86.1392
827302,Bokaro,Jharkhand,23.6098,86.1131
828101,Dhanbad,Jharkhand,23.7843,86.4304
828103,Dhanbad,Jharkhand,23.7696,86.3175
828104,Dhanbad,Jharkhand,23.7998,86.4124
828105,Dhanbad,Jharkhand,23.8186,86.3841
828106,Dhanbad,Jharkhand,23.7876,86.4217
828107,Dhanbad,Jharkhand,23.6500,86.4883
828108,Dhanbad,Jharkhand,23.6929,86.4166
828109,Dhanbad,Jharkhand,23.7957,86.4304
828110,Dhanbad,Jharkhand,23.7560,86.4222
828111,Dhanbad,Jharkhand,23.7609,86.4139
828112,Dhanbad,Jharkhand,23.6953,86.2575
828113,Dhanbad,Jharkhand,23.7957,86.3010
828114,Dhanbad,Jharkhand,23.8047,86.3615
828115,Dhanbad,Jharkhand,23.7023,86.4312
828116,Dhanbad,Jharkhand,23.7750,86.3809
828117,Dhanbad,Jharkhand,23.7522,86.3935
828119,Dhanbad,Jharkhand,23.6854,86.4258
828120,Dhanbad,Jharkhand,23.7967,86.4339
828121,Dhanbad,Jharkhand,23.7793,86.3202
828122,Dhanbad,Jharkhand,23.6745,86.4902
828123,Dhanbad,Jharkhand,23.6572,86.4742
828124,Dhanbad,Jharkhand,23.6679,86.4980
828125,Dhanbad,Jharkhand,23.7896,86.2634
828126,Dhanbad,Jharkhand,23.6558,86.4407
828127,Dhanbad,Jharkhand,23.8161,86.4598
828128,Dhanbad,Jharkhand,23.7891,86.2509
828129,Dhanbad,Jharkhand,23.7957,86.4304
828130,Dhanbad,Jharkhand,23.8068,86.4169
828131,Dhanbad,Jharkhand,23.7307,86.4208
828132,Dhanbad,Jharkhand,23.6831,86.4343
828133,Dhanbad,Jharkhand,23.6912,86.4232
828134,Bokaro,Jharkhand,23.6556,86.1640
828135,Dhanbad,Jharkhand,23.6649,86.4451
828142,Dhanbad,Jharkhand,23.7957,86.4304
828201,Dhanbad,Jharkhand,23.7957,86.4304
828202,Dhanbad,Jharkhand,23.7957,86.4304
828203,Dhanbad,Jharkhand,23.7707,86.6112
828204,Dhanbad,Jharkhand,23.7627,86.5497
828205,Dhanbad,Jharkhand,23.7957,86.4304
828206,Dhanbad,Jharkhand,23.6933,86.7618
828207,Dhanbad,Jharkhand,23.7733,86.7945
828301,Dhanbad,Jharkhand,23.7956,86.4304
828302,Dhanbad,Jharkhand,23.6982,86.3988
828303,Bokaro,Jharkhand,23.6255,86.4312
828304,Dhanbad,Jharkhand,23.7891,86.3619
828305,Dhanbad,Jharkhand,23.7300,86.3000
828306,Dhanbad,Jharkhand,23.7957,86.4304
828307,Dhanbad,Jharkhand,23.6854,86.3439
828309,Dhanbad,Jharkhand,23.7967,86.4129
828401,Dhanbad,Jharkhand,23.8583,86.1650
828402,Dhanbad,Jharkhand,23.8200,86.4304
828403,Bokaro,Jharkhand,23.7481,86.1178
828404,Bokaro,Jharkhand,23.7642,86.1421
829101,Ramgarh,Jharkhand,23.6697,85.4653
829102,Ramgarh,Jharkhand,23.6277,85.5105
829103,Ramgarh,Jharkhand,23.6065,85.4640
829104,Bokaro,Jharkhand,23.7673,85.9875
829105,Ramgarh,Jharkhand,23.6332,85.4534
829106,Ramgarh,Jharkhand,23.6293,85.5182
829107,Bokaro,Jharkhand,23.7848,85.9256
829108,Ramgarh,Jharkhand,23.6836,85.3718
829109,Ramgarh,Jharkhand,23.6762,85.3705
829110,Ramgarh,Jharkhand,23.5537,85.7503
829111,Bokaro,Jharkhand,23.7987,85.9001
829112,Bokaro,Jharkhand,23.7385,85.9878
829113,Bokaro,Jharkhand,23.7667,85.9167
829114,Bokaro,Jharkhand,23.7640,85.9474
829116,Bokaro,Jharkhand,23.7712,85.8879
829117,Ramgarh,Jharkhand,23.6773,85.5243
829118,Ramgarh,Jharkhand,23.7012,85.3060
829119,Ramgarh,Jharkhand,23.6313,85.2922
829121,Bokaro,Jharkhand,23.6002,85.8500
829122,Ramgarh,Jharkhand,23.6321,85.5142
829123,Bokaro,Jharkhand,23.7168,85.8335
829125,Ramgarh,Jharkhand,23.6881,85.3203
829126,Ramgarh,Jharkhand,23.6750,85.3457
829127,Bokaro,Jharkhand,23.7685,85.9117
829128,Bokaro,Jharkhand,,
829129,Ramgarh,Jharkhand,23.6846,85.3682
829130,Ramgarh,Jharkhand,23.6289,85.5048
829131,Ramgarh,Jharkhand,23.6326,85.5051
829132,Bokaro,Jharkhand,,
829133,Ramgarh,Jharkhand,23.6600,85.3422
829134,Ramgarh,Jharkhand,23.6349,85.5614
829135,Ramgarh,Jharkhand,23.6629,85.3730
829143,Ramgarh,Jharkhand,23.6277,85.3188
829144,Bokaro,Jharkhand,23.7673,85.9875
829149,Bokaro,Jharkhand,23.7196,85.6983
829150,Ramgarh,Jharkhand,23.7076,85.7593
829201,Chatra,Jharkhand,,
829202,Latehar,Jharkhand,23.8350,84.7807
829203,Latehar,Jharkhand,23.6693,84.7379
829204,Latehar,Jharkhand,23.7438,84.5043
829205,Ranchi,Jharkhand,23.6561,84.9921
829206,Latehar,Jharkhand,23.7438,84.5043
829207,Latehar,Jharkhand,23.7438,84.5043
829208,Ranchi,Jharkhand,23.6499,84.9440
829209,Ranchi,Jharkhand,23.6791,85.0535
829210,Ranchi,Jharkhand,23.6698,85.0211
829301,Bokaro,Jharkhand,23.6908,86.1131
831001,East Singhbum,Jharkhand,22.8025,86.1971
831002,East Singhbum,Jharkhand,22.7960,86.2002
831003,East Singhbum,Jharkhand,22.8025,86.1971
831004,East Singhbum,Jharkhand,22.8025,86.1971
831005,East Singhbum,Jharkhand,22.8025,86.1971
831006,East Singhbum,Jharkhand,22.8025,86.1971
831007,East Singhbum,Jharkhand,22.8025,86.1971
831009,East Singhbum,Jharkhand,22.8025,86.1971
831011,East Singhbum,Jharkhand,22.8025,86.1971
831012,East Singhbum,Jharkhand,22.8025,86.2192
831013,Saraikela Kharsawan,Jharkhand,22.8025,86.1971
831014,Saraikela Kharsawan,Jharkhand,22.8025,86.1971
831015,East Singhbum,Jharkhand,22.8025,86.1971
831016,East Singhbum,Jharkhand,22.8025,86.1971
831017,East Singhbum,Jharkhand,22.8025,86.1971
831019,East Singhbum,Jharkhand,22.8025,86.1971
831020,East Singhbum,Jharkhand,22.8025,86.1971
831021,East Singhbum,Jharkhand,22.7626,86.2056
832101,East Singhbum,Jharkhand,22.5035,86.4542
832102,East Singhbum,Jharkhand,22.6405,86.3234
832103,East Singhbum,Jharkhand,22.8025,86.1971
832104,East Singhbum,Jharkhand,22.5127,86.4226
832105,East Singhbum,Jharkhand,22.8651,86.4057
832106,East Singhbum,Jharkhand,22.7473,86.2705
832107,East Singhbum,Jharkhand,22.8025,86.1971
832108,Saraikela Kharsawan,Jharkhand,22.8071,86.1319
832109,Saraikela Kharsawan,Jharkhand,22.8025,86.1971
832111,East Singhbum,Jharkhand,22.8025,86.1971
832112,East Singhbum,Jharkhand,22.9601,86.2707
832113,East Singhbum,Jharkhand,22.6203,86.1586
832301,East Singhbum,Jharkhand,22.5304,86.7054
832302,East Singhbum,Jharkhand,22.4561,86.5696
832303,East Singhbum,Jharkhand,22.6197,86.5149
832304,East Singhbum,Jharkhand,22.6575,86.4162
832401,Saraikela Kharsawan,Jharkhand,22.9780,86.1194
832402,Saraikela Kharsawan,Jharkhand,22.8086,86.1128
832403,Saraikela Kharsawan,Jharkhand,22.7023,85.9279
832404,Saraikela Kharsawan,Jharkhand,22.9067,85.9279
833101,Saraikela Kharsawan,Jharkhand,22.7342,85.8080
833102,West Singhbhum,Jharkhand,22.7123,85.6689
833103,West Singhbhum,Jharkhand,22.5125,85.4123
833104,West Singhbhum,Jharkhand,22.5862,85.8051
833105,West Singhbhum,Jharkhand,22.5756,85.5020
833106,West Singhbhum,Jharkhand,22.5461,85.8080
833201,West Singhbhum,Jharkhand,22.5461,85.8080
833202,West Singhbhum,Jharkhand,22.5188,85.8144
833203,West Singhbhum,Jharkhand,22.3524,85.7583
833204,West Singhbhum,Jharkhand,22.5862,85.8051
833212,West Singhbhum,Jharkhand,22.5461,85.8080
833213,West Singhbhum,Jharkhand,22.5461,85.8080
833214,West Singhbhum,Jharkhand,22.2639,85.7751
833215,West Singhbhum,Jharkhand,22.4181,85.7169
833216,Saraikela Kharsawan,Jharkhand,22.8259,85.7751
833217,West Singhbhum,Jharkhand,22.5461,85.8080
833218,West Singhbhum,Jharkhand,22.2518,85.5834
833219,Saraikela Kharsawan,Jharkhand,22.6819,86.1402
833220,Saraikela Kharsawan,Jharkhand,22.7023,85.9279
833221,West Singhbhum,Jharkhand,22.4000,85.6187
833222,West Singhbhum,Jharkhand,22.5461,85.8080
833223,West Singhbhum,Jharkhand,22.5461,85.8080
834001,Ranchi,Jharkhand,23.3665,85.3222
834002,Ranchi,Jharkhand,23.3404,85.3156
834003,Ranchi,Jharkhand,23.3212,85.3111
834004,Ranchi,Jharkhand,23.3094,85.2763
834005,Ranchi,Jharkhand,23.3848,85.2872
834006,Ranchi,Jharkhand,23.4438,85.3160
834007,Ranchi,Jharkhand,23.3317,85.2826
834008,Ranchi,Jharkhand,23.3953,85.3226
834009,Ranchi,Jharkhand,23.3940,85.3529
834010,Ranchi,Jharkhand,23.3322,85.3568
834011,Ranchi,Jharkhand,23.3665,85.3273
834012,Ranchi,Jharkhand,23.4102,85.4009
834013,Ranchi,Jharkhand,23.3441,85.3096
834014,Ranchi,Jharkhand,23.3039,85.3042
835101,Ranchi,Jharkhand,23.4429,85.5879
835102,Ranchi,Jharkhand,23.3261,85.7102
835103,Ranchi,Jharkhand,23.3905,85.4762
835201,Simdega,Jharkhand,22.6314,84.8885
835202,Ranchi,Jharkhand,23.3400,85.3000
835203,Gumla,Jharkhand,23.2233,84.8840
835204,Ranchi,Jharkhand,23.2100,85.5867
835205,Ranchi,Jharkhand,23.5000,85.1910
835206,Gumla,Jharkhand,23.0900,84.3156
835207,Gumla,Jharkhand,23.0432,84.5515
835208,Gumla,Jharkhand,23.2281,84.5471
835209,Khunti,Jharkhand,23.1814,85.1265
835210,Khunti,Jharkhand,23.0698,85.2438
835211,Simdega,Jharkhand,22.6773,84.7786
835212,Simdega,Jharkhand,22.6209,84.4265
835213,Lohardaga,Jharkhand,23.5276,84.7551
835214,Ranchi,Jharkhand,23.5048,85.1077
835215,Ranchi,Jharkhand,23.4119,85.4412
835216,Khunti,Jharkhand,22.9478,85.2838
835217,Ranchi,Jharkhand,23.4475,85.4040
835218,Gumla,Jharkhand,,
835219,Ranchi,Jharkhand,23.4844,85.4724
835220,Gumla,Jharkhand,22.9330,84.5812
835221,Ranchi,Jharkhand,23.2663,85.2916
835222,Ranchi,Jharkhand,23.4170,85.2334
835223,Simdega,Jharkhand,22.6151,84.4960
835224,Gumla,Jharkhand,23.1173,84.7028
835225,Ranchi,Jharkhand,23.1980,85.5638
835226,Simdega,Jharkhand,22.4785,84.4960
835227,Khunti,Jharkhand,22.9348,85.1088
835228,Simdega,Jharkhand,22.6522,84.4960
835229,Gumla,Jharkhand,23.0441,84.6663
835230,Gumla,Jharkhand,23.1493,84.1778
835231,Gumla,Jharkhand,23.3075,84.4573
835232,Gumla,Jharkhand,22.9897,84.4593
835233,Gumla,Jharkhand,23.1327,84.5379
835234,Ranchi,Jharkhand,23.1524,85.0311
835235,Simdega,Jharkhand,22.6151,84.4960
835301,Ranchi,Jharkhand,23.3673,85.0689
835302,Lohardaga,Jharkhand,23.4449,84.6899
835303,Ranchi,Jharkhand,23.3159,85.1583
835325,Lohardaga,Jharkhand,23.4316,84.8411
841101,Saran,Bihar,25.6943,85.1784
841201,Saran,Bihar,25.9126,84.5510
841202,Saran,Bihar,25.7989,84.9464
841203,Siwan,Bihar,26.2270,84.3564
841204,Saran,Bihar,26.0182,84.4973
841205,Saran,Bihar,25.8976,84.4996
841206,Saran,Bihar,25.9024,84.5058
841207,Saran,Bihar,25.7447,85.0138
841208,Saran,Bihar,25.9651,84.5353
841209,Saran,Bihar,25.8928,84.4934
841210,Siwan,Bihar,25.9407,84.3975
841211,Saran,Bihar,25.9585,85.0052
841212,Saran,Bihar,25.9867,84.4829
841213,Saran,Bihar,25.8067,84.6862
841214,Saran,Bihar,25.8528,84.6349
841215,Saran,Bihar,25.9593,85.0311
841216,Saran,Bihar,25.7515,84.8909
841217,Saran,Bihar,25.7655,85.0860
841218,Saran,Bihar,25.9121,84.9226
841219,Saran,Bihar,25.8860,85.0273
841220,Saran,Bihar,25.9810,84.5755
841221,Saran,Bihar,25.7682,85.0336
841222,Saran,Bihar,25.8591,84.9728
841223,Saran,Bihar,25.9024,84.5058
841224,Saran,Bihar,25.7846,84.7274
841225,Saran,Bihar,25.7719,84.9604
841226,Siwan,Bihar,26.2108,84.3556
841227,Siwan,Bihar,,
841231,Siwan,Bihar,26.1095,84.2934
841232,Siwan,Bihar,26.3194,84.4588
841233,Siwan,Bihar,26.0911,84.4616
841234,Siwan,Bihar,26.0782,84.1307
841235,Siwan,Bihar,26.2270,84.3564
841236,Siwan,Bihar,26.0760,84.3568
841237,Siwan,Bihar,26.3022,84.3672
841238,Siwan,Bihar,26.2270,84.3564
841239,Siwan,Bihar,26.2406,84.1554
841240,Siwan,Bihar,26.0778,84.6442
841241,Siwan,Bihar,26.1645,84.4149
841242,Siwan,Bihar,26.1317,84.6131
841243,Siwan,Bihar,26.3502,84.4556
841244,Siwan,Bihar,26.2196,84.3567
841245,Siwan,Bihar,26.1979,84.2553
841286,Siwan,Bihar,26.2270,84.3564
841287,Siwan,Bihar,26.0851,84.2140
841301,Saran,Bihar,25.7848,84.7379
841302,Saran,Bihar,25.7694,84.4851
841305,Saran,Bihar,25.7609,84.6741
841311,Saran,Bihar,25.8309,84.8615
841312,Saran,Bihar,25.7851,84.7348
841313,Saran,Bihar,25.8386,84.5792
841316,Saran,Bihar,25.8363,84.7185
841401,Saran,Bihar,25.9749,84.9258
841402,Saran,Bihar,25.9197,84.9426
841403,Saran,Bihar,25.9998,84.6890
841404,Siwan,Bihar,26.1986,84.6694
841405,Gopalganj,Bihar,26.4059,84.5903
841406,Siwan,Bihar,26.2270,84.3564
841407,Gopalganj,Bihar,26.2615,84.7446
841408,Siwan,Bihar,26.1777,84.0821
841409,Gopalganj,Bihar,26.2615,84.7446
841410,Saran,Bihar,26.1739,84.8107
841411,Saran,Bihar,25.8560,84.8568
841412,Saran,Bihar,25.8997,84.6926
841413,Siwan,Bihar,26.3079,84.5668
841414,Saran,Bihar,25.8583,84.7577
841415,Saran,Bihar,25.8810,84.8020
841416,Siwan,Bihar,26.2162,84.5132
841417,Saran,Bihar,26.1056,84.8031
841418,Saran,Bihar,25.9682,84.8620
841419,Saran,Bihar,25.9272,84.8294
841420,Gopalganj,Bihar,26.1803,84.8085
841421,Saran,Bihar,26.0588,84.8007
841422,Saran,Bihar,26.0399,84.6884
841423,Gopalganj,Bihar,26.3352,84.6662
841424,Saran,Bihar,26.0726,84.8839
841425,Gopalganj,Bihar,26.5255,84.3598
841426,Gopalganj,Bihar,26.4487,84.1092
841427,Gopalganj,Bihar,26.4685,84.4433
841428,Gopalganj,Bihar,26.4677,84.4403
841434,Siwan,Bihar,26.2562,84.6034
841435,Siwan,Bihar,26.2270,84.2934
841436,Gopalganj,Bihar,26.3540,84.2975
841437,Gopalganj,Bihar,26.5631,84.0796
841438,Gopalganj,Bihar,26.3600,84.3564
841439,Siwan,Bihar,25.9120,84.2128
841440,Gopalganj,Bihar,26.4368,84.3989
841441,Gopalganj,Bihar,26.4667,84.4332
841442,Saran,Bihar,25.8964,84.7498
841443,Saran,Bihar,25.9567,84.7864
841446,Siwan,Bihar,26.2270,84.3249
841447,Siwan,Bihar,26.2328,84.7109
841460,Saran,Bihar,25.9294,84.9753
841501,Gopalganj,Bihar,26.5575,84.3305
841502,Siwan,Bihar,26.0724,84.2589
841503,Gopalganj,Bihar,26.5913,84.3115
841504,Siwan,Bihar,26.2270,84.3564
841505,Gopalganj,Bihar,26.5248,84.3541
841506,Siwan,Bihar,26.2210,84.4912
841507,Siwan,Bihar,26.2196,84.3567
841508,Gopalganj,Bihar,26.5249,84.4403
841509,Siwan,Bihar,,
842001,Muzaffarpur,Bihar,26.1241,85.3794
842002,Muzaffarpur,Bihar,26.1209,85.3647
842003,Muzaffarpur,Bihar,26.1310,85.3642
842004,Muzaffarpur,Bihar,26.1706,85.3915
842005,Muzaffarpur,Bihar,26.1209,85.3647
842006,Muzaffarpur,Bihar,26.1264,85.3818
843101,Muzaffarpur,Bihar,26.0281,85.0993
843102,Muzaffarpur,Bihar,26.0325,85.4290
843103,Muzaffarpur,Bihar,26.1493,85.4924
843104,Vaishali,Bihar,25.9552,85.5882
843105,Muzaffarpur,Bihar,25.9956,85.5940
843106,Muzaffarpur,Bihar,26.3066,85.1146
843107,Muzaffarpur,Bihar,26.0301,84.9883
843108,Muzaffarpur,Bihar,26.1622,85.3705
843109,Muzaffarpur,Bihar,26.1219,85.3791
843110,Vaishali,Bihar,25.8573,85.4621
843111,Muzaffarpur,Bihar,26.1269,85.2916
843112,Muzaffarpur,Bihar,26.0978,85.0575
843113,Muzaffarpur,Bihar,26.1246,85.3524
843114,Vaishali,Bihar,25.7957,85.2088
843115,Muzaffarpur,Bihar,26.1209,85.3647
843116,Muzaffarpur,Bihar,26.2687,85.4285
843117,Sitamarhi,Bihar,26.2687,85.4285
843118,Muzaffarpur,Bihar,26.1209,85.3647
843119,Muzaffarpur,Bihar,26.0477,85.4853
843120,Muzaffarpur,Bihar,26.1728,85.0120
843121,Muzaffarpur,Bihar,25.9956,85.5940
843122,Muzaffarpur,Bihar,26.1471,85.1363
843123,Muzaffarpur,Bihar,26.1035,85.1239
843124,Muzaffarpur,Bihar,26.1971,85.1042
843125,Muzaffarpur,Bihar,26.1486,85.3647
843126,Muzaffarpur,Bihar,26.1544,85.0468
843127,Muzaffarpur,Bihar,26.2583,85.0597
843128,Muzaffarpur,Bihar,26.2528,85.3123
843129,Muzaffarpur,Bihar,26.2505,85.5123
843130,Muzaffarpur,Bihar,26.1253,85.1749
843131,Muzaffarpur,Bihar,26.2752,85.4287
843301,Sitamarhi,Bihar,26.5637,85.5243
843302,Sitamarhi,Bihar,26.5600,85.5200
843311,Sitamarhi,Bihar,26.3800,85.5000
843312,Muzaffarpur,Bihar,26.2839,85.5867
843313,Sitamarhi,Bihar,26.7307,85.3101
843314,Sitamarhi,Bihar,26.5030,85.6458
843315,Sitamarhi,Bihar,26.5030,85.5117
843316,Sitamarhi,Bihar,26.4303,85.4024
843317,Sitamarhi,Bihar,26.8473,85.5805
843318,Sitamarhi,Bihar,26.5637,85.5805
843319,Sitamarhi,Bihar,26.5221,85.7680
843320,Sitamarhi,Bihar,26.4834,85.7000
843321,Muzaffarpur,Bihar,26.2207,85.6409
843322,Sitamarhi,Bihar,26.6604,85.5817
843323,Sitamarhi,Bihar,26.4419,85.5174
843324,Sitamarhi,Bihar,26.7139,85.6767
843325,Sitamarhi,Bihar,26.4729,85.3600
843326,Sitamarhi,Bihar,26.4494,85.4834
843327,Sitamarhi,Bihar,26.6484,85.4496
843328,Sitamarhi,Bihar,26.4112,85.5071
843329,Sheohar,Bihar,26.5766,85.2299
843330,Sitamarhi,Bihar,26.8451,85.5805
843331,Sitamarhi,Bihar,26.4828,85.7200
843332,Sitamarhi,Bihar,26.7733,85.4234
843333,Sitamarhi,Bihar,26.4409,85.6653
843334,Sheohar,Bihar,26.7307,85.3101
843335,Sheohar,Bihar,26.6647,85.3054
843360,Muzaffarpur,Bihar,26.1209,85.3647
844101,Vaishali,Bihar,25.6914,85.2339
844102,Vaishali,Bihar,25.6946,85.2399
844103,Vaishali,Bihar,25.6947,85.2399
844111,Vaishali,Bihar,25.4142,85.5128
844112,Vaishali,Bihar,26.1209,85.3733
844113,Vaishali,Bihar,25.6737,85.3656
844114,Vaishali,Bihar,25.8598,85.3003
844115,Vaishali,Bihar,25.6737,85.3656
844116,Vaishali,Bihar,25.6737,85.3656
844117,Vaishali,Bihar,25.6916,85.2113
844118,Vaishali,Bihar,25.6737,85.3656
844119,Vaishali,Bihar,25.8273,85.1868
844120,Muzaffarpur,Bihar,26.0129,85.3291
844121,Vaishali,Bihar,25.6916,85.2113
844122,Vaishali,Bihar,25.8267,85.3915
844123,Vaishali,Bihar,25.9019,85.2506
844124,Vaishali,Bihar,25.7410,85.3361
844125,Vaishali,Bihar,25.7395,85.2583
844126,Vaishali,Bihar,25.7996,85.4614
844127,Muzaffarpur,Bihar,26.0436,85.3498
844128,Vaishali,Bihar,25.6737,85.3656
844501,Vaishali,Bihar,25.6737,85.3656
844502,Vaishali,Bihar,25.6861,85.3125
844503,Vaishali,Bihar,25.6532,85.3222
844504,Vaishali,Bihar,25.6672,85.4071
844505,Vaishali,Bihar,26.0038,85.0818
844506,Vaishali,Bihar,25.6440,85.4299
844507,Vaishali,Bihar,25.6545,85.4942
844508,Vaishali,Bihar,25.5686,85.3444
844509,Vaishali,Bihar,25.6595,85.4626
845101,Pashchim Champaran,Bihar,27.0965,84.1976
845103,Pashchim Champaran,Bihar,27.1011,84.3292
845104,Pashchim Champaran,Bihar,26.9082,84.1681
845105,Pashchim Champaran,Bihar,27.1749,84.1072
845106,Pashchim Champaran,Bihar,27.2260,84.2911
845107,Pashchim Champaran,Bihar,,
845301,Purbi Champaran,Bihar,26.3565,85.2365
845302,Purbi Champaran,Bihar,26.8265,85.0056
845303,Purbi Champaran,Bihar,26.8195,85.1320
845304,Purbi Champaran,Bihar,26.7438,85.1354
845305,Purbi Champaran,Bihar,26.9556,84.6653
845306,Pashchim Champaran,Bihar,27.1452,84.6453
845307,Pashchim Champaran,Bihar,27.0076,84.6322
845315,Purbi Champaran,Bihar,26.7346,85.0444
845401,Purbi Champaran,Bihar,26.6248,85.1306
845406,Purbi Champaran,Bihar,26.3659,84.9017
845411,Purbi Champaran,Bihar,26.4517,84.5650
845412,Purbi Champaran,Bihar,26.5376,84.5981
845413,Purbi Champaran,Bihar,26.3698,85.2536
845414,Purbi Champaran,Bihar,26.6472,84.9032
845415,Purbi Champaran,Bihar,26.5741,84.8463
845416,Purbi Champaran,Bihar,26.5780,84.9923
845417,Purbi Champaran,Bihar,26.8570,84.8670
845418,Purbi Champaran,Bihar,26.6912,85.1686
845419,Purbi Champaran,Bihar,26.4952,84.6158
845420,Purbi Champaran,Bihar,26.4548,85.1270
845422,Purbi Champaran,Bihar,26.6356,84.7005
845423,Purbi Champaran,Bihar,26.3828,84.7626
845424,Purbi Champaran,Bihar,26.3051,84.8756
845425,Purbi Champaran,Bihar,26.5397,84.5565
845426,Purbi Champaran,Bihar,26.3626,85.1376
845427,Purbi Champaran,Bihar,26.5463,85.2205
845428,Purbi Champaran,Bihar,26.3656,84.7512
845429,Purbi Champaran,Bihar,26.5295,84.8523
845430,Purbi Champaran,Bihar,26.5154,85.1544
845431,Purbi Champaran,Bihar,26.7752,84.9193
845432,Purbi Champaran,Bihar,26.3846,84.9088
845433,Purbi Champaran,Bihar,26.8562,84.7853
845434,Purbi Champaran,Bihar,26.4540,84.7421
845435,Purbi Champaran,Bihar,26.7146,84.8256
845436,Purbi Champaran,Bihar,26.3995,85.2411
845437,Purbi Champaran,Bihar,26.6350,84.7952
845438,Pashchim Champaran,Bihar,26.7885,84.4943
845440,Purbi Champaran,Bihar,26.8978,84.7000
845449,Pashchim Champaran,Bihar,26.9669,84.5385
845450,Pashchim Champaran,Bihar,26.8838,84.4973
845451,Pashchim Champaran,Bihar,27.1292,84.4999
845452,Pashchim Champaran,Bihar,26.8614,84.3624
845453,Pashchim Champaran,Bihar,27.0180,84.3811
845454,Pashchim Champaran,Bihar,26.8176,84.6241
845455,Pashchim Champaran,Bihar,27.1617,84.4356
845456,Purbi Champaran,Bihar,26.7587,84.7641
845457,Purbi Champaran,Bihar,26.5594,85.1554
845458,Purbi Champaran,Bihar,26.5944,84.5537
845459,Pashchim Champaran,Bihar,26.7092,84.5345
846001,Darbhanga,Bihar,26.1195,85.9046
846002,Darbhanga,Bihar,25.8012,85.9166
846003,Darbhanga,Bihar,26.1271,85.9018
846004,Darbhanga,Bihar,26.1588,85.8920
846005,Darbhanga,Bihar,26.1492,85.8906
846006,Darbhanga,Bihar,26.1581,85.8869
846007,Darbhanga,Bihar,26.0054,85.9035
846008,Darbhanga,Bihar,26.1645,85.8975
846009,Darbhanga,Bihar,26.1074,86.0165
847101,Darbhanga,Bihar,25.7494,85.6515
847102,Madhubani,Bihar,26.4526,86.0737
847103,Darbhanga,Bihar,25.9708,86.1533
847104,Darbhanga,Bihar,25.7749,85.7626
847105,Darbhanga,Bihar,25.9142,85.7646
847106,Darbhanga,Bihar,26.1947,85.8456
847107,Darbhanga,Bihar,25.9822,86.1400
847108,Madhubani,Bihar,26.3591,86.1359
847109,Madhubani,Bihar,26.3532,86.0830
847115,Darbhanga,Bihar,26.1870,85.9956
847121,Darbhanga,Bihar,25.7406,86.1225
847122,Madhubani,Bihar,26.1562,85.8929
847123,Darbhanga,Bihar,26.0017,85.9476
847201,Darbhanga,Bihar,25.9899,86.0994
847202,Darbhanga,Bihar,25.9798,86.1262
847203,Darbhanga,Bihar,25.9100,86.1691
847204,Darbhanga,Bihar,26.1796,85.9996
847211,Madhubani,Bihar,26.3460,86.0715
847212,Madhubani,Bihar,26.3342,86.2284
847213,Madhubani,Bihar,26.3624,86.2100
847214,Madhubani,Bihar,26.3840,86.1964
847215,Madhubani,Bihar,26.3146,86.1607
847222,Madhubani,Bihar,26.3976,86.0784
847223,Madhubani,Bihar,26.3071,86.0836
847224,Madhubani,Bihar,26.4332,86.1739
847225,Madhubani,Bihar,26.3873,86.3731
847226,Madhubani,Bihar,26.4284,86.1271
847227,Madhubani,Bihar,26.4594,86.1370
847228,Madhubani,Bihar,26.3873,86.1563
847229,Madhubani,Bihar,26.3939,86.1523
847230,Madhubani,Bihar,26.3591,86.1878
847231,Madhubani,Bihar,26.3469,86.1359
847232,Madhubani,Bihar,26.3491,86.1701
847233,Darbhanga,Bihar,26.0124,86.0544
847234,Madhubani,Bihar,26.4379,86.2933
847235,Madhubani,Bihar,26.3741,86.2149
847236,Madhubani,Bihar,26.3323,86.0830
847238,Madhubani,Bihar,26.3070,86.0504
847239,Madhubani,Bihar,26.4466,86.0717
847240,Madhubani,Bihar,26.3561,86.0774
847301,Darbhanga,Bihar,25.7712,86.1776
847302,Darbhanga,Bihar,26.0758,85.9146
847303,Darbhanga,Bihar,26.1829,86.1705
847304,Darbhanga,Bihar,25.8403,86.2118
847305,Madhubani,Bihar,26.4824,85.9647
847306,Darbhanga,Bihar,25.9792,85.8955
847307,Darbhanga,Bihar,26.1914,85.7417
847308,Madhubani,Bihar,26.3561,86.0774
847337,Darbhanga,Bihar,25.9068,86.2956
847401,Madhubani,Bihar,26.2674,86.2698
847402,Madhubani,Bihar,26.3710,86.0807
847403,Madhubani,Bihar,26.2674,86.2920
847404,Madhubani,Bihar,26.3590,86.1370
847405,Darbhanga,Bihar,26.0979,86.2553
847407,Darbhanga,Bihar,26.1887,86.0244
847408,Madhubani,Bihar,26.4288,86.1353
847409,Madhubani,Bihar,26.3532,86.0830
847410,Madhubani,Bihar,26.3472,86.1599
847411,Madhubani,Bihar,26.3472,86.0784
847421,Madhubani,Bihar,26.3976,86.3249
847422,Darbhanga,Bihar,25.9822,86.1000
847423,Darbhanga,Bihar,26.2414,86.1773
847424,Madhubani,Bihar,26.3132,86.2424
847427,Darbhanga,Bihar,25.9564,86.2284
847428,Darbhanga,Bihar,25.6053,85.9924
847429,Darbhanga,Bihar,26.1192,85.9047
847451,Supaul,Bihar,26.2899,86.8220
847452,Supaul,Bihar,26.1378,86.7532
848101,Samastipur,Bihar,25.8630,85.7810
848102,Samastipur,Bihar,25.8630,85.7810
848113,Samastipur,Bihar,25.8630,85.7810
848114,Samastipur,Bihar,25.8630,85.7810
848115,Samastipur,Bihar,25.8630,85.7810
848117,Samastipur,Bihar,25.8630,85.7810
848121,Samastipur,Bihar,25.8630,85.7810
848122,Samastipur,Bihar,25.8630,85.7810
848125,Samastipur,Bihar,25.8630,85.7810
848127,Samastipur,Bihar,25.8630,85.7810
848129,Samastipur,Bihar,25.8630,85.7810
848130,Samastipur,Bihar,25.8630,85.7810
848131,Samastipur,Bihar,25.8630,85.7810
848132,Samastipur,Bihar,25.8630,85.7810
848133,Samastipur,Bihar,25.8630,85.7810
848134,Samastipur,Bihar,25.8630,85.7810
848160,Samastipur,Bihar,25.8630,85.7810
848201,Begusarai,Bihar,25.4167,86.1294
848202,Begusarai,Bihar,25.4167,86.1294
848203,Khagaria,Bihar,25.5112,86.4769
848204,Begusarai,Bihar,25.4167,86.1294
848205,Samastipur,Bihar,25.8630,85.7810
848206,Samastipur,Bihar,25.8630,85.7810
848207,Samastipur,Bihar,25.8630,85.7810
848208,Samastipur,Bihar,25.8630,85.7810
848209,Samastipur,Bihar,25.8630,85.7810
848210,Samastipur,Bihar,25.8630,85.7810
848211,Samastipur,Bihar,25.8630,85.7810
848213,Darbhanga,Bihar,25.8630,85.7810
848216,Samastipur,Bihar,25.8630,85.7810
848236,Samastipur,Bihar,25.8630,85.7810
848301,Samastipur,Bihar,25.8630,85.7810
848302,Samastipur,Bihar,25.8630,85.7810
848501,Samastipur,Bihar,25.8630,85.7810
848502,Samastipur,Bihar,25.8630,85.7810
848503,Samastipur,Bihar,25.8630,85.7810
848504,Samastipur,Bihar,25.8630,85.7810
848505,Samastipur,Bihar,25.8630,85.7810
848506,Samastipur,Bihar,25.8630,85.7810
851101,Begusarai,Bihar,25.4167,86.1294
851111,Begusarai,Bihar,25.4167,86.1294
851112,Begusarai,Bihar,25.4421,86.0810
851113,Begusarai,Bihar,25.4167,86.1294
851114,Begusarai,Bihar,25.4167,86.1294
851115,Begusarai,Bihar,25.4167,86.1294
851116,Begusarai,Bihar,25.4167,86.1294
851117,Begusarai,Bihar,25.4167,86.1294
851118,Begusarai,Bihar,25.4167,86.1294
851120,Begusarai,Bihar,25.4167,86.1294
851126,Begusarai,Bihar,25.4167,86.1294
851127,Begusarai,Bihar,25.4167,86.1294
851128,Begusarai,Bihar,25.4167,86.1294
851129,Begusarai,Bihar,25.4167,86.1294
851130,Begusarai,Bihar,25.4167,86.1294
851131,Begusarai,Bihar,25.4167,86.1294
851132,Begusarai,Bihar,25.4167,86.1294
851133,Begusarai,Bihar,25.4167,86.1294
851134,Begusarai,Bihar,25.4208,86.1294
851135,Begusarai,Bihar,25.4167,86.1294
851201,Khagaria,Bihar,25.5112,86.4769
851202,Khagaria,Bihar,25.5112,86.4769
851203,Khagaria,Bihar,25.5112,86.4769
851204,Khagaria,Bihar,25.5112,86.4769
851205,Khagaria,Bihar,25.5112,86.4769
851206,Khagaria,Bihar,,
851210,Begusarai,Bihar,25.4167,86.1294
851211,Begusarai,Bihar,25.4167,86.1294
851212,Khagaria,Bihar,25.5112,86.4769
851213,Khagaria,Bihar,25.5112,86.4769
851214,Khagaria,Bihar,25.5112,86.4769
851215,Khagaria,Bihar,25.5112,86.4769
851216,Khagaria,Bihar,25.5112,86.4769
851217,Begusarai,Bihar,25.4167,86.1294
851218,Begusarai,Bihar,25.4167,86.1294
852101,Madhepura,Bihar,25.9287,86.7910
852105,Supaul,Bihar,26.1317,86.6107
852106,Saharsa,Bihar,25.8835,86.6006
852107,Saharsa,Bihar,25.8034,86.7806
852108,Supaul,Bihar,26.1573,86.7963
852109,Supaul,Bihar,26.1317,86.6107
852110,Supaul,Bihar,26.1317,86.6107
852111,Supaul,Bihar,26.1317,86.6107
852112,Madhepura,Bihar,25.9287,86.7910
852113,Madhepura,Bihar,25.9287,86.7910
852114,Madhepura,Bihar,25.9287,86.7910
852115,Madhepura,Bihar,25.9287,86.7910
852116,Madhepura,Bihar,25.9287,86.7910
852121,Madhepura,Bihar,25.9287,86.7910
852122,Madhepura,Bihar,25.9287,86.7910
852123,Saharsa,Bihar,25.8835,86.6006
852124,Saharsa,Bihar,25.8835,86.6006
852125,Supaul,Bihar,26.1317,86.6107
852126,Saharsa,Bihar,25.8835,86.6006
852127,Saharsa,Bihar,25.8835,86.6006
852128,Madhepura,Bihar,25.9287,86.7910
852129,Saharsa,Bihar,25.6990,86.6006
852130,Supaul,Bihar,26.1317,86.6107
852131,Supaul,Bihar,26.1317,86.6107
852132,Madhepura,Bihar,25.9287,86.7910
852133,Supaul,Bihar,26.1037,86.7944
852137,Supaul,Bihar,26.2221,87.0051
852138,Supaul,Bihar,26.2144,86.6583
852139,Supaul,Bihar,26.1317,86.6107
852161,Khagaria,Bihar,25.5112,86.4769
852201,Saharsa,Bihar,25.8841,86.5924
852202,Saharsa,Bihar,25.8835,86.6006
852212,Saharsa,Bihar,25.8841,86.6006
852213,Madhepura,Bihar,25.9287,86.7910
852214,Supaul,Bihar,26.1317,86.6107
852215,Supaul,Bihar,26.3006,86.8383
852216,Saharsa,Bihar,25.8835,86.4760
852217,Saharsa,Bihar,25.8835,86.6006
852218,Supaul,Bihar,26.1573,86.7963
852219,Madhepura,Bihar,25.9287,86.7910
852220,Madhepura,Bihar,25.6843,86.9474
852221,Saharsa,Bihar,25.8835,86.6006
853201,Bhagalpur,Bihar,25.3822,86.9385
853202,Bhagalpur,Bihar,25.2500,87.0828
853203,Bhagalpur,Bihar,25.3923,86.8766
853204,Bhagalpur,Bihar,25.3420,87.0712
853205,Bhagalpur,Bihar,25.2497,86.9870
854101,Katihar,Bihar,25.4502,87.2501
854102,Purnia,Bihar,25.8531,87.1953
854103,Katihar,Bihar,25.5375,87.5660
854104,Katihar,Bihar,25.7831,87.4432
854105,Katihar,Bihar,25.5374,87.5679
854106,Katihar,Bihar,25.4731,87.4324
854107,Katihar,Bihar,,
854108,Katihar,Bihar,25.5172,87.5314
854109,Katihar,Bihar,,
854112,Katihar,Bihar,,
854113,Katihar,Bihar,25.3633,87.6356
854114,Katihar,Bihar,,
854115,Katihar,Bihar,25.7916,87.4579
854116,Katihar,Bihar,25.5442,87.5698
854117,Katihar,Bihar,,
854201,Purnia,Bihar,25.7771,87.4753
854202,Purnia,Bihar,25.7771,87.4753
854203,Purnia,Bihar,25.7743,87.4625
854204,Purnia,Bihar,25.7295,87.1853
854205,Purnia,Bihar,25.7390,87.2183
854301,Purnia,Bihar,25.7723,87.4731
854302,Purnia,Bihar,25.7775,87.4951
854303,Purnia,Bihar,25.7468,87.4431
854304,Purnia,Bihar,25.7771,87.4616
854305,Purnia,Bihar,25.7807,87.5124
854306,Purnia,Bihar,25.7844,87.4753
854311,Araria,Bihar,26.1338,87.4668
854312,Araria,Bihar,26.0853,87.3935
854315,Purnia,Bihar,25.8728,87.7000
854316,Araria,Bihar,26.3325,87.2407
854317,Katihar,Bihar,25.5375,87.5660
854318,Araria,Bihar,26.1807,87.3039
854325,Araria,Bihar,26.0083,87.5569
854326,Purnia,Bihar,25.7771,87.5185
854327,Purnia,Bihar,25.9799,87.5841
854328,Araria,Bihar,26.0706,87.3760
854329,Araria,Bihar,26.1186,87.6063
854330,Purnia,Bihar,25.8423,87.4777
854331,Araria,Bihar,26.2969,87.4398
854332,Araria,Bihar,26.3925,87.5025
854333,Araria,Bihar,26.2034,87.5121
854334,Araria,Bihar,26.0861,87.2650
854335,Araria,Bihar,26.2457,87.1371
854336,Araria,Bihar,26.4110,87.1099
854337,Purnia,Bihar,25.7090,87.5569
854338,Supaul,Bihar,26.1317,86.6107
854339,Supaul,Bihar,26.1317,86.6107
854340,Supaul,Bihar,26.1317,86.6107
855101,Kishanganj,Bihar,26.3128,87.7581
855102,Katihar,Bihar,25.5374,87.5660
855105,Katihar,Bihar,25.3930,87.1940
855106,Kishanganj,Bihar,,
855107,Kishanganj,Bihar,26.3128,87.7581
855108,Kishanganj,Bihar,26.1070,87.9567
855113,Katihar,Bihar,25.3215,87.3357
855114,Katihar,Bihar,25.5375,87.5660
855115,Kishanganj,Bihar,,
855116,Kishanganj,Bihar,26.4199,88.1317
855117,Kishanganj,Bihar,,
900056,Kushi Nagar,Uttar Pradesh,,
900099,Kolkata,West Bengal,22.5728,88.3475
999999,Nizamabad,Telangana,,
